"Stadium","Year","Spectator Count","Duration of Game","Stadium Capacity","Capacity Percentage"
"American Family Field",2021,38597,169,41900,92.12
"American Family Field",2023,33089,165,41900,78.97
"American Family Field",2022,25671,169,41900,61.27
"American Family Field",2021,30063,186,41900,71.75
"American Family Field",2024,36017,165,41900,85.96
"American Family Field",2023,27318,163,41900,65.2
"American Family Field",2023,22320,151,41900,53.27
"American Family Field",2021,20126,214,41900,48.03
"American Family Field",2021,24844,170,41900,59.29
"American Family Field",2024,34028,170,41900,81.21
"American Family Field",2024,37518,138,41900,89.54
"American Family Field",2023,24900,164,41900,59.43
"American Family Field",2023,27048,151,41900,64.55
"American Family Field",2021,28656,180,41900,68.39
"American Family Field",2022,20790,175,41900,49.62
"American Family Field",2023,26466,148,41900,63.16
"American Family Field",2024,39637,151,41900,94.6
"American Family Field",2022,34768,190,41900,82.98
"American Family Field",2023,31965,143,41900,76.29
"American Family Field",2023,36528,187,41900,87.18
"American Family Field",2023,38688,153,41900,92.33
"American Family Field",2024,26695,152,41900,63.71
"American Family Field",2022,37376,163,41900,89.2
"American Family Field",2023,27551,193,41900,65.75
"American Family Field",2023,22535,200,41900,53.78
"American Family Field",2023,33366,175,41900,79.63
"American Family Field",2023,30657,180,41900,73.17
"American Family Field",2021,17127,198,41900,40.88
"American Family Field",2021,12058,217,41900,28.78
"American Family Field",2021,29635,177,41900,70.73
"American Family Field",2021,20545,189,41900,49.03
"American Family Field",2021,10595,235,41900,25.29
"American Family Field",2022,34837,193,41900,83.14
"American Family Field",2021,10621,165,41900,25.35
"American Family Field",2021,25016,189,41900,59.7
"American Family Field",2022,27986,186,41900,66.79
"American Family Field",2022,19611,182,41900,46.8
"American Family Field",2022,28910,194,41900,69
"American Family Field",2022,32166,196,41900,76.77
"American Family Field",2024,37111,170,41900,88.57
"American Family Field",2024,35068,162,41900,83.69
"American Family Field",2022,36011,249,41900,85.95
"American Family Field",2021,11740,254,41900,28.02
"American Family Field",2021,35388,196,41900,84.46
"American Family Field",2023,23201,145,41900,55.37
"American Family Field",2023,35428,149,41900,84.55
"American Family Field",2021,24819,226,41900,59.23
"American Family Field",2024,41676,160,41900,99.47
"American Family Field",2022,21715,185,41900,51.83
"American Family Field",2024,27294,154,41900,65.14
"American Family Field",2022,27109,180,41900,64.7
"American Family Field",2023,32848,124,41900,78.4
"American Family Field",2022,28100,166,41900,67.06
"American Family Field",2022,21451,200,41900,51.2
"American Family Field",2024,37742,154,41900,90.08
"American Family Field",2022,25204,167,41900,60.15
"American Family Field",2022,35503,171,41900,84.73
"American Family Field",2024,25031,147,41900,59.74
"American Family Field",2022,29341,193,41900,70.03
"American Family Field",2024,30931,182,41900,73.82
"American Family Field",2022,25240,196,41900,60.24
"American Family Field",2022,35964,226,41900,85.83
"American Family Field",2023,31256,161,41900,74.6
"American Family Field",2022,25194,170,41900,60.13
"American Family Field",2022,26319,199,41900,62.81
"American Family Field",2024,33996,185,41900,81.14
"American Family Field",2022,26356,175,41900,62.9
"American Family Field",2023,39216,183,41900,93.59
"American Family Field",2021,11025,187,41900,26.31
"American Family Field",2021,32573,220,41900,77.74
"American Family Field",2024,39298,144,41900,93.79
"American Family Field",2021,12038,162,41900,28.73
"American Family Field",2024,32123,176,41900,76.67
"American Family Field",2022,21186,181,41900,50.56
"American Family Field",2021,28483,225,41900,67.98
"American Family Field",2021,16044,225,41900,38.29
"American Family Field",2021,10666,209,41900,25.46
"American Family Field",2024,41731,175,41900,99.6
"American Family Field",2022,33549,196,41900,80.07
"American Family Field",2022,30686,208,41900,73.24
"American Family Field",2023,23874,173,41900,56.98
"American Family Field",2022,18612,199,41900,44.42
"American Family Field",2024,36865,164,41900,87.98
"American Family Field",2024,28698,134,41900,68.49
"American Family Field",2022,23009,212,41900,54.91
"American Family Field",2024,25093,157,41900,59.89
"American Family Field",2023,35157,187,41900,83.91
"American Family Field",2021,33507,233,41900,79.97
"American Family Field",2023,25847,147,41900,61.69
"American Family Field",2023,31397,165,41900,74.93
"American Family Field",2024,24381,133,41900,58.19
"American Family Field",2022,26874,190,41900,64.14
"American Family Field",2024,24521,124,41900,58.52
"American Family Field",2024,34483,127,41900,82.3
"American Family Field",2022,29062,195,41900,69.36
"American Family Field",2023,37283,134,41900,88.98
"American Family Field",2021,33625,215,41900,80.25
"American Family Field",2022,32285,210,41900,77.05
"American Family Field",2023,19412,137,41900,46.33
"American Family Field",2021,11967,189,41900,28.56
"American Family Field",2022,25413,226,41900,60.65
"American Family Field",2022,29353,170,41900,70.05
"American Family Field",2024,28810,148,41900,68.76
"American Family Field",2021,36887,193,41900,88.04
"American Family Field",2023,36755,146,41900,87.72
"American Family Field",2021,13478,184,41900,32.17
"American Family Field",2021,12130,191,41900,28.95
"American Family Field",2023,38605,155,41900,92.14
"American Family Field",2023,30347,162,41900,72.43
"American Family Field",2021,33439,146,41900,79.81
"American Family Field",2023,35253,181,41900,84.14
"American Family Field",2023,26529,153,41900,63.32
"American Family Field",2021,32135,228,41900,76.69
"American Family Field",2024,32946,166,41900,78.63
"American Family Field",2023,31363,199,41900,74.85
"American Family Field",2022,28596,210,41900,68.25
"American Family Field",2022,27306,241,41900,65.17
"American Family Field",2023,43209,176,41900,103.12
"American Family Field",2021,10620,195,41900,25.35
"American Family Field",2024,30128,161,41900,71.9
"American Family Field",2023,18387,165,41900,43.88
"American Family Field",2024,27924,178,41900,66.64
"American Family Field",2024,26422,156,41900,63.06
"American Family Field",2023,38073,148,41900,90.87
"American Family Field",2021,32034,198,41900,76.45
"American Family Field",2021,16584,195,41900,39.58
"American Family Field",2023,24759,144,41900,59.09
"American Family Field",2024,35522,145,41900,84.78
"American Family Field",2023,25930,158,41900,61.89
"American Family Field",2023,42017,157,41900,100.28
"American Family Field",2021,33250,188,41900,79.36
"American Family Field",2022,21512,164,41900,51.34
"American Family Field",2023,24924,160,41900,59.48
"American Family Field",2021,22955,185,41900,54.79
"American Family Field",2021,13572,231,41900,32.39
"American Family Field",2024,42015,147,41900,100.27
"American Family Field",2023,29185,143,41900,69.65
"American Family Field",2024,18305,187,41900,43.69
"American Family Field",2023,39945,151,41900,95.33
"American Family Field",2021,32714,180,41900,78.08
"American Family Field",2024,36171,170,41900,86.33
"American Family Field",2024,23035,167,41900,54.98
"American Family Field",2023,30970,177,41900,73.91
"American Family Field",2023,25365,167,41900,60.54
"American Family Field",2022,33660,162,41900,80.33
"American Family Field",2022,25880,151,41900,61.77
"American Family Field",2021,12139,288,41900,28.97
"American Family Field",2021,20088,176,41900,47.94
"American Family Field",2022,27084,192,41900,64.64
"American Family Field",2023,37698,152,41900,89.97
"American Family Field",2023,42946,143,41900,102.5
"American Family Field",2021,24423,220,41900,58.29
"American Family Field",2024,29174,154,41900,69.63
"American Family Field",2023,33188,164,41900,79.21
"American Family Field",2023,39124,184,41900,93.37
"American Family Field",2022,39822,183,41900,95.04
"American Family Field",2023,33144,150,41900,79.1
"American Family Field",2021,22948,196,41900,54.77
"American Family Field",2021,23563,210,41900,56.24
"American Family Field",2021,28003,196,41900,66.83
"American Family Field",2022,29471,181,41900,70.34
"American Family Field",2023,36212,189,41900,86.42
"American Family Field",2021,11564,184,41900,27.6
"American Family Field",2022,30644,183,41900,73.14
"American Family Field",2021,31140,261,41900,74.32
"American Family Field",2022,42794,184,41900,102.13
"American Family Field",2024,19532,147,41900,46.62
"American Family Field",2022,21961,190,41900,52.41
"American Family Field",2023,42652,182,41900,101.79
"American Family Field",2022,37263,183,41900,88.93
"American Family Field",2024,31084,179,41900,74.19
"American Family Field",2022,24764,163,41900,59.1
"American Family Field",2024,35295,201,41900,84.24
"American Family Field",2022,35384,194,41900,84.45
"American Family Field",2024,34169,180,41900,81.55
"American Family Field",2021,20140,191,41900,48.07
"American Family Field",2023,34581,167,41900,82.53
"American Family Field",2022,30019,183,41900,71.64
"American Family Field",2023,32519,154,41900,77.61
"American Family Field",2024,33754,154,41900,80.56
"American Family Field",2024,30442,149,41900,72.65
"American Family Field",2021,11772,227,41900,28.1
"American Family Field",2024,40447,161,41900,96.53
"American Family Field",2022,31945,148,41900,76.24
"American Family Field",2022,30208,193,41900,72.1
"American Family Field",2021,36938,258,41900,88.16
"American Family Field",2022,37403,178,41900,89.27
"American Family Field",2024,20027,175,41900,47.8
"American Family Field",2021,11383,166,41900,27.17
"American Family Field",2022,31694,193,41900,75.64
"American Family Field",2023,25586,155,41900,61.06
"American Family Field",2024,30104,151,41900,71.85
"American Family Field",2021,17678,202,41900,42.19
"American Family Field",2024,25573,156,41900,61.03
"American Family Field",2024,42658,141,41900,101.81
"American Family Field",2023,39707,152,41900,94.77
"American Family Field",2023,35173,172,41900,83.95
"American Family Field",2022,33239,194,41900,79.33
"American Family Field",2024,30444,157,41900,72.66
"American Family Field",2023,22847,138,41900,54.53
"American Family Field",2022,35137,163,41900,83.86
"American Family Field",2024,33618,149,41900,80.23
"American Family Field",2022,35784,210,41900,85.4
"American Family Field",2023,26939,182,41900,64.29
"American Family Field",2023,38596,129,41900,92.11
"American Family Field",2021,23917,189,41900,57.08
"American Family Field",2021,32193,227,41900,76.83
"American Family Field",2023,35766,163,41900,85.36
"American Family Field",2023,28459,165,41900,67.92
"American Family Field",2023,22583,161,41900,53.9
"American Family Field",2024,33603,136,41900,80.2
"American Family Field",2021,16344,174,41900,39.01
"American Family Field",2024,30048,161,41900,71.71
"American Family Field",2022,29609,166,41900,70.67
"American Family Field",2023,27701,169,41900,66.11
"American Family Field",2022,42482,185,41900,101.39
"American Family Field",2023,35250,179,41900,84.13
"American Family Field",2024,24076,189,41900,57.46
"American Family Field",2022,40063,227,41900,95.62
"American Family Field",2021,23987,204,41900,57.25
"American Family Field",2023,38164,210,41900,91.08
"American Family Field",2022,32550,181,41900,77.68
"American Family Field",2022,32948,232,41900,78.63
"American Family Field",2024,18396,173,41900,43.9
"American Family Field",2021,13566,186,41900,32.38
"American Family Field",2021,10554,211,41900,25.19
"American Family Field",2022,23122,188,41900,55.18
"American Family Field",2022,30030,166,41900,71.67
"American Family Field",2023,23062,156,41900,55.04
"American Family Field",2022,32967,211,41900,78.68
"American Family Field",2022,41210,176,41900,98.35
"American Family Field",2022,23019,188,41900,54.94
"American Family Field",2021,10749,200,41900,25.65
"American Family Field",2024,30346,156,41900,72.42
"American Family Field",2024,20034,173,41900,47.81
"American Family Field",2022,23001,231,41900,54.89
"American Family Field",2023,33557,150,41900,80.09
"American Family Field",2024,41620,165,41900,99.33
"American Family Field",2021,30192,201,41900,72.06
"American Family Field",2023,24251,155,41900,57.88
"American Family Field",2024,32848,142,41900,78.4
"American Family Field",2022,36465,257,41900,87.03
"American Family Field",2023,24536,166,41900,58.56
"American Family Field",2024,21124,167,41900,50.42
"American Family Field",2021,34155,266,41900,81.52
"American Family Field",2023,24257,147,41900,57.89
"American Family Field",2022,27014,243,41900,64.47
"American Family Field",2021,20117,184,41900,48.01
"American Family Field",2023,24787,134,41900,59.16
"American Family Field",2023,30112,131,41900,71.87
"American Family Field",2022,35914,207,41900,85.71
"American Family Field",2021,12044,164,41900,28.74
"American Family Field",2024,20027,193,41900,47.8
"American Family Field",2021,41686,190,41900,99.49
"American Family Field",2024,36743,140,41900,87.69
"American Family Field",2021,30251,223,41900,72.2
"American Family Field",2024,41659,144,41900,99.42
"American Family Field",2022,40901,184,41900,97.62
"American Family Field",2022,39035,204,41900,93.16
"American Family Field",2021,30475,204,41900,72.73
"American Family Field",2024,33219,153,41900,79.28
"American Family Field",2022,18765,163,41900,44.79
"American Family Field",2022,30561,183,41900,72.94
"American Family Field",2021,33845,248,41900,80.78
"American Family Field",2021,24902,246,41900,59.43
"American Family Field",2022,41981,209,41900,100.19
"American Family Field",2024,37612,214,41900,89.77
"American Family Field",2021,14524,192,41900,34.66
"American Family Field",2023,28262,129,41900,67.45
"American Family Field",2024,32314,191,41900,77.12
"American Family Field",2024,30059,160,41900,71.74
"American Family Field",2024,30920,134,41900,73.79
"American Family Field",2023,39269,153,41900,93.72
"American Family Field",2024,40049,154,41900,95.58
"American Family Field",2023,21792,140,41900,52.01
"American Family Field",2021,27998,189,41900,66.82
"American Family Field",2024,24354,172,41900,58.12
"American Family Field",2021,24715,188,41900,58.99
"American Family Field",2022,22747,149,41900,54.29
"American Family Field",2023,31285,163,41900,74.67
"American Family Field",2021,28291,163,41900,67.52
"American Family Field",2024,25253,157,41900,60.27
"American Family Field",2022,33357,284,41900,79.61
"American Family Field",2023,41133,195,41900,98.17
"American Family Field",2024,38419,131,41900,91.69
"American Family Field",2024,23247,163,41900,55.48
"American Family Field",2022,32696,193,41900,78.03
"American Family Field",2021,30804,211,41900,73.52
"American Family Field",2021,43430,204,41900,103.65
"American Family Field",2022,34615,154,41900,82.61
"American Family Field",2021,20073,192,41900,47.91
"American Family Field",2021,10226,187,41900,24.41
"American Family Field",2022,30259,169,41900,72.22
"American Family Field",2022,28835,211,41900,68.82
"American Family Field",2021,12392,189,41900,29.58
"American Family Field",2021,34213,226,41900,81.65
"American Family Field",2024,17854,187,41900,42.61
"American Family Field",2024,41882,137,41900,99.96
"American Family Field",2021,11209,184,41900,26.75
"American Family Field",2024,42238,153,41900,100.81
"American Family Field",2024,31967,161,41900,76.29
"American Family Field",2021,20654,209,41900,49.29
"American Family Field",2023,29216,172,41900,69.73
"American Family Field",2023,35438,177,41900,84.58
"American Family Field",2024,32810,167,41900,78.31
"American Family Field",2024,26582,145,41900,63.44
"American Family Field",2023,43077,152,41900,102.81
"American Family Field",2022,31053,252,41900,74.11
"American Family Field",2024,28713,168,41900,68.53
"American Family Field",2021,27452,176,41900,65.52
"American Family Field",2024,38639,123,41900,92.22
"American Family Field",2024,20132,151,41900,48.05
"American Family Field",2021,12130,203,41900,28.95
"American Family Field",2023,31865,195,41900,76.05
"American Family Field",2024,30892,135,41900,73.73
"American Family Field",2023,33473,161,41900,79.89
"American Family Field",2021,10598,186,41900,25.29
"American Family Field",2024,20395,151,41900,48.68
"American Family Field",2023,24976,158,41900,59.61
"American Family Field",2024,35040,154,41900,83.63
"American Family Field",2024,36552,163,41900,87.24
"American Family Field",2023,39198,163,41900,93.55
"American Family Field",2021,15261,160,41900,36.42
"Angel Stadium",2021,12043,184,45517,26.46
"Angel Stadium",2021,9169,196,45517,20.14
"Angel Stadium",2021,23207,163,45517,50.99
"Angel Stadium",2021,23561,206,45517,51.76
"Angel Stadium",2024,18748,134,45517,41.19
"Angel Stadium",2022,24929,163,45517,54.77
"Angel Stadium",2022,44537,180,45517,97.85
"Angel Stadium",2021,21597,188,45517,47.45
"Angel Stadium",2022,23849,207,45517,52.4
"Angel Stadium",2021,15294,206,45517,33.6
"Angel Stadium",2021,12833,237,45517,28.19
"Angel Stadium",2023,28179,157,45517,61.91
"Angel Stadium",2022,20480,162,45517,44.99
"Angel Stadium",2024,42703,193,45517,93.82
"Angel Stadium",2023,38454,182,45517,84.48
"Angel Stadium",2023,38850,191,45517,85.35
"Angel Stadium",2023,36980,155,45517,81.24
"Angel Stadium",2021,27150,186,45517,59.65
"Angel Stadium",2023,26976,157,45517,59.27
"Angel Stadium",2022,20294,184,45517,44.59
"Angel Stadium",2024,34894,145,45517,76.66
"Angel Stadium",2022,26587,189,45517,58.41
"Angel Stadium",2024,19557,177,45517,42.97
"Angel Stadium",2023,32333,138,45517,71.03
"Angel Stadium",2023,44703,145,45517,98.21
"Angel Stadium",2022,23791,150,45517,52.27
"Angel Stadium",2022,23979,196,45517,52.68
"Angel Stadium",2024,34253,156,45517,75.25
"Angel Stadium",2022,42719,224,45517,93.85
"Angel Stadium",2021,15151,182,45517,33.29
"Angel Stadium",2021,15154,201,45517,33.29
"Angel Stadium",2022,37480,209,45517,82.34
"Angel Stadium",2024,38917,176,45517,85.5
"Angel Stadium",2024,33947,149,45517,74.58
"Angel Stadium",2022,26041,170,45517,57.21
"Angel Stadium",2024,37618,160,45517,82.65
"Angel Stadium",2021,8152,209,45517,17.91
"Angel Stadium",2022,32968,184,45517,72.43
"Angel Stadium",2022,44728,187,45517,98.27
"Angel Stadium",2023,29960,174,45517,65.82
"Angel Stadium",2024,39370,156,45517,86.5
"Angel Stadium",2022,36139,182,45517,79.4
"Angel Stadium",2022,20002,181,45517,43.94
"Angel Stadium",2022,29395,152,45517,64.58
"Angel Stadium",2022,21973,162,45517,48.27
"Angel Stadium",2024,33755,143,45517,74.16
"Angel Stadium",2024,44485,162,45517,97.73
"Angel Stadium",2022,22950,169,45517,50.42
"Angel Stadium",2024,44714,191,45517,98.24
"Angel Stadium",2023,36016,131,45517,79.13
"Angel Stadium",2021,15071,180,45517,33.11
"Angel Stadium",2022,23573,203,45517,51.79
"Angel Stadium",2022,15594,188,45517,34.26
"Angel Stadium",2021,9527,203,45517,20.93
"Angel Stadium",2021,10474,173,45517,23.01
"Angel Stadium",2021,27121,215,45517,59.58
"Angel Stadium",2023,23814,205,45517,52.32
"Angel Stadium",2021,23434,200,45517,51.48
"Angel Stadium",2021,12544,172,45517,27.56
"Angel Stadium",2022,36408,201,45517,79.99
"Angel Stadium",2024,26015,157,45517,57.15
"Angel Stadium",2024,27340,125,45517,60.07
"Angel Stadium",2023,37240,166,45517,81.82
"Angel Stadium",2024,35145,141,45517,77.21
"Angel Stadium",2024,29126,158,45517,63.99
"Angel Stadium",2021,15316,185,45517,33.65
"Angel Stadium",2024,38217,168,45517,83.96
"Angel Stadium",2023,41641,186,45517,91.48
"Angel Stadium",2022,27803,225,45517,61.08
"Angel Stadium",2022,41984,222,45517,92.24
"Angel Stadium",2021,18918,199,45517,41.56
"Angel Stadium",2022,31293,187,45517,68.75
"Angel Stadium",2023,29167,141,45517,64.08
"Angel Stadium",2024,35061,162,45517,77.03
"Angel Stadium",2024,28483,142,45517,62.58
"Angel Stadium",2023,40309,155,45517,88.56
"Angel Stadium",2022,28595,189,45517,62.82
"Angel Stadium",2022,43555,163,45517,95.69
"Angel Stadium",2022,18826,155,45517,41.36
"Angel Stadium",2023,39405,175,45517,86.57
"Angel Stadium",2024,27016,168,45517,59.35
"Angel Stadium",2023,31974,156,45517,70.25
"Angel Stadium",2024,36102,142,45517,79.32
"Angel Stadium",2023,33803,172,45517,74.26
"Angel Stadium",2021,28927,200,45517,63.55
"Angel Stadium",2021,14624,195,45517,32.13
"Angel Stadium",2023,29018,136,45517,63.75
"Angel Stadium",2022,22920,153,45517,50.35
"Angel Stadium",2023,44741,123,45517,98.3
"Angel Stadium",2023,37701,157,45517,82.83
"Angel Stadium",2024,38955,181,45517,85.58
"Angel Stadium",2022,44723,195,45517,98.26
"Angel Stadium",2022,40042,169,45517,87.97
"Angel Stadium",2024,16600,152,45517,36.47
"Angel Stadium",2024,27335,158,45517,60.05
"Angel Stadium",2021,8840,183,45517,19.42
"Angel Stadium",2023,35318,171,45517,77.59
"Angel Stadium",2022,32472,147,45517,71.34
"Angel Stadium",2023,44472,160,45517,97.7
"Angel Stadium",2023,32582,170,45517,71.58
"Angel Stadium",2023,19557,160,45517,42.97
"Angel Stadium",2022,19518,173,45517,42.88
"Angel Stadium",2022,23096,206,45517,50.74
"Angel Stadium",2022,28557,192,45517,62.74
"Angel Stadium",2021,13428,188,45517,29.5
"Angel Stadium",2021,20001,175,45517,43.94
"Angel Stadium",2023,24524,150,45517,53.88
"Angel Stadium",2023,36064,170,45517,79.23
"Angel Stadium",2022,35538,168,45517,78.08
"Angel Stadium",2022,27515,165,45517,60.45
"Angel Stadium",2021,9714,206,45517,21.34
"Angel Stadium",2023,28554,137,45517,62.73
"Angel Stadium",2022,19374,194,45517,42.56
"Angel Stadium",2021,18631,194,45517,40.93
"Angel Stadium",2022,39313,139,45517,86.37
"Angel Stadium",2023,34209,178,45517,75.16
"Angel Stadium",2024,20271,166,45517,44.54
"Angel Stadium",2021,12396,236,45517,27.23
"Angel Stadium",2023,37523,211,45517,82.44
"Angel Stadium",2021,16365,218,45517,35.95
"Angel Stadium",2022,34005,225,45517,74.71
"Angel Stadium",2021,15274,243,45517,33.56
"Angel Stadium",2023,27309,154,45517,60
"Angel Stadium",2021,23981,171,45517,52.69
"Angel Stadium",2024,28722,149,45517,63.1
"Angel Stadium",2024,37811,166,45517,83.07
"Angel Stadium",2022,43883,191,45517,96.41
"Angel Stadium",2023,37409,168,45517,82.19
"Angel Stadium",2022,28179,163,45517,61.91
"Angel Stadium",2021,22697,141,45517,49.86
"Angel Stadium",2022,29257,176,45517,64.28
"Angel Stadium",2023,17780,142,45517,39.06
"Angel Stadium",2021,9481,182,45517,20.83
"Angel Stadium",2023,37822,156,45517,83.09
"Angel Stadium",2022,21045,197,45517,46.24
"Angel Stadium",2022,23099,142,45517,50.75
"Angel Stadium",2022,27627,236,45517,60.7
"Angel Stadium",2024,39559,170,45517,86.91
"Angel Stadium",2022,44641,185,45517,98.08
"Angel Stadium",2022,29718,167,45517,65.29
"Angel Stadium",2021,19281,182,45517,42.36
"Angel Stadium",2024,31240,157,45517,68.63
"Angel Stadium",2023,20420,158,45517,44.86
"Angel Stadium",2024,25752,156,45517,56.58
"Angel Stadium",2024,26575,147,45517,58.38
"Angel Stadium",2024,25241,158,45517,55.45
"Angel Stadium",2023,35688,174,45517,78.41
"Angel Stadium",2022,30666,182,45517,67.37
"Angel Stadium",2024,36534,139,45517,80.26
"Angel Stadium",2023,44735,153,45517,98.28
"Angel Stadium",2024,34435,174,45517,75.65
"Angel Stadium",2022,34496,208,45517,75.79
"Angel Stadium",2021,22751,196,45517,49.98
"Angel Stadium",2024,39880,166,45517,87.62
"Angel Stadium",2023,24596,189,45517,54.04
"Angel Stadium",2024,44478,185,45517,97.72
"Angel Stadium",2021,14863,258,45517,32.65
"Angel Stadium",2022,16132,179,45517,35.44
"Angel Stadium",2022,20189,254,45517,44.35
"Angel Stadium",2022,35704,221,45517,78.44
"Angel Stadium",2022,15756,215,45517,34.62
"Angel Stadium",2024,44731,160,45517,98.27
"Angel Stadium",2023,27390,146,45517,60.18
"Angel Stadium",2022,44648,181,45517,98.09
"Angel Stadium",2023,31092,211,45517,68.31
"Angel Stadium",2021,10641,211,45517,23.38
"Angel Stadium",2021,13447,241,45517,29.54
"Angel Stadium",2024,41005,166,45517,90.09
"Angel Stadium",2023,33637,174,45517,73.9
"Angel Stadium",2024,28356,142,45517,62.3
"Angel Stadium",2023,26064,149,45517,57.26
"Angel Stadium",2022,32337,206,45517,71.04
"Angel Stadium",2021,28160,172,45517,61.87
"Angel Stadium",2021,22734,212,45517,49.95
"Angel Stadium",2023,34679,211,45517,76.19
"Angel Stadium",2024,41560,188,45517,91.31
"Angel Stadium",2021,10378,185,45517,22.8
"Angel Stadium",2024,26747,150,45517,58.76
"Angel Stadium",2021,18492,195,45517,40.63
"Angel Stadium",2021,10987,179,45517,24.14
"Angel Stadium",2021,19590,188,45517,43.04
"Angel Stadium",2022,19537,182,45517,42.92
"Angel Stadium",2021,18332,188,45517,40.28
"Angel Stadium",2021,11122,167,45517,24.43
"Angel Stadium",2022,41923,148,45517,92.1
"Angel Stadium",2022,25190,188,45517,55.34
"Angel Stadium",2024,36312,161,45517,79.78
"Angel Stadium",2021,36176,215,45517,79.48
"Angel Stadium",2022,31679,175,45517,69.6
"Angel Stadium",2024,24586,143,45517,54.01
"Angel Stadium",2022,43027,226,45517,94.53
"Angel Stadium",2021,9920,115,45517,21.79
"Angel Stadium",2024,31243,168,45517,68.64
"Angel Stadium",2024,23568,164,45517,51.78
"Angel Stadium",2021,16241,157,45517,35.68
"Angel Stadium",2024,30982,154,45517,68.07
"Angel Stadium",2024,37012,161,45517,81.31
"Angel Stadium",2024,26473,167,45517,58.16
"Angel Stadium",2021,22057,189,45517,48.46
"Angel Stadium",2022,41253,195,45517,90.63
"Angel Stadium",2021,22456,201,45517,49.34
"Angel Stadium",2021,16115,233,45517,35.4
"Angel Stadium",2024,43273,134,45517,95.07
"Angel Stadium",2022,36568,253,45517,80.34
"Angel Stadium",2024,20156,173,45517,44.28
"Angel Stadium",2024,26081,156,45517,57.3
"Angel Stadium",2023,42138,161,45517,92.58
"Angel Stadium",2022,28228,176,45517,62.02
"Angel Stadium",2024,25193,158,45517,55.35
"Angel Stadium",2021,28354,173,45517,62.29
"Angel Stadium",2024,21490,175,45517,47.21
"Angel Stadium",2023,22496,196,45517,49.42
"Angel Stadium",2023,34943,158,45517,76.77
"Angel Stadium",2024,36226,143,45517,79.59
"Angel Stadium",2021,25376,162,45517,55.75
"Angel Stadium",2021,16070,192,45517,35.31
"Angel Stadium",2024,25449,163,45517,55.91
"Angel Stadium",2022,39045,192,45517,85.78
"Angel Stadium",2022,22464,189,45517,49.35
"Angel Stadium",2023,29021,176,45517,63.76
"Angel Stadium",2023,34479,182,45517,75.75
"Angel Stadium",2024,36254,151,45517,79.65
"Angel Stadium",2021,38201,226,45517,83.93
"Angel Stadium",2024,23791,151,45517,52.27
"Angel Stadium",2024,23949,168,45517,52.62
"Angel Stadium",2022,42684,179,45517,93.78
"Angel Stadium",2023,26134,145,45517,57.42
"Angel Stadium",2022,22234,178,45517,48.85
"Angel Stadium",2022,27612,201,45517,60.66
"Angel Stadium",2022,32939,155,45517,72.37
"Angel Stadium",2021,9820,169,45517,21.57
"Angel Stadium",2024,29676,139,45517,65.2
"Angel Stadium",2021,3656,163,45517,8.03
"Angel Stadium",2023,27630,171,45517,60.7
"Angel Stadium",2022,32422,204,45517,71.23
"Angel Stadium",2023,36345,168,45517,79.85
"Angel Stadium",2023,34957,167,45517,76.8
"Angel Stadium",2023,38297,200,45517,84.14
"Angel Stadium",2023,26539,152,45517,58.31
"Angel Stadium",2023,28385,160,45517,62.36
"Angel Stadium",2021,9387,178,45517,20.62
"Angel Stadium",2021,28753,170,45517,63.17
"Angel Stadium",2023,21741,183,45517,47.76
"Angel Stadium",2022,22551,154,45517,49.54
"Angel Stadium",2021,22620,183,45517,49.7
"Angel Stadium",2024,22814,174,45517,50.12
"Angel Stadium",2021,20620,291,45517,45.3
"Angel Stadium",2021,40880,187,45517,89.81
"Angel Stadium",2023,25798,133,45517,56.68
"Angel Stadium",2023,29861,165,45517,65.6
"Angel Stadium",2024,31087,170,45517,68.3
"Angel Stadium",2023,39141,174,45517,85.99
"Angel Stadium",2024,27723,138,45517,60.91
"Angel Stadium",2022,19550,194,45517,42.95
"Angel Stadium",2021,9207,200,45517,20.23
"Angel Stadium",2023,27716,165,45517,60.89
"Angel Stadium",2024,35587,161,45517,78.18
"Angel Stadium",2024,44822,138,45517,98.47
"Angel Stadium",2023,25314,125,45517,55.61
"Angel Stadium",2023,44148,160,45517,96.99
"Angel Stadium",2021,23175,182,45517,50.92
"Angel Stadium",2021,21626,243,45517,47.51
"Angel Stadium",2021,14443,143,45517,31.73
"Angel Stadium",2023,25208,161,45517,55.38
"Angel Stadium",2023,28776,188,45517,63.22
"Angel Stadium",2024,27967,167,45517,61.44
"Angel Stadium",2023,26971,167,45517,59.25
"Angel Stadium",2023,41180,209,45517,90.47
"Angel Stadium",2021,19074,202,45517,41.91
"Angel Stadium",2024,23230,150,45517,51.04
"Angel Stadium",2022,29906,193,45517,65.7
"Angel Stadium",2021,15141,162,45517,33.26
"Angel Stadium",2024,36377,170,45517,79.92
"Angel Stadium",2024,32683,137,45517,71.8
"Angel Stadium",2021,29436,190,45517,64.67
"Angel Stadium",2023,26596,153,45517,58.43
"Angel Stadium",2024,34381,136,45517,75.53
"Angel Stadium",2023,41556,136,45517,91.3
"Angel Stadium",2022,31499,201,45517,69.2
"Angel Stadium",2023,32130,162,45517,70.59
"Angel Stadium",2024,39308,148,45517,86.36
"Angel Stadium",2024,22757,215,45517,50
"Angel Stadium",2024,22803,165,45517,50.1
"Angel Stadium",2021,9491,168,45517,20.85
"Angel Stadium",2021,28861,198,45517,63.41
"Angel Stadium",2021,34813,192,45517,76.48
"Angel Stadium",2022,26489,184,45517,58.2
"Angel Stadium",2024,21961,177,45517,48.25
"Angel Stadium",2023,29214,142,45517,64.18
"Angel Stadium",2023,26583,150,45517,58.4
"Angel Stadium",2023,30020,155,45517,65.95
"Angel Stadium",2021,19829,198,45517,43.56
"Angel Stadium",2024,38741,153,45517,85.11
"Angel Stadium",2023,28817,151,45517,63.31
"Angel Stadium",2024,37268,167,45517,81.88
"Angel Stadium",2021,8547,194,45517,18.78
"Angel Stadium",2022,27180,217,45517,59.71
"Angel Stadium",2023,35022,183,45517,76.94
"Angel Stadium",2021,18551,220,45517,40.76
"Angel Stadium",2022,36598,191,45517,80.41
"Angel Stadium",2021,11396,195,45517,25.04
"Angel Stadium",2023,27233,124,45517,59.83
"Angel Stadium",2024,23658,146,45517,51.98
"Angel Stadium",2022,38244,251,45517,84.02
"Angel Stadium",2024,37736,170,45517,82.91
"Angel Stadium",2024,31593,141,45517,69.41
"Angel Stadium",2021,30709,179,45517,67.47
"Angel Stadium",2023,44760,150,45517,98.34
"Angel Stadium",2021,30221,187,45517,66.39
"Angel Stadium",2022,33459,176,45517,73.51
"Angel Stadium",2023,39073,175,45517,85.84
"Angel Stadium",2022,34792,184,45517,76.44
"Angel Stadium",2021,12763,224,45517,28.04
"Angel Stadium",2023,24288,171,45517,53.36
"Angel Stadium",2021,18955,184,45517,41.64
"Angel Stadium",2022,35466,202,45517,77.92
"Angel Stadium",2023,44534,160,45517,97.84
"Angel Stadium",2024,31960,138,45517,70.22
"Angel Stadium",2024,35861,142,45517,78.79
"Angel Stadium",2021,13207,171,45517,29.02
"Angel Stadium",2023,31079,160,45517,68.28
"Angel Stadium",2024,34313,143,45517,75.39
"Angel Stadium",2023,38131,213,45517,83.77
"Angel Stadium",2021,28689,174,45517,63.03
"Angel Stadium",2023,31633,143,45517,69.5
"Busch Stadium",2021,41618,205,44383,93.77
"Busch Stadium",2023,39512,192,44383,89.03
"Busch Stadium",2021,30937,193,44383,69.7
"Busch Stadium",2023,42445,163,44383,95.63
"Busch Stadium",2022,34715,198,44383,78.22
"Busch Stadium",2022,46256,188,44383,104.22
"Busch Stadium",2023,38964,165,44383,87.79
"Busch Stadium",2024,34281,172,44383,77.24
"Busch Stadium",2021,33254,190,44383,74.93
"Busch Stadium",2022,45025,212,44383,101.45
"Busch Stadium",2024,39519,147,44383,89.04
"Busch Stadium",2022,46365,181,44383,104.47
"Busch Stadium",2024,33398,151,44383,75.25
"Busch Stadium",2022,46642,142,44383,105.09
"Busch Stadium",2023,37689,166,44383,84.92
"Busch Stadium",2024,28630,155,44383,64.51
"Busch Stadium",2021,13380,168,44383,30.15
"Busch Stadium",2021,29425,182,44383,66.3
"Busch Stadium",2021,34036,165,44383,76.69
"Busch Stadium",2023,45177,150,44383,101.79
"Busch Stadium",2023,43424,161,44383,97.84
"Busch Stadium",2024,41382,185,44383,93.24
"Busch Stadium",2021,16331,179,44383,36.8
"Busch Stadium",2023,44774,174,44383,100.88
"Busch Stadium",2023,39068,179,44383,88.02
"Busch Stadium",2022,36137,165,44383,81.42
"Busch Stadium",2023,36949,152,44383,83.25
"Busch Stadium",2021,31943,223,44383,71.97
"Busch Stadium",2022,34268,163,44383,77.21
"Busch Stadium",2022,35107,201,44383,79.1
"Busch Stadium",2021,21152,230,44383,47.66
"Busch Stadium",2024,32621,170,44383,73.5
"Busch Stadium",2024,40219,135,44383,90.62
"Busch Stadium",2021,16178,190,44383,36.45
"Busch Stadium",2022,44669,188,44383,100.64
"Busch Stadium",2022,34701,160,44383,78.19
"Busch Stadium",2021,24281,182,44383,54.71
"Busch Stadium",2024,33104,190,44383,74.59
"Busch Stadium",2021,13176,153,44383,29.69
"Busch Stadium",2024,41317,159,44383,93.09
"Busch Stadium",2022,41853,178,44383,94.3
"Busch Stadium",2024,40147,182,44383,90.46
"Busch Stadium",2021,13328,185,44383,30.03
"Busch Stadium",2021,34431,175,44383,77.58
"Busch Stadium",2022,33418,217,44383,75.29
"Busch Stadium",2023,32528,161,44383,73.29
"Busch Stadium",2022,37398,187,44383,84.26
"Busch Stadium",2022,31193,176,44383,70.28
"Busch Stadium",2023,40886,151,44383,92.12
"Busch Stadium",2023,43238,156,44383,97.42
"Busch Stadium",2021,14005,173,44383,31.55
"Busch Stadium",2024,35217,168,44383,79.35
"Busch Stadium",2024,37693,137,44383,84.93
"Busch Stadium",2023,34548,156,44383,77.84
"Busch Stadium",2023,44465,163,44383,100.18
"Busch Stadium",2023,42042,163,44383,94.73
"Busch Stadium",2022,33963,160,44383,76.52
"Busch Stadium",2023,33146,156,44383,74.68
"Busch Stadium",2021,12701,199,44383,28.62
"Busch Stadium",2022,40753,204,44383,91.82
"Busch Stadium",2023,36155,172,44383,81.46
"Busch Stadium",2021,35283,168,44383,79.5
"Busch Stadium",2021,40626,179,44383,91.54
"Busch Stadium",2021,34812,226,44383,78.44
"Busch Stadium",2021,22756,206,44383,51.27
"Busch Stadium",2022,39703,185,44383,89.46
"Busch Stadium",2022,41014,200,44383,92.41
"Busch Stadium",2021,13196,195,44383,29.73
"Busch Stadium",2022,47909,170,44383,107.94
"Busch Stadium",2022,47118,197,44383,106.16
"Busch Stadium",2023,34332,143,44383,77.35
"Busch Stadium",2022,45123,194,44383,101.67
"Busch Stadium",2023,42148,162,44383,94.96
"Busch Stadium",2021,28406,174,44383,64
"Busch Stadium",2024,45071,173,44383,101.55
"Busch Stadium",2022,38033,186,44383,85.69
"Busch Stadium",2021,28058,195,44383,63.22
"Busch Stadium",2024,40220,156,44383,90.62
"Busch Stadium",2024,40951,137,44383,92.27
"Busch Stadium",2024,32922,144,44383,74.18
"Busch Stadium",2024,41815,148,44383,94.21
"Busch Stadium",2022,44169,168,44383,99.52
"Busch Stadium",2023,37162,155,44383,83.73
"Busch Stadium",2023,40917,197,44383,92.19
"Busch Stadium",2024,30061,165,44383,67.73
"Busch Stadium",2022,41221,213,44383,92.88
"Busch Stadium",2022,34533,178,44383,77.81
"Busch Stadium",2023,36359,188,44383,81.92
"Busch Stadium",2024,36608,132,44383,82.48
"Busch Stadium",2021,27545,201,44383,62.06
"Busch Stadium",2024,35598,169,44383,80.21
"Busch Stadium",2024,37476,172,44383,84.44
"Busch Stadium",2021,30549,210,44383,68.83
"Busch Stadium",2024,34278,148,44383,77.23
"Busch Stadium",2024,39372,191,44383,88.71
"Busch Stadium",2023,35760,184,44383,80.57
"Busch Stadium",2023,44676,157,44383,100.66
"Busch Stadium",2021,25938,243,44383,58.44
"Busch Stadium",2022,33977,168,44383,76.55
"Busch Stadium",2023,35619,168,44383,80.25
"Busch Stadium",2022,35455,180,44383,79.88
"Busch Stadium",2022,45009,167,44383,101.41
"Busch Stadium",2021,13176,184,44383,29.69
"Busch Stadium",2021,40489,156,44383,91.23
"Busch Stadium",2021,15327,187,44383,34.53
"Busch Stadium",2022,48581,186,44383,109.46
"Busch Stadium",2022,33464,181,44383,75.4
"Busch Stadium",2022,39612,186,44383,89.25
"Busch Stadium",2024,31401,149,44383,70.75
"Busch Stadium",2024,32606,172,44383,73.47
"Busch Stadium",2023,34793,175,44383,78.39
"Busch Stadium",2021,28740,191,44383,64.75
"Busch Stadium",2021,28975,181,44383,65.28
"Busch Stadium",2024,36390,141,44383,81.99
"Busch Stadium",2022,39105,188,44383,88.11
"Busch Stadium",2023,32583,158,44383,73.41
"Busch Stadium",2022,40062,180,44383,90.26
"Busch Stadium",2023,36405,144,44383,82.02
"Busch Stadium",2024,39316,171,44383,88.58
"Busch Stadium",2021,12939,199,44383,29.15
"Busch Stadium",2022,43832,190,44383,98.76
"Busch Stadium",2023,44877,149,44383,101.11
"Busch Stadium",2022,42140,213,44383,94.95
"Busch Stadium",2022,46459,190,44383,104.68
"Busch Stadium",2024,34577,151,44383,77.91
"Busch Stadium",2022,32065,181,44383,72.25
"Busch Stadium",2024,27224,172,44383,61.34
"Busch Stadium",2022,45905,181,44383,103.43
"Busch Stadium",2024,37328,138,44383,84.1
"Busch Stadium",2023,40051,156,44383,90.24
"Busch Stadium",2024,43827,161,44383,98.75
"Busch Stadium",2022,39292,226,44383,88.53
"Busch Stadium",2021,35566,155,44383,80.13
"Busch Stadium",2021,31173,176,44383,70.24
"Busch Stadium",2024,40715,154,44383,91.74
"Busch Stadium",2023,36300,147,44383,81.79
"Busch Stadium",2021,27175,213,44383,61.23
"Busch Stadium",2021,13390,219,44383,30.17
"Busch Stadium",2022,46680,198,44383,105.18
"Busch Stadium",2021,29161,161,44383,65.7
"Busch Stadium",2023,38559,163,44383,86.88
"Busch Stadium",2022,36033,201,44383,81.19
"Busch Stadium",2024,32875,157,44383,74.07
"Busch Stadium",2024,43046,148,44383,96.99
"Busch Stadium",2024,31283,145,44383,70.48
"Busch Stadium",2022,44901,165,44383,101.17
"Busch Stadium",2023,40996,146,44383,92.37
"Busch Stadium",2024,37898,153,44383,85.39
"Busch Stadium",2024,38485,159,44383,86.71
"Busch Stadium",2021,30205,205,44383,68.06
"Busch Stadium",2022,40437,237,44383,91.11
"Busch Stadium",2022,40027,188,44383,90.19
"Busch Stadium",2022,46524,163,44383,104.82
"Busch Stadium",2023,37048,157,44383,83.47
"Busch Stadium",2021,13435,162,44383,30.27
"Busch Stadium",2023,36851,171,44383,83.03
"Busch Stadium",2023,39165,172,44383,88.24
"Busch Stadium",2022,46940,199,44383,105.76
"Busch Stadium",2022,44142,137,44383,99.46
"Busch Stadium",2023,35917,165,44383,80.93
"Busch Stadium",2024,34881,142,44383,78.59
"Busch Stadium",2021,14677,226,44383,33.07
"Busch Stadium",2021,35402,223,44383,79.76
"Busch Stadium",2022,33649,173,44383,75.82
"Busch Stadium",2022,36112,189,44383,81.36
"Busch Stadium",2021,26027,167,44383,58.64
"Busch Stadium",2021,12895,162,44383,29.05
"Busch Stadium",2021,32205,208,44383,72.56
"Busch Stadium",2022,44537,185,44383,100.35
"Busch Stadium",2021,23365,186,44383,52.64
"Busch Stadium",2021,28185,193,44383,63.5
"Busch Stadium",2023,44846,164,44383,101.04
"Busch Stadium",2022,41734,171,44383,94.03
"Busch Stadium",2021,36615,187,44383,82.5
"Busch Stadium",2024,36005,144,44383,81.12
"Busch Stadium",2021,33743,202,44383,76.03
"Busch Stadium",2023,45246,167,44383,101.94
"Busch Stadium",2024,31972,159,44383,72.04
"Busch Stadium",2023,44584,173,44383,100.45
"Busch Stadium",2022,40144,158,44383,90.45
"Busch Stadium",2024,33997,169,44383,76.6
"Busch Stadium",2022,39077,174,44383,88.04
"Busch Stadium",2022,34822,209,44383,78.46
"Busch Stadium",2021,46525,131,44383,104.83
"Busch Stadium",2024,32787,165,44383,73.87
"Busch Stadium",2021,24282,197,44383,54.71
"Busch Stadium",2023,40042,174,44383,90.22
"Busch Stadium",2023,47649,218,44383,107.36
"Busch Stadium",2023,45911,167,44383,103.44
"Busch Stadium",2022,34399,161,44383,77.5
"Busch Stadium",2022,44491,186,44383,100.24
"Busch Stadium",2022,48299,191,44383,108.82
"Busch Stadium",2023,45525,149,44383,102.57
"Busch Stadium",2024,34010,141,44383,76.63
"Busch Stadium",2022,44824,230,44383,100.99
"Busch Stadium",2023,42504,168,44383,95.77
"Busch Stadium",2023,37008,144,44383,83.38
"Busch Stadium",2024,30999,180,44383,69.84
"Busch Stadium",2024,30022,149,44383,67.64
"Busch Stadium",2024,41949,181,44383,94.52
"Busch Stadium",2023,44461,151,44383,100.18
"Busch Stadium",2022,45779,185,44383,103.15
"Busch Stadium",2022,40398,156,44383,91.02
"Busch Stadium",2021,24304,200,44383,54.76
"Busch Stadium",2022,42897,186,44383,96.65
"Busch Stadium",2024,26553,160,44383,59.83
"Busch Stadium",2021,27235,200,44383,61.36
"Busch Stadium",2024,33921,135,44383,76.43
"Busch Stadium",2021,12686,200,44383,28.58
"Busch Stadium",2023,40346,165,44383,90.9
"Busch Stadium",2023,41452,190,44383,93.4
"Busch Stadium",2023,37470,179,44383,84.42
"Busch Stadium",2022,47032,181,44383,105.97
"Busch Stadium",2024,30562,143,44383,68.86
"Busch Stadium",2023,38121,147,44383,85.89
"Busch Stadium",2021,31509,159,44383,70.99
"Busch Stadium",2022,33797,210,44383,76.15
"Busch Stadium",2022,46119,200,44383,103.91
"Busch Stadium",2022,37629,169,44383,84.78
"Busch Stadium",2024,38532,145,44383,86.82
"Busch Stadium",2024,40690,160,44383,91.68
"Busch Stadium",2024,39314,140,44383,88.58
"Busch Stadium",2024,30179,157,44383,68
"Busch Stadium",2022,47816,182,44383,107.73
"Busch Stadium",2022,37150,208,44383,83.7
"Busch Stadium",2024,39129,147,44383,88.16
"Busch Stadium",2024,38559,192,44383,86.88
"Busch Stadium",2022,42047,187,44383,94.74
"Busch Stadium",2023,41512,146,44383,93.53
"Busch Stadium",2021,32872,155,44383,74.06
"Busch Stadium",2021,33432,178,44383,75.33
"Busch Stadium",2023,33176,126,44383,74.75
"Busch Stadium",2023,38490,175,44383,86.72
"Busch Stadium",2024,41302,171,44383,93.06
"Busch Stadium",2024,32395,142,44383,72.99
"Busch Stadium",2023,36982,189,44383,83.32
"Busch Stadium",2023,36028,186,44383,81.18
"Busch Stadium",2023,42626,166,44383,96.04
"Busch Stadium",2024,30350,154,44383,68.38
"Busch Stadium",2022,45669,173,44383,102.9
"Busch Stadium",2024,39164,183,44383,88.24
"Busch Stadium",2024,32194,141,44383,72.54
"Busch Stadium",2024,41929,147,44383,94.47
"Busch Stadium",2023,40637,137,44383,91.56
"Busch Stadium",2024,29580,231,44383,66.65
"Busch Stadium",2022,45594,165,44383,102.73
"Busch Stadium",2021,12866,142,44383,28.99
"Busch Stadium",2021,24736,174,44383,55.73
"Busch Stadium",2022,46678,165,44383,105.17
"Busch Stadium",2021,25163,173,44383,56.7
"Busch Stadium",2024,33967,142,44383,76.53
"Busch Stadium",2021,13304,223,44383,29.98
"Busch Stadium",2021,43575,157,44383,98.18
"Busch Stadium",2021,24682,160,44383,55.61
"Busch Stadium",2023,42817,162,44383,96.47
"Busch Stadium",2023,35856,171,44383,80.79
"Busch Stadium",2021,38199,180,44383,86.07
"Busch Stadium",2021,29090,169,44383,65.54
"Busch Stadium",2023,33842,162,44383,76.25
"Busch Stadium",2021,37008,249,44383,83.38
"Busch Stadium",2023,36501,140,44383,82.24
"Busch Stadium",2021,13348,169,44383,30.07
"Busch Stadium",2022,35674,155,44383,80.38
"Busch Stadium",2023,38406,139,44383,86.53
"Busch Stadium",2021,34500,186,44383,77.73
"Busch Stadium",2022,32215,212,44383,72.58
"Busch Stadium",2021,13206,191,44383,29.75
"Busch Stadium",2024,37492,135,44383,84.47
"Busch Stadium",2024,32528,147,44383,73.29
"Busch Stadium",2023,42166,206,44383,95
"Busch Stadium",2023,40303,170,44383,90.81
"Busch Stadium",2021,33058,176,44383,74.48
"Busch Stadium",2023,37105,138,44383,83.6
"Busch Stadium",2021,13187,160,44383,29.71
"Busch Stadium",2022,43083,192,44383,97.07
"Busch Stadium",2021,33404,164,44383,75.26
"Busch Stadium",2023,35906,164,44383,80.9
"Busch Stadium",2022,35198,185,44383,79.31
"Busch Stadium",2024,39100,135,44383,88.1
"Busch Stadium",2023,44237,171,44383,99.67
"Busch Stadium",2023,40508,178,44383,91.27
"Busch Stadium",2023,34655,175,44383,78.08
"Busch Stadium",2024,33324,152,44383,75.08
"Busch Stadium",2022,44344,157,44383,99.91
"Busch Stadium",2024,47273,167,44383,106.51
"Busch Stadium",2022,38658,194,44383,87.1
"Busch Stadium",2021,13159,190,44383,29.65
"Busch Stadium",2024,40246,147,44383,90.68
"Busch Stadium",2023,44614,136,44383,100.52
"Busch Stadium",2023,35433,154,44383,79.83
"Busch Stadium",2022,41100,143,44383,92.6
"Busch Stadium",2024,37961,172,44383,85.53
"Busch Stadium",2021,45239,205,44383,101.93
"Busch Stadium",2024,40892,156,44383,92.13
"Busch Stadium",2021,12894,200,44383,29.05
"Busch Stadium",2021,29597,163,44383,66.69
"Busch Stadium",2022,46027,223,44383,103.7
"Busch Stadium",2024,33332,179,44383,75.1
"Busch Stadium",2021,35326,196,44383,79.59
"Busch Stadium",2023,42076,163,44383,94.8
"Busch Stadium",2021,35726,174,44383,80.49
"Busch Stadium",2024,33036,150,44383,74.43
"Busch Stadium",2023,43670,123,44383,98.39
"Busch Stadium",2023,39923,199,44383,89.95
"Busch Stadium",2021,41412,169,44383,93.31
"Busch Stadium",2022,46472,265,44383,104.71
"Busch Stadium",2024,35229,179,44383,79.37
"Busch Stadium",2024,40667,176,44383,91.63
"Busch Stadium",2024,30138,155,44383,67.9
"Busch Stadium",2024,28697,174,44383,64.66
"Busch Stadium",2023,37805,161,44383,85.18
"Busch Stadium",2023,38276,176,44383,86.24
"Busch Stadium",2023,41900,178,44383,94.41
"Busch Stadium",2024,32108,147,44383,72.34
"Busch Stadium",2022,45159,202,44383,101.75
"Busch Stadium",2024,31365,148,44383,70.67
"Busch Stadium",2021,24082,218,44383,54.26
"Busch Stadium",2021,12714,204,44383,28.65
"Busch Stadium",2024,32582,128,44383,73.41
"Busch Stadium",2023,44721,180,44383,100.76
"Chase Field",2021,8768,209,48330,18.14
"Chase Field",2022,27752,193,48330,57.42
"Chase Field",2023,19266,176,48330,39.86
"Chase Field",2023,27485,159,48330,56.87
"Chase Field",2023,36789,171,48330,76.12
"Chase Field",2024,22642,118,48330,46.85
"Chase Field",2022,22064,166,48330,45.65
"Chase Field",2021,18819,190,48330,38.94
"Chase Field",2024,25723,157,48330,53.22
"Chase Field",2024,29247,164,48330,60.52
"Chase Field",2024,46606,193,48330,96.43
"Chase Field",2021,9495,185,48330,19.65
"Chase Field",2023,18248,160,48330,37.76
"Chase Field",2024,39843,133,48330,82.44
"Chase Field",2021,23689,227,48330,49.02
"Chase Field",2023,26093,159,48330,53.99
"Chase Field",2022,19904,218,48330,41.18
"Chase Field",2023,36529,164,48330,75.58
"Chase Field",2024,31966,141,48330,66.14
"Chase Field",2024,18790,180,48330,38.88
"Chase Field",2023,18097,138,48330,37.44
"Chase Field",2022,24338,160,48330,50.36
"Chase Field",2023,35193,264,48330,72.82
"Chase Field",2022,25389,199,48330,52.53
"Chase Field",2024,27162,177,48330,56.2
"Chase Field",2021,5967,175,48330,12.35
"Chase Field",2022,17674,200,48330,36.57
"Chase Field",2022,26351,160,48330,54.52
"Chase Field",2021,22046,189,48330,45.62
"Chase Field",2024,42915,151,48330,88.8
"Chase Field",2023,23032,175,48330,47.66
"Chase Field",2024,23767,164,48330,49.18
"Chase Field",2024,36985,170,48330,76.53
"Chase Field",2022,12370,179,48330,25.59
"Chase Field",2021,12565,201,48330,26
"Chase Field",2023,41670,181,48330,86.22
"Chase Field",2023,25147,154,48330,52.03
"Chase Field",2024,22575,171,48330,46.71
"Chase Field",2024,26426,218,48330,54.68
"Chase Field",2023,30021,143,48330,62.12
"Chase Field",2021,6843,181,48330,14.16
"Chase Field",2022,19393,157,48330,40.13
"Chase Field",2021,7968,177,48330,16.49
"Chase Field",2021,9173,205,48330,18.98
"Chase Field",2024,19758,155,48330,40.88
"Chase Field",2023,32401,193,48330,67.04
"Chase Field",2023,32864,134,48330,68
"Chase Field",2022,17819,166,48330,36.87
"Chase Field",2021,10818,185,48330,22.38
"Chase Field",2023,26051,163,48330,53.9
"Chase Field",2023,18543,165,48330,38.37
"Chase Field",2022,14629,216,48330,30.27
"Chase Field",2022,15081,221,48330,31.2
"Chase Field",2022,12725,200,48330,26.33
"Chase Field",2021,10486,173,48330,21.7
"Chase Field",2023,36133,150,48330,74.76
"Chase Field",2022,19089,195,48330,39.5
"Chase Field",2022,17750,153,48330,36.73
"Chase Field",2022,24504,157,48330,50.7
"Chase Field",2021,17834,204,48330,36.9
"Chase Field",2023,26267,144,48330,54.35
"Chase Field",2024,33640,142,48330,69.6
"Chase Field",2022,37802,164,48330,78.22
"Chase Field",2024,28667,167,48330,59.32
"Chase Field",2022,8855,197,48330,18.32
"Chase Field",2023,41351,143,48330,85.56
"Chase Field",2022,23570,176,48330,48.77
"Chase Field",2022,21146,153,48330,43.75
"Chase Field",2022,17720,182,48330,36.66
"Chase Field",2024,18185,156,48330,37.63
"Chase Field",2022,34248,223,48330,70.86
"Chase Field",2023,48034,163,48330,99.39
"Chase Field",2022,23129,174,48330,47.86
"Chase Field",2021,6847,197,48330,14.17
"Chase Field",2024,31033,168,48330,64.21
"Chase Field",2021,6880,176,48330,14.24
"Chase Field",2021,14408,229,48330,29.81
"Chase Field",2021,13184,178,48330,27.28
"Chase Field",2021,8951,208,48330,18.52
"Chase Field",2023,13136,160,48330,27.18
"Chase Field",2021,9810,192,48330,20.3
"Chase Field",2022,22971,198,48330,47.53
"Chase Field",2022,12616,189,48330,26.1
"Chase Field",2023,44472,167,48330,92.02
"Chase Field",2024,32133,197,48330,66.49
"Chase Field",2023,22457,189,48330,46.47
"Chase Field",2021,27032,163,48330,55.93
"Chase Field",2024,44886,183,48330,92.87
"Chase Field",2021,11907,194,48330,24.64
"Chase Field",2021,9172,157,48330,18.98
"Chase Field",2023,34028,215,48330,70.41
"Chase Field",2024,37952,132,48330,78.53
"Chase Field",2022,20735,173,48330,42.9
"Chase Field",2021,6307,167,48330,13.05
"Chase Field",2021,12262,220,48330,25.37
"Chase Field",2023,16734,178,48330,34.62
"Chase Field",2023,25471,143,48330,52.7
"Chase Field",2021,7165,168,48330,14.83
"Chase Field",2024,18294,173,48330,37.85
"Chase Field",2022,14917,170,48330,30.86
"Chase Field",2024,21824,142,48330,45.16
"Chase Field",2023,12994,158,48330,26.89
"Chase Field",2021,10631,180,48330,22
"Chase Field",2024,27059,158,48330,55.99
"Chase Field",2023,18514,157,48330,38.31
"Chase Field",2024,31255,156,48330,64.67
"Chase Field",2022,18063,173,48330,37.37
"Chase Field",2022,17043,183,48330,35.26
"Chase Field",2021,16681,179,48330,34.51
"Chase Field",2023,42031,186,48330,86.97
"Chase Field",2021,8904,244,48330,18.42
"Chase Field",2022,10495,148,48330,21.72
"Chase Field",2022,17297,164,48330,35.79
"Chase Field",2021,19418,197,48330,40.18
"Chase Field",2021,25356,189,48330,52.46
"Chase Field",2022,11275,156,48330,23.33
"Chase Field",2024,29480,156,48330,61
"Chase Field",2024,20068,150,48330,41.52
"Chase Field",2022,20274,159,48330,41.95
"Chase Field",2022,19504,172,48330,40.36
"Chase Field",2023,29277,168,48330,60.58
"Chase Field",2021,15734,221,48330,32.56
"Chase Field",2022,11571,170,48330,23.94
"Chase Field",2024,29071,164,48330,60.15
"Chase Field",2022,12901,180,48330,26.69
"Chase Field",2021,12729,211,48330,26.34
"Chase Field",2022,25949,217,48330,53.69
"Chase Field",2024,21652,166,48330,44.8
"Chase Field",2022,14467,187,48330,29.93
"Chase Field",2024,24441,159,48330,50.57
"Chase Field",2021,5560,182,48330,11.5
"Chase Field",2021,8879,187,48330,18.37
"Chase Field",2022,16989,190,48330,35.15
"Chase Field",2022,32183,172,48330,66.59
"Chase Field",2022,17121,158,48330,35.43
"Chase Field",2022,12714,192,48330,26.31
"Chase Field",2024,43747,205,48330,90.52
"Chase Field",2022,22138,252,48330,45.81
"Chase Field",2022,20480,183,48330,42.38
"Chase Field",2024,22355,153,48330,46.25
"Chase Field",2021,18458,249,48330,38.19
"Chase Field",2024,18020,141,48330,37.29
"Chase Field",2023,23184,179,48330,47.97
"Chase Field",2024,18017,198,48330,37.28
"Chase Field",2022,25169,202,48330,52.08
"Chase Field",2022,13445,203,48330,27.82
"Chase Field",2022,21143,174,48330,43.75
"Chase Field",2021,8773,220,48330,18.15
"Chase Field",2023,9815,176,48330,20.31
"Chase Field",2024,34088,169,48330,70.53
"Chase Field",2021,7863,204,48330,16.27
"Chase Field",2024,23548,179,48330,48.72
"Chase Field",2024,19731,151,48330,40.83
"Chase Field",2022,13735,200,48330,28.42
"Chase Field",2023,29500,186,48330,61.04
"Chase Field",2023,18432,191,48330,38.14
"Chase Field",2024,38608,179,48330,79.88
"Chase Field",2021,9642,209,48330,19.95
"Chase Field",2021,11309,178,48330,23.4
"Chase Field",2024,25239,167,48330,52.22
"Chase Field",2024,26567,146,48330,54.97
"Chase Field",2023,27203,155,48330,56.29
"Chase Field",2024,35905,157,48330,74.29
"Chase Field",2021,9804,175,48330,20.29
"Chase Field",2024,23700,139,48330,49.04
"Chase Field",2024,24732,171,48330,51.17
"Chase Field",2022,20109,192,48330,41.61
"Chase Field",2022,25064,215,48330,51.86
"Chase Field",2022,24133,199,48330,49.93
"Chase Field",2024,31976,156,48330,66.16
"Chase Field",2024,39863,147,48330,82.48
"Chase Field",2022,22529,216,48330,46.61
"Chase Field",2022,30819,192,48330,63.77
"Chase Field",2023,18152,157,48330,37.56
"Chase Field",2024,15525,144,48330,32.12
"Chase Field",2023,20286,174,48330,41.97
"Chase Field",2021,11395,209,48330,23.58
"Chase Field",2024,38494,177,48330,79.65
"Chase Field",2024,22671,176,48330,46.91
"Chase Field",2022,12660,230,48330,26.19
"Chase Field",2023,27469,131,48330,56.84
"Chase Field",2021,15189,202,48330,31.43
"Chase Field",2023,23351,146,48330,48.32
"Chase Field",2024,26991,157,48330,55.85
"Chase Field",2023,13608,149,48330,28.16
"Chase Field",2023,26307,189,48330,54.43
"Chase Field",2022,20278,224,48330,41.96
"Chase Field",2024,50041,170,48330,103.54
"Chase Field",2023,21829,173,48330,45.17
"Chase Field",2022,21819,183,48330,45.15
"Chase Field",2022,17057,201,48330,35.29
"Chase Field",2021,13863,203,48330,28.68
"Chase Field",2021,8809,190,48330,18.23
"Chase Field",2022,18594,215,48330,38.47
"Chase Field",2024,26460,149,48330,54.75
"Chase Field",2023,23572,143,48330,48.77
"Chase Field",2023,25467,165,48330,52.69
"Chase Field",2022,30690,171,48330,63.5
"Chase Field",2023,28419,168,48330,58.8
"Chase Field",2022,24865,191,48330,51.45
"Chase Field",2023,12681,132,48330,26.24
"Chase Field",2024,46278,158,48330,95.75
"Chase Field",2024,20594,165,48330,42.61
"Chase Field",2023,20186,163,48330,41.77
"Chase Field",2022,15138,156,48330,31.32
"Chase Field",2023,15304,163,48330,31.67
"Chase Field",2024,24178,210,48330,50.03
"Chase Field",2022,20644,197,48330,42.71
"Chase Field",2021,7852,182,48330,16.25
"Chase Field",2024,38892,161,48330,80.47
"Chase Field",2022,21765,176,48330,45.03
"Chase Field",2021,29904,186,48330,61.87
"Chase Field",2021,13208,189,48330,27.33
"Chase Field",2021,8597,183,48330,17.79
"Chase Field",2023,17069,139,48330,35.32
"Chase Field",2023,15582,165,48330,32.24
"Chase Field",2024,43310,174,48330,89.61
"Chase Field",2023,35295,153,48330,73.03
"Chase Field",2022,30482,167,48330,63.07
"Chase Field",2022,13690,206,48330,28.33
"Chase Field",2021,23814,213,48330,49.27
"Chase Field",2024,24468,196,48330,50.63
"Chase Field",2023,26881,163,48330,55.62
"Chase Field",2024,25846,177,48330,53.48
"Chase Field",2021,7740,203,48330,16.01
"Chase Field",2021,13462,207,48330,27.85
"Chase Field",2023,26574,156,48330,54.98
"Chase Field",2024,46183,174,48330,95.56
"Chase Field",2022,25413,199,48330,52.58
"Chase Field",2022,9058,178,48330,18.74
"Chase Field",2024,37694,169,48330,77.99
"Chase Field",2022,16873,179,48330,34.91
"Chase Field",2023,13835,162,48330,28.63
"Chase Field",2023,14343,151,48330,29.68
"Chase Field",2023,30249,148,48330,62.59
"Chase Field",2023,22127,156,48330,45.78
"Chase Field",2024,35826,171,48330,74.13
"Chase Field",2023,19003,170,48330,39.32
"Chase Field",2024,27101,149,48330,56.07
"Chase Field",2024,30968,159,48330,64.08
"Chase Field",2024,18425,141,48330,38.12
"Chase Field",2022,23309,185,48330,48.23
"Chase Field",2021,17722,199,48330,36.67
"Chase Field",2022,18126,163,48330,37.5
"Chase Field",2023,9071,153,48330,18.77
"Chase Field",2023,29861,179,48330,61.79
"Chase Field",2022,15524,208,48330,32.12
"Chase Field",2021,17195,193,48330,35.58
"Chase Field",2023,26837,161,48330,55.53
"Chase Field",2021,10311,196,48330,21.33
"Chase Field",2023,30703,160,48330,63.53
"Chase Field",2023,16384,132,48330,33.9
"Chase Field",2023,27345,169,48330,56.58
"Chase Field",2024,26413,141,48330,54.65
"Chase Field",2021,9590,207,48330,19.84
"Chase Field",2024,23359,161,48330,48.33
"Chase Field",2022,12686,215,48330,26.25
"Chase Field",2021,16716,151,48330,34.59
"Chase Field",2023,31697,173,48330,65.58
"Chase Field",2021,31661,219,48330,65.51
"Chase Field",2021,6354,215,48330,13.15
"Chase Field",2023,20858,132,48330,43.16
"Chase Field",2023,11044,181,48330,22.85
"Chase Field",2021,9358,193,48330,19.36
"Chase Field",2024,39661,170,48330,82.06
"Chase Field",2024,25122,137,48330,51.98
"Chase Field",2021,5714,161,48330,11.82
"Chase Field",2023,16848,150,48330,34.86
"Chase Field",2024,21551,132,48330,44.59
"Chase Field",2021,21457,189,48330,44.4
"Chase Field",2021,11619,169,48330,24.04
"Chase Field",2021,9086,222,48330,18.8
"Chase Field",2021,19385,227,48330,40.11
"Chase Field",2024,40121,165,48330,83.01
"Chase Field",2023,11844,158,48330,24.51
"Chase Field",2024,16826,119,48330,34.81
"Chase Field",2022,18551,167,48330,38.38
"Chase Field",2021,7010,219,48330,14.5
"Chase Field",2021,12768,185,48330,26.42
"Chase Field",2023,21308,152,48330,44.09
"Chase Field",2023,16492,173,48330,34.12
"Chase Field",2023,10482,165,48330,21.69
"Chase Field",2022,29796,171,48330,61.65
"Chase Field",2024,19691,162,48330,40.74
"Chase Field",2024,49011,157,48330,101.41
"Chase Field",2021,8091,211,48330,16.74
"Chase Field",2022,11727,177,48330,24.26
"Chase Field",2024,20473,167,48330,42.36
"Chase Field",2022,19945,178,48330,41.27
"Chase Field",2021,19001,179,48330,39.32
"Chase Field",2021,20180,195,48330,41.75
"Chase Field",2024,35038,184,48330,72.5
"Chase Field",2021,20780,273,48330,43
"Chase Field",2021,7796,169,48330,16.13
"Chase Field",2023,18827,166,48330,38.96
"Chase Field",2023,23655,181,48330,48.94
"Chase Field",2021,7283,191,48330,15.07
"Chase Field",2021,8482,215,48330,17.55
"Chase Field",2024,21485,129,48330,44.45
"Chase Field",2022,13488,171,48330,27.91
"Chase Field",2021,16648,208,48330,34.45
"Chase Field",2022,16100,163,48330,33.31
"Chase Field",2021,11581,208,48330,23.96
"Chase Field",2021,28026,187,48330,57.99
"Chase Field",2021,12866,186,48330,26.62
"Chase Field",2024,25499,156,48330,52.76
"Chase Field",2023,31801,154,48330,65.8
"Chase Field",2024,16464,179,48330,34.07
"Chase Field",2024,16396,157,48330,33.93
"Chase Field",2022,35508,198,48330,73.47
"Chase Field",2022,19323,164,48330,39.98
"Chase Field",2023,34118,169,48330,70.59
"Chase Field",2024,20972,197,48330,43.39
"Chase Field",2023,17174,198,48330,35.53
"Chase Field",2021,8758,167,48330,18.12
"Chase Field",2022,20939,209,48330,43.33
"Chase Field",2023,26210,186,48330,54.23
"Chase Field",2021,5945,196,48330,12.3
"Chase Field",2023,29142,169,48330,60.3
"Chase Field",2023,11146,147,48330,23.06
"Chase Field",2023,24284,186,48330,50.25
"Chase Field",2024,33708,230,48330,69.75
"Chase Field",2021,8676,208,48330,17.95
"Chase Field",2021,10981,159,48330,22.72
"Citi Field",2021,28126,153,41922,67.09
"Citi Field",2024,22222,163,41922,53.01
"Citi Field",2023,38225,171,41922,91.18
"Citi Field",2023,34805,167,41922,83.02
"Citi Field",2022,42364,207,41922,101.05
"Citi Field",2022,37377,178,41922,89.16
"Citi Field",2023,29640,149,41922,70.7
"Citi Field",2022,35639,158,41922,85.01
"Citi Field",2023,40503,168,41922,96.62
"Citi Field",2024,41016,137,41922,97.84
"Citi Field",2022,23973,208,41922,57.18
"Citi Field",2021,25463,163,41922,60.74
"Citi Field",2021,43144,238,41922,102.91
"Citi Field",2024,32971,183,41922,78.65
"Citi Field",2022,28448,176,41922,67.86
"Citi Field",2023,44121,197,41922,105.25
"Citi Field",2021,26477,202,41922,63.16
"Citi Field",2024,26853,181,41922,64.05
"Citi Field",2022,36291,209,41922,86.57
"Citi Field",2021,7908,210,41922,18.86
"Citi Field",2023,29070,166,41922,69.34
"Citi Field",2021,8130,157,41922,19.39
"Citi Field",2024,18092,153,41922,43.16
"Citi Field",2021,22610,159,41922,53.93
"Citi Field",2021,20647,179,41922,49.25
"Citi Field",2021,20350,207,41922,48.54
"Citi Field",2023,33861,153,41922,80.77
"Citi Field",2022,41799,139,41922,99.71
"Citi Field",2024,28461,225,41922,67.89
"Citi Field",2024,32348,203,41922,77.16
"Citi Field",2023,30769,171,41922,73.4
"Citi Field",2024,41474,177,41922,98.93
"Citi Field",2021,38395,258,41922,91.59
"Citi Field",2024,18398,148,41922,43.89
"Citi Field",2024,35064,142,41922,83.64
"Citi Field",2022,28081,189,41922,66.98
"Citi Field",2023,33506,173,41922,79.92
"Citi Field",2021,23737,179,41922,56.62
"Citi Field",2022,25241,178,41922,60.21
"Citi Field",2022,25263,211,41922,60.26
"Citi Field",2022,43857,144,41922,104.62
"Citi Field",2024,26916,158,41922,64.2
"Citi Field",2023,22026,165,41922,52.54
"Citi Field",2022,37935,192,41922,90.49
"Citi Field",2023,34887,130,41922,83.22
"Citi Field",2022,36908,194,41922,88.04
"Citi Field",2022,38476,202,41922,91.78
"Citi Field",2023,30858,184,41922,73.61
"Citi Field",2024,35982,156,41922,85.83
"Citi Field",2022,27457,222,41922,65.5
"Citi Field",2023,29240,83,41922,69.75
"Citi Field",2022,23649,189,41922,56.41
"Citi Field",2022,25417,182,41922,60.63
"Citi Field",2024,25710,169,41922,61.33
"Citi Field",2023,36501,186,41922,87.07
"Citi Field",2022,38693,169,41922,92.3
"Citi Field",2021,9190,184,41922,21.92
"Citi Field",2022,36629,176,41922,87.37
"Citi Field",2024,32332,183,41922,77.12
"Citi Field",2024,18266,163,41922,43.57
"Citi Field",2022,26494,177,41922,63.2
"Citi Field",2023,20191,173,41922,48.16
"Citi Field",2022,25002,206,41922,59.64
"Citi Field",2022,30608,200,41922,73.01
"Citi Field",2021,27261,217,41922,65.03
"Citi Field",2024,18944,170,41922,45.19
"Citi Field",2022,40111,186,41922,95.68
"Citi Field",2021,7662,232,41922,18.28
"Citi Field",2023,42306,159,41922,100.92
"Citi Field",2022,43693,189,41922,104.22
"Citi Field",2022,30050,200,41922,71.68
"Citi Field",2021,24384,131,41922,58.17
"Citi Field",2024,22485,145,41922,53.64
"Citi Field",2021,8051,200,41922,19.2
"Citi Field",2023,39995,150,41922,95.4
"Citi Field",2023,34873,126,41922,83.19
"Citi Field",2024,23890,200,41922,56.99
"Citi Field",2023,30282,174,41922,72.23
"Citi Field",2023,38302,152,41922,91.36
"Citi Field",2023,21696,162,41922,51.75
"Citi Field",2024,35149,133,41922,83.84
"Citi Field",2024,26270,170,41922,62.66
"Citi Field",2022,41255,182,41922,98.41
"Citi Field",2023,43707,199,41922,104.26
"Citi Field",2023,20507,153,41922,48.92
"Citi Field",2023,20726,167,41922,49.44
"Citi Field",2021,27870,182,41922,66.48
"Citi Field",2022,27298,164,41922,65.12
"Citi Field",2023,34751,157,41922,82.89
"Citi Field",2023,30244,158,41922,72.14
"Citi Field",2023,41212,151,41922,98.31
"Citi Field",2024,22880,151,41922,54.58
"Citi Field",2022,27490,161,41922,65.57
"Citi Field",2021,19581,204,41922,46.71
"Citi Field",2023,28473,197,41922,67.92
"Citi Field",2021,23545,181,41922,56.16
"Citi Field",2022,25208,217,41922,60.13
"Citi Field",2024,28875,169,41922,68.88
"Citi Field",2024,23355,147,41922,55.71
"Citi Field",2024,36021,138,41922,85.92
"Citi Field",2023,29862,126,41922,71.23
"Citi Field",2024,30296,170,41922,72.27
"Citi Field",2022,29230,163,41922,69.72
"Citi Field",2022,40305,218,41922,96.14
"Citi Field",2022,24515,179,41922,58.48
"Citi Field",2023,30254,173,41922,72.17
"Citi Field",2021,8035,159,41922,19.17
"Citi Field",2023,34876,171,41922,83.19
"Citi Field",2023,24966,171,41922,59.55
"Citi Field",2021,7917,158,41922,18.89
"Citi Field",2023,23849,197,41922,56.89
"Citi Field",2023,35439,192,41922,84.54
"Citi Field",2023,43110,182,41922,102.83
"Citi Field",2024,28507,179,41922,68
"Citi Field",2023,41102,183,41922,98.04
"Citi Field",2024,16853,166,41922,40.2
"Citi Field",2022,27206,138,41922,64.9
"Citi Field",2023,43590,181,41922,103.98
"Citi Field",2024,30600,173,41922,72.99
"Citi Field",2022,34774,177,41922,82.95
"Citi Field",2024,25046,125,41922,59.74
"Citi Field",2022,30816,179,41922,73.51
"Citi Field",2022,37790,233,41922,90.14
"Citi Field",2023,42169,167,41922,100.59
"Citi Field",2022,34947,200,41922,83.36
"Citi Field",2021,7611,150,41922,18.16
"Citi Field",2021,29012,152,41922,69.2
"Citi Field",2022,32798,209,41922,78.24
"Citi Field",2024,20926,163,41922,49.92
"Citi Field",2024,18822,138,41922,44.9
"Citi Field",2023,25854,130,41922,61.67
"Citi Field",2022,29067,197,41922,69.34
"Citi Field",2023,32633,184,41922,77.84
"Citi Field",2024,31059,160,41922,74.09
"Citi Field",2022,25683,173,41922,61.26
"Citi Field",2023,32834,168,41922,78.32
"Citi Field",2022,28801,221,41922,68.7
"Citi Field",2022,36396,170,41922,86.82
"Citi Field",2023,23151,178,41922,55.22
"Citi Field",2023,37109,208,41922,88.52
"Citi Field",2024,29400,155,41922,70.13
"Citi Field",2024,32465,186,41922,77.44
"Citi Field",2023,35010,188,41922,83.51
"Citi Field",2022,37140,210,41922,88.59
"Citi Field",2024,28086,190,41922,67
"Citi Field",2023,33697,172,41922,80.38
"Citi Field",2022,32416,198,41922,77.32
"Citi Field",2021,8492,198,41922,20.26
"Citi Field",2022,35475,219,41922,84.62
"Citi Field",2022,36513,231,41922,87.1
"Citi Field",2023,37527,186,41922,89.52
"Citi Field",2024,34673,164,41922,82.71
"Citi Field",2021,7880,207,41922,18.8
"Citi Field",2021,21825,274,41922,52.06
"Citi Field",2024,15020,143,41922,35.83
"Citi Field",2023,27811,173,41922,66.34
"Citi Field",2022,30555,171,41922,72.89
"Citi Field",2021,20274,183,41922,48.36
"Citi Field",2024,32749,142,41922,78.12
"Citi Field",2022,40036,228,41922,95.5
"Citi Field",2022,43820,204,41922,104.53
"Citi Field",2022,28760,155,41922,68.6
"Citi Field",2021,23675,198,41922,56.47
"Citi Field",2021,10251,207,41922,24.45
"Citi Field",2024,31243,161,41922,74.53
"Citi Field",2021,24312,205,41922,57.99
"Citi Field",2021,33442,215,41922,79.77
"Citi Field",2021,21001,214,41922,50.1
"Citi Field",2021,31924,174,41922,76.15
"Citi Field",2024,24932,163,41922,59.47
"Citi Field",2021,23443,186,41922,55.92
"Citi Field",2021,7930,193,41922,18.92
"Citi Field",2022,33509,172,41922,79.93
"Citi Field",2024,30596,186,41922,72.98
"Citi Field",2022,39359,190,41922,93.89
"Citi Field",2021,26080,173,41922,62.21
"Citi Field",2023,39143,162,41922,93.37
"Citi Field",2023,34384,165,41922,82.02
"Citi Field",2021,26420,207,41922,63.02
"Citi Field",2022,40513,202,41922,96.64
"Citi Field",2021,24247,206,41922,57.84
"Citi Field",2023,30116,167,41922,71.84
"Citi Field",2023,39859,192,41922,95.08
"Citi Field",2024,22485,157,41922,53.64
"Citi Field",2022,32447,189,41922,77.4
"Citi Field",2022,43336,221,41922,103.37
"Citi Field",2024,25335,155,41922,60.43
"Citi Field",2023,25385,157,41922,60.55
"Citi Field",2022,23413,198,41922,55.85
"Citi Field",2022,28928,159,41922,69
"Citi Field",2021,7784,162,41922,18.57
"Citi Field",2022,36673,197,41922,87.48
"Citi Field",2024,28852,169,41922,68.82
"Citi Field",2024,34744,146,41922,82.88
"Citi Field",2023,39641,149,41922,94.56
"Citi Field",2021,28558,196,41922,68.12
"Citi Field",2023,28296,169,41922,67.5
"Citi Field",2024,21694,148,41922,51.75
"Citi Field",2023,27764,170,41922,66.23
"Citi Field",2022,30175,221,41922,71.98
"Citi Field",2024,22070,170,41922,52.65
"Citi Field",2024,28288,149,41922,67.48
"Citi Field",2024,26658,165,41922,63.59
"Citi Field",2021,24384,172,41922,58.17
"Citi Field",2021,26637,180,41922,63.54
"Citi Field",2021,13218,146,41922,31.53
"Citi Field",2021,33805,246,41922,80.64
"Citi Field",2021,8419,156,41922,20.08
"Citi Field",2024,19803,165,41922,47.24
"Citi Field",2023,35890,177,41922,85.61
"Citi Field",2022,37455,189,41922,89.34
"Citi Field",2021,16826,168,41922,40.14
"Citi Field",2023,33340,158,41922,79.53
"Citi Field",2024,32871,150,41922,78.41
"Citi Field",2023,36236,140,41922,86.44
"Citi Field",2024,37031,154,41922,88.33
"Citi Field",2022,37452,182,41922,89.34
"Citi Field",2022,36883,181,41922,87.98
"Citi Field",2022,40021,171,41922,95.47
"Citi Field",2024,44152,143,41922,105.32
"Citi Field",2021,8199,245,41922,19.56
"Citi Field",2023,38044,173,41922,90.75
"Citi Field",2024,31454,191,41922,75.03
"Citi Field",2024,34048,146,41922,81.22
"Citi Field",2022,26435,175,41922,63.06
"Citi Field",2021,24832,214,41922,59.23
"Citi Field",2021,25870,166,41922,61.71
"Citi Field",2024,27767,132,41922,66.23
"Citi Field",2021,20953,165,41922,49.98
"Citi Field",2022,36111,203,41922,86.14
"Citi Field",2021,26967,232,41922,64.33
"Citi Field",2023,37704,168,41922,89.94
"Citi Field",2024,22224,197,41922,53.01
"Citi Field",2024,43004,185,41922,102.58
"Citi Field",2021,25488,201,41922,60.8
"Citi Field",2021,17063,182,41922,40.7
"Citi Field",2024,22850,152,41922,54.51
"Citi Field",2024,43139,150,41922,102.9
"Citi Field",2021,18101,125,41922,43.18
"Citi Field",2024,31923,180,41922,76.15
"Citi Field",2021,7520,170,41922,17.94
"Citi Field",2024,34807,159,41922,83.03
"Citi Field",2022,28495,159,41922,67.97
"Citi Field",2021,24000,190,41922,57.25
"Citi Field",2022,40607,192,41922,96.86
"Citi Field",2023,37339,175,41922,89.07
"Citi Field",2024,34196,146,41922,81.57
"Citi Field",2023,29353,145,41922,70.02
"Citi Field",2021,29269,213,41922,69.82
"Citi Field",2023,35295,161,41922,84.19
"Citi Field",2023,29695,191,41922,70.83
"Citi Field",2023,29946,142,41922,71.43
"Citi Field",2021,31205,228,41922,74.44
"Citi Field",2021,38669,201,41922,92.24
"Citi Field",2023,27603,152,41922,65.84
"Citi Field",2024,33884,171,41922,80.83
"Citi Field",2022,22007,209,41922,52.5
"Citi Field",2023,38341,150,41922,91.46
"Citi Field",2022,28228,206,41922,67.33
"Citi Field",2024,24159,150,41922,57.63
"Citi Field",2021,9569,168,41922,22.83
"Citi Field",2022,38467,174,41922,91.76
"Citi Field",2023,38271,186,41922,91.29
"Citi Field",2021,8438,163,41922,20.13
"Citi Field",2022,37717,178,41922,89.97
"Citi Field",2024,25387,176,41922,60.56
"Citi Field",2023,30338,183,41922,72.37
"Citi Field",2023,33948,121,41922,80.98
"Citi Field",2023,30049,174,41922,71.68
"Citi Field",2021,16383,190,41922,39.08
"Citi Field",2024,24970,176,41922,59.56
"Citi Field",2023,31097,131,41922,74.18
"Citi Field",2024,30047,168,41922,71.67
"Citi Field",2023,31480,190,41922,75.09
"Citi Field",2022,31711,174,41922,75.64
"Citi Field",2024,34225,169,41922,81.64
"Citi Field",2024,26874,142,41922,64.1
"Citi Field",2021,19057,221,41922,45.46
"Citi Field",2022,42617,174,41922,101.66
"Citi Field",2023,22879,158,41922,54.58
"Citi Field",2024,28142,172,41922,67.13
"Citi Field",2022,28522,194,41922,68.04
"Citi Field",2021,25787,181,41922,61.51
"Citi Field",2021,17804,185,41922,42.47
"Citi Field",2021,15645,222,41922,37.32
"Citi Field",2023,42637,156,41922,101.71
"Citi Field",2021,15145,178,41922,36.13
"Citi Field",2023,25230,170,41922,60.18
"Citi Field",2021,37288,203,41922,88.95
"Citi Field",2024,31029,173,41922,74.02
"Citi Field",2022,36855,181,41922,87.91
"Citi Field",2021,25000,187,41922,59.63
"Citi Field",2023,35692,158,41922,85.14
"Citi Field",2021,8051,176,41922,19.2
"Citi Field",2024,32311,161,41922,77.07
"Citi Field",2024,42824,185,41922,102.15
"Citi Field",2021,18698,153,41922,44.6
"Citi Field",2024,30980,179,41922,73.9
"Citi Field",2022,33630,189,41922,80.22
"Citi Field",2024,42137,148,41922,100.51
"Citi Field",2024,24887,144,41922,59.37
"Citi Field",2023,28440,177,41922,67.84
"Citi Field",2024,38919,165,41922,92.84
"Citi Field",2021,31787,182,41922,75.82
"Citi Field",2022,25422,191,41922,60.64
"Citi Field",2021,29205,185,41922,69.67
"Citizens Bank Park",2022,35393,99,42901,82.5
"Citizens Bank Park",2022,36077,200,42901,84.09
"Citizens Bank Park",2021,10807,215,42901,25.19
"Citizens Bank Park",2022,36313,185,42901,84.64
"Citizens Bank Park",2023,36664,127,42901,85.46
"Citizens Bank Park",2022,34801,237,42901,81.12
"Citizens Bank Park",2024,44289,172,42901,103.24
"Citizens Bank Park",2024,44563,147,42901,103.87
"Citizens Bank Park",2024,44507,135,42901,103.74
"Citizens Bank Park",2024,44543,165,42901,103.83
"Citizens Bank Park",2023,29584,160,42901,68.96
"Citizens Bank Park",2024,44607,170,42901,103.98
"Citizens Bank Park",2022,32090,249,42901,74.8
"Citizens Bank Park",2024,37219,163,42901,86.76
"Citizens Bank Park",2023,28683,208,42901,66.86
"Citizens Bank Park",2023,40117,180,42901,93.51
"Citizens Bank Park",2022,29200,173,42901,68.06
"Citizens Bank Park",2021,10773,160,42901,25.11
"Citizens Bank Park",2023,40264,184,42901,93.85
"Citizens Bank Park",2021,9510,190,42901,22.17
"Citizens Bank Park",2021,39186,140,42901,91.34
"Citizens Bank Park",2022,27655,164,42901,64.46
"Citizens Bank Park",2023,31388,159,42901,73.16
"Citizens Bank Park",2022,28672,199,42901,66.83
"Citizens Bank Park",2024,44468,178,42901,103.65
"Citizens Bank Park",2023,42110,174,42901,98.16
"Citizens Bank Park",2022,22024,166,42901,51.34
"Citizens Bank Park",2021,28333,215,42901,66.04
"Citizens Bank Park",2022,20927,292,42901,48.78
"Citizens Bank Park",2021,22653,189,42901,52.8
"Citizens Bank Park",2024,43112,172,42901,100.49
"Citizens Bank Park",2024,43722,157,42901,101.91
"Citizens Bank Park",2023,44108,156,42901,102.81
"Citizens Bank Park",2021,13552,171,42901,31.59
"Citizens Bank Park",2024,42515,159,42901,99.1
"Citizens Bank Park",2022,27788,185,42901,64.77
"Citizens Bank Park",2023,37204,210,42901,86.72
"Citizens Bank Park",2024,43845,153,42901,102.2
"Citizens Bank Park",2024,42033,164,42901,97.98
"Citizens Bank Park",2021,18079,205,42901,42.14
"Citizens Bank Park",2022,29079,170,42901,67.78
"Citizens Bank Park",2021,8582,150,42901,20
"Citizens Bank Park",2021,16170,204,42901,37.69
"Citizens Bank Park",2023,43322,161,42901,100.98
"Citizens Bank Park",2023,43712,182,42901,101.89
"Citizens Bank Park",2021,10876,154,42901,25.35
"Citizens Bank Park",2024,35496,160,42901,82.74
"Citizens Bank Park",2022,28721,161,42901,66.95
"Citizens Bank Park",2022,19166,160,42901,44.67
"Citizens Bank Park",2022,27078,219,42901,63.12
"Citizens Bank Park",2023,43112,137,42901,100.49
"Citizens Bank Park",2021,10768,161,42901,25.1
"Citizens Bank Park",2021,10651,198,42901,24.83
"Citizens Bank Park",2022,19073,184,42901,44.46
"Citizens Bank Park",2022,29363,248,42901,68.44
"Citizens Bank Park",2022,24400,196,42901,56.88
"Citizens Bank Park",2024,43021,171,42901,100.28
"Citizens Bank Park",2024,44742,134,42901,104.29
"Citizens Bank Park",2022,20130,189,42901,46.92
"Citizens Bank Park",2021,38450,242,42901,89.62
"Citizens Bank Park",2023,41139,144,42901,95.89
"Citizens Bank Park",2023,40899,187,42901,95.33
"Citizens Bank Park",2023,43444,177,42901,101.27
"Citizens Bank Park",2022,41218,230,42901,96.08
"Citizens Bank Park",2023,32116,169,42901,74.86
"Citizens Bank Park",2021,37057,215,42901,86.38
"Citizens Bank Park",2022,23021,158,42901,53.66
"Citizens Bank Park",2022,29038,174,42901,67.69
"Citizens Bank Park",2022,21123,156,42901,49.24
"Citizens Bank Park",2023,44261,153,42901,103.17
"Citizens Bank Park",2023,44526,167,42901,103.79
"Citizens Bank Park",2022,34021,209,42901,79.3
"Citizens Bank Park",2024,44436,177,42901,103.58
"Citizens Bank Park",2021,10964,234,42901,25.56
"Citizens Bank Park",2023,31758,176,42901,74.03
"Citizens Bank Park",2022,21276,188,42901,49.59
"Citizens Bank Park",2022,22701,179,42901,52.91
"Citizens Bank Park",2022,37185,195,42901,86.68
"Citizens Bank Park",2023,37200,168,42901,86.71
"Citizens Bank Park",2023,42364,172,42901,98.75
"Citizens Bank Park",2023,44028,176,42901,102.63
"Citizens Bank Park",2021,14261,210,42901,33.24
"Citizens Bank Park",2024,42377,148,42901,98.78
"Citizens Bank Park",2021,25592,225,42901,59.65
"Citizens Bank Park",2021,22645,189,42901,52.78
"Citizens Bank Park",2021,19370,150,42901,45.15
"Citizens Bank Park",2023,34040,177,42901,79.35
"Citizens Bank Park",2022,22304,159,42901,51.99
"Citizens Bank Park",2021,16154,201,42901,37.65
"Citizens Bank Park",2024,44452,174,42901,103.62
"Citizens Bank Park",2023,42323,158,42901,98.65
"Citizens Bank Park",2022,22104,176,42901,51.52
"Citizens Bank Park",2021,38512,177,42901,89.77
"Citizens Bank Park",2023,37746,166,42901,87.98
"Citizens Bank Park",2022,43176,208,42901,100.64
"Citizens Bank Park",2022,28073,234,42901,65.44
"Citizens Bank Park",2022,21129,221,42901,49.25
"Citizens Bank Park",2023,34046,161,42901,79.36
"Citizens Bank Park",2024,43507,170,42901,101.41
"Citizens Bank Park",2021,16299,192,42901,37.99
"Citizens Bank Park",2023,42784,163,42901,99.73
"Citizens Bank Park",2023,40190,164,42901,93.68
"Citizens Bank Park",2021,11503,188,42901,26.81
"Citizens Bank Park",2021,26074,178,42901,60.78
"Citizens Bank Park",2022,21315,194,42901,49.68
"Citizens Bank Park",2022,27486,190,42901,64.07
"Citizens Bank Park",2023,36274,164,42901,84.55
"Citizens Bank Park",2021,18133,199,42901,42.27
"Citizens Bank Park",2023,29028,161,42901,67.66
"Citizens Bank Park",2022,36692,202,42901,85.53
"Citizens Bank Park",2023,39129,162,42901,91.21
"Citizens Bank Park",2023,40894,182,42901,95.32
"Citizens Bank Park",2023,30116,168,42901,70.2
"Citizens Bank Park",2024,33408,143,42901,77.87
"Citizens Bank Park",2024,42438,164,42901,98.92
"Citizens Bank Park",2024,44252,135,42901,103.15
"Citizens Bank Park",2023,34655,183,42901,80.78
"Citizens Bank Park",2024,37778,148,42901,88.06
"Citizens Bank Park",2024,42730,136,42901,99.6
"Citizens Bank Park",2023,38276,143,42901,89.22
"Citizens Bank Park",2024,38910,134,42901,90.7
"Citizens Bank Park",2024,43134,151,42901,100.54
"Citizens Bank Park",2021,25053,170,42901,58.4
"Citizens Bank Park",2024,44668,148,42901,104.12
"Citizens Bank Park",2022,20127,200,42901,46.91
"Citizens Bank Park",2022,20217,183,42901,47.12
"Citizens Bank Park",2021,24479,211,42901,57.06
"Citizens Bank Park",2021,10388,201,42901,24.21
"Citizens Bank Park",2021,29336,211,42901,68.38
"Citizens Bank Park",2023,36510,184,42901,85.1
"Citizens Bank Park",2023,28642,149,42901,66.76
"Citizens Bank Park",2024,42577,170,42901,99.24
"Citizens Bank Park",2023,36096,155,42901,84.14
"Citizens Bank Park",2022,30355,171,42901,70.76
"Citizens Bank Park",2021,10110,187,42901,23.57
"Citizens Bank Park",2022,25452,196,42901,59.33
"Citizens Bank Park",2022,28013,200,42901,65.3
"Citizens Bank Park",2021,20548,219,42901,47.9
"Citizens Bank Park",2024,44568,153,42901,103.89
"Citizens Bank Park",2023,38142,157,42901,88.91
"Citizens Bank Park",2021,23546,190,42901,54.88
"Citizens Bank Park",2024,39373,149,42901,91.78
"Citizens Bank Park",2022,20098,188,42901,46.85
"Citizens Bank Park",2021,18071,180,42901,42.12
"Citizens Bank Park",2021,23265,217,42901,54.23
"Citizens Bank Park",2022,22300,199,42901,51.98
"Citizens Bank Park",2022,17755,182,42901,41.39
"Citizens Bank Park",2024,42846,142,42901,99.87
"Citizens Bank Park",2023,44287,164,42901,103.23
"Citizens Bank Park",2021,10584,196,42901,24.67
"Citizens Bank Park",2022,44232,194,42901,103.1
"Citizens Bank Park",2021,15030,176,42901,35.03
"Citizens Bank Park",2023,31133,140,42901,72.57
"Citizens Bank Park",2021,22237,205,42901,51.83
"Citizens Bank Park",2021,10914,200,42901,25.44
"Citizens Bank Park",2021,10782,195,42901,25.13
"Citizens Bank Park",2024,40632,178,42901,94.71
"Citizens Bank Park",2024,38267,209,42901,89.2
"Citizens Bank Park",2023,30113,188,42901,70.19
"Citizens Bank Park",2024,35706,171,42901,83.23
"Citizens Bank Park",2022,23802,209,42901,55.48
"Citizens Bank Park",2022,22087,166,42901,51.48
"Citizens Bank Park",2022,41622,157,42901,97.02
"Citizens Bank Park",2022,27725,198,42901,64.63
"Citizens Bank Park",2023,44669,134,42901,104.12
"Citizens Bank Park",2024,44356,140,42901,103.39
"Citizens Bank Park",2023,44365,163,42901,103.41
"Citizens Bank Park",2022,39374,203,42901,91.78
"Citizens Bank Park",2024,44546,183,42901,103.83
"Citizens Bank Park",2021,10752,220,42901,25.06
"Citizens Bank Park",2022,25621,167,42901,59.72
"Citizens Bank Park",2022,30146,211,42901,70.27
"Citizens Bank Park",2024,43614,157,42901,101.66
"Citizens Bank Park",2022,17145,186,42901,39.96
"Citizens Bank Park",2023,33132,190,42901,77.23
"Citizens Bank Park",2021,15424,220,42901,35.95
"Citizens Bank Park",2024,40193,159,42901,93.69
"Citizens Bank Park",2021,10842,154,42901,25.27
"Citizens Bank Park",2024,43222,179,42901,100.75
"Citizens Bank Park",2024,40715,143,42901,94.9
"Citizens Bank Park",2023,41531,151,42901,96.81
"Citizens Bank Park",2023,35093,164,42901,81.8
"Citizens Bank Park",2024,40677,179,42901,94.82
"Citizens Bank Park",2024,39511,160,42901,92.1
"Citizens Bank Park",2023,43586,159,42901,101.6
"Citizens Bank Park",2021,20148,234,42901,46.96
"Citizens Bank Park",2022,24726,192,42901,57.64
"Citizens Bank Park",2022,26175,169,42901,61.01
"Citizens Bank Park",2022,33507,177,42901,78.1
"Citizens Bank Park",2023,44385,161,42901,103.46
"Citizens Bank Park",2024,35010,127,42901,81.61
"Citizens Bank Park",2024,44445,157,42901,103.6
"Citizens Bank Park",2022,22317,185,42901,52.02
"Citizens Bank Park",2024,41067,181,42901,95.73
"Citizens Bank Park",2021,16118,191,42901,37.57
"Citizens Bank Park",2021,20588,208,42901,47.99
"Citizens Bank Park",2024,34681,181,42901,80.84
"Citizens Bank Park",2024,44079,156,42901,102.75
"Citizens Bank Park",2021,10948,176,42901,25.52
"Citizens Bank Park",2022,27657,245,42901,64.47
"Citizens Bank Park",2021,25552,168,42901,59.56
"Citizens Bank Park",2021,28544,234,42901,66.53
"Citizens Bank Park",2023,32641,154,42901,76.08
"Citizens Bank Park",2023,30406,129,42901,70.87
"Citizens Bank Park",2024,44117,159,42901,102.83
"Citizens Bank Park",2024,43356,126,42901,101.06
"Citizens Bank Park",2021,15108,246,42901,35.22
"Citizens Bank Park",2023,33753,160,42901,78.68
"Citizens Bank Park",2021,23232,197,42901,54.15
"Citizens Bank Park",2022,29285,200,42901,68.26
"Citizens Bank Park",2021,19219,198,42901,44.8
"Citizens Bank Park",2024,28119,164,42901,65.54
"Citizens Bank Park",2023,42326,150,42901,98.66
"Citizens Bank Park",2024,43249,194,42901,100.81
"Citizens Bank Park",2022,31190,244,42901,72.7
"Citizens Bank Park",2022,26650,193,42901,62.12
"Citizens Bank Park",2023,40235,141,42901,93.79
"Citizens Bank Park",2024,35578,168,42901,82.93
"Citizens Bank Park",2023,33420,167,42901,77.9
"Citizens Bank Park",2024,43065,169,42901,100.38
"Citizens Bank Park",2021,24692,177,42901,57.56
"Citizens Bank Park",2024,42386,154,42901,98.8
"Citizens Bank Park",2024,44713,173,42901,104.22
"Citizens Bank Park",2024,44288,143,42901,103.23
"Citizens Bank Park",2022,25444,187,42901,59.31
"Citizens Bank Park",2021,25100,158,42901,58.51
"Citizens Bank Park",2023,44043,161,42901,102.66
"Citizens Bank Park",2024,44502,231,42901,103.73
"Citizens Bank Park",2021,15360,199,42901,35.8
"Citizens Bank Park",2021,30106,196,42901,70.18
"Citizens Bank Park",2023,31543,124,42901,73.53
"Citizens Bank Park",2021,11114,214,42901,25.91
"Citizens Bank Park",2022,24040,195,42901,56.04
"Citizens Bank Park",2021,15279,215,42901,35.61
"Citizens Bank Park",2023,43261,155,42901,100.84
"Citizens Bank Park",2021,23181,252,42901,54.03
"Citizens Bank Park",2021,23402,177,42901,54.55
"Citizens Bank Park",2024,41190,184,42901,96.01
"Citizens Bank Park",2022,30820,176,42901,71.84
"Citizens Bank Park",2023,42901,196,42901,100
"Citizens Bank Park",2023,40111,160,42901,93.5
"Citizens Bank Park",2023,44618,163,42901,104
"Citizens Bank Park",2024,40451,162,42901,94.29
"Citizens Bank Park",2024,41058,165,42901,95.7
"Citizens Bank Park",2023,40420,174,42901,94.22
"Citizens Bank Park",2024,43025,155,42901,100.29
"Citizens Bank Park",2021,28712,141,42901,66.93
"Citizens Bank Park",2023,44097,161,42901,102.79
"Citizens Bank Park",2021,21390,210,42901,49.86
"Citizens Bank Park",2022,30612,177,42901,71.35
"Citizens Bank Park",2022,38542,216,42901,89.84
"Citizens Bank Park",2022,37133,195,42901,86.56
"Citizens Bank Park",2023,39570,177,42901,92.24
"Citizens Bank Park",2024,44020,163,42901,102.61
"Citizens Bank Park",2022,26045,192,42901,60.71
"Citizens Bank Park",2022,37105,179,42901,86.49
"Citizens Bank Park",2023,41939,146,42901,97.76
"Citizens Bank Park",2024,42570,157,42901,99.23
"Citizens Bank Park",2023,38795,189,42901,90.43
"Citizens Bank Park",2022,35801,266,42901,83.45
"Citizens Bank Park",2023,41141,162,42901,95.9
"Citizens Bank Park",2024,39069,138,42901,91.07
"Citizens Bank Park",2021,24099,207,42901,56.17
"Citizens Bank Park",2024,44231,175,42901,103.1
"Citizens Bank Park",2022,30025,224,42901,69.99
"Citizens Bank Park",2024,39492,155,42901,92.05
"Citizens Bank Park",2021,18955,220,42901,44.18
"Citizens Bank Park",2022,37423,204,42901,87.23
"Citizens Bank Park",2023,41544,212,42901,96.84
"Citizens Bank Park",2021,32186,230,42901,75.02
"Citizens Bank Park",2021,8529,213,42901,19.88
"Citizens Bank Park",2023,33035,218,42901,77
"Citizens Bank Park",2022,27775,208,42901,64.74
"Citizens Bank Park",2021,21440,169,42901,49.98
"Citizens Bank Park",2023,30572,188,42901,71.26
"Citizens Bank Park",2021,26122,190,42901,60.89
"Citizens Bank Park",2023,33071,166,42901,77.09
"Citizens Bank Park",2024,44786,133,42901,104.39
"Citizens Bank Park",2021,10890,234,42901,25.38
"Citizens Bank Park",2024,39627,169,42901,92.37
"Citizens Bank Park",2024,33754,184,42901,78.68
"Citizens Bank Park",2024,33362,135,42901,77.77
"Citizens Bank Park",2022,20220,192,42901,47.13
"Citizens Bank Park",2023,43832,170,42901,102.17
"Citizens Bank Park",2022,30546,175,42901,71.2
"Citizens Bank Park",2024,42610,181,42901,99.32
"Citizens Bank Park",2024,40888,180,42901,95.31
"Citizens Bank Park",2022,44225,183,42901,103.09
"Citizens Bank Park",2021,11549,182,42901,26.92
"Citizens Bank Park",2023,33196,167,42901,77.38
"Citizens Bank Park",2024,41083,156,42901,95.76
"Citizens Bank Park",2024,28077,154,42901,65.45
"Citizens Bank Park",2023,42508,167,42901,99.08
"Citizens Bank Park",2024,39595,169,42901,92.29
"Citizens Bank Park",2022,32068,237,42901,74.75
"Citizens Bank Park",2023,44544,190,42901,103.83
"Citizens Bank Park",2022,36809,222,42901,85.8
"Citizens Bank Park",2021,19652,232,42901,45.81
"Citizens Bank Park",2021,28135,153,42901,65.58
"Citizens Bank Park",2023,40388,151,42901,94.14
"Citizens Bank Park",2023,34118,138,42901,79.53
"Citizens Bank Park",2024,43553,130,42901,101.52
"Citizens Bank Park",2024,40088,165,42901,93.44
"Citizens Bank Park",2021,20135,194,42901,46.93
"Citizens Bank Park",2022,22213,182,42901,51.78
"Citizens Bank Park",2021,17892,259,42901,41.71
"Citizens Bank Park",2024,42912,150,42901,100.03
"Citizens Bank Park",2023,35302,155,42901,82.29
"Citizens Bank Park",2021,20208,238,42901,47.1
"Citizens Bank Park",2023,27025,163,42901,62.99
"Citizens Bank Park",2022,30131,178,42901,70.23
"Citizens Bank Park",2024,44448,152,42901,103.61
"Citizens Bank Park",2022,22369,177,42901,52.14
"Citizens Bank Park",2021,17190,246,42901,40.07
"Citizens Bank Park",2021,22138,219,42901,51.6
"Citizens Bank Park",2021,13125,225,42901,30.59
"Citizens Bank Park",2021,9537,195,42901,22.23
"Citizens Bank Park",2023,35062,160,42901,81.73
"Citizens Bank Park",2024,40519,177,42901,94.45
"Comerica Park",2021,17134,176,41083,41.71
"Comerica Park",2022,15375,184,41083,37.42
"Comerica Park",2021,12656,232,41083,30.81
"Comerica Park",2022,13844,179,41083,33.7
"Comerica Park",2021,7314,174,41083,17.8
"Comerica Park",2022,16560,182,41083,40.31
"Comerica Park",2022,17469,191,41083,42.52
"Comerica Park",2022,26134,170,41083,63.61
"Comerica Park",2022,18307,192,41083,44.56
"Comerica Park",2021,8000,197,41083,19.47
"Comerica Park",2024,24077,146,41083,58.61
"Comerica Park",2022,43480,210,41083,105.83
"Comerica Park",2021,19144,194,41083,46.6
"Comerica Park",2022,11756,166,41083,28.62
"Comerica Park",2024,15174,154,41083,36.93
"Comerica Park",2024,18714,178,41083,45.55
"Comerica Park",2023,26050,149,41083,63.41
"Comerica Park",2023,21585,191,41083,52.54
"Comerica Park",2024,12005,141,41083,29.22
"Comerica Park",2022,17972,158,41083,43.75
"Comerica Park",2023,30077,173,41083,73.21
"Comerica Park",2024,44711,153,41083,108.83
"Comerica Park",2022,16335,198,41083,39.76
"Comerica Park",2024,20170,148,41083,49.1
"Comerica Park",2022,13054,163,41083,31.77
"Comerica Park",2022,12122,149,41083,29.51
"Comerica Park",2021,7377,201,41083,17.96
"Comerica Park",2021,23788,198,41083,57.9
"Comerica Park",2022,34205,201,41083,83.26
"Comerica Park",2022,23941,190,41083,58.27
"Comerica Park",2024,25990,150,41083,63.26
"Comerica Park",2022,24213,223,41083,58.94
"Comerica Park",2022,15191,184,41083,36.98
"Comerica Park",2022,16067,180,41083,39.11
"Comerica Park",2024,10259,157,41083,24.97
"Comerica Park",2022,20080,180,41083,48.88
"Comerica Park",2023,10099,110,41083,24.58
"Comerica Park",2024,16035,141,41083,39.03
"Comerica Park",2021,8000,186,41083,19.47
"Comerica Park",2022,15259,179,41083,37.14
"Comerica Park",2022,18505,197,41083,45.04
"Comerica Park",2023,24186,142,41083,58.87
"Comerica Park",2023,18409,131,41083,44.81
"Comerica Park",2022,28197,135,41083,68.63
"Comerica Park",2023,14885,158,41083,36.23
"Comerica Park",2022,13137,183,41083,31.98
"Comerica Park",2021,27282,145,41083,66.41
"Comerica Park",2023,16772,155,41083,40.82
"Comerica Park",2021,8000,183,41083,19.47
"Comerica Park",2022,13820,172,41083,33.64
"Comerica Park",2022,21123,172,41083,51.42
"Comerica Park",2024,18368,171,41083,44.71
"Comerica Park",2024,25207,160,41083,61.36
"Comerica Park",2023,20160,170,41083,49.07
"Comerica Park",2023,15731,157,41083,38.29
"Comerica Park",2024,21925,154,41083,53.37
"Comerica Park",2022,21529,154,41083,52.4
"Comerica Park",2024,22975,165,41083,55.92
"Comerica Park",2023,19782,167,41083,48.15
"Comerica Park",2022,16359,161,41083,39.82
"Comerica Park",2021,9290,201,41083,22.61
"Comerica Park",2022,23502,174,41083,57.21
"Comerica Park",2021,25684,171,41083,62.52
"Comerica Park",2024,24512,142,41083,59.66
"Comerica Park",2021,20847,238,41083,50.74
"Comerica Park",2021,7133,162,41083,17.36
"Comerica Park",2024,27778,164,41083,67.61
"Comerica Park",2023,11599,196,41083,28.23
"Comerica Park",2021,13704,205,41083,33.36
"Comerica Park",2021,13333,153,41083,32.45
"Comerica Park",2024,42060,178,41083,102.38
"Comerica Park",2022,10522,231,41083,25.61
"Comerica Park",2024,20108,175,41083,48.94
"Comerica Park",2021,7568,166,41083,18.42
"Comerica Park",2022,26226,170,41083,63.84
"Comerica Park",2021,15833,155,41083,38.54
"Comerica Park",2021,21132,147,41083,51.44
"Comerica Park",2022,17565,177,41083,42.75
"Comerica Park",2024,38110,159,41083,92.76
"Comerica Park",2023,21211,170,41083,51.63
"Comerica Park",2022,37566,182,41083,91.44
"Comerica Park",2021,8000,246,41083,19.47
"Comerica Park",2024,24345,124,41083,59.26
"Comerica Park",2021,18861,172,41083,45.91
"Comerica Park",2022,23570,190,41083,57.37
"Comerica Park",2023,16570,175,41083,40.33
"Comerica Park",2021,14163,192,41083,34.47
"Comerica Park",2021,7232,212,41083,17.6
"Comerica Park",2024,27529,151,41083,67.01
"Comerica Park",2024,16290,180,41083,39.65
"Comerica Park",2021,18783,219,41083,45.72
"Comerica Park",2021,22107,177,41083,53.81
"Comerica Park",2022,11840,170,41083,28.82
"Comerica Park",2021,8000,167,41083,19.47
"Comerica Park",2024,17317,147,41083,42.15
"Comerica Park",2022,21647,189,41083,52.69
"Comerica Park",2024,17251,150,41083,41.99
"Comerica Park",2024,22530,150,41083,54.84
"Comerica Park",2022,20088,175,41083,48.9
"Comerica Park",2024,35138,143,41083,85.53
"Comerica Park",2024,27627,199,41083,67.25
"Comerica Park",2023,19630,168,41083,47.78
"Comerica Park",2024,29269,163,41083,71.24
"Comerica Park",2023,44650,152,41083,108.68
"Comerica Park",2023,28496,190,41083,69.36
"Comerica Park",2023,15080,203,41083,36.71
"Comerica Park",2023,41425,148,41083,100.83
"Comerica Park",2024,27004,163,41083,65.73
"Comerica Park",2022,15498,239,41083,37.72
"Comerica Park",2023,17236,141,41083,41.95
"Comerica Park",2022,13334,180,41083,32.46
"Comerica Park",2023,16588,145,41083,40.38
"Comerica Park",2022,15150,187,41083,36.88
"Comerica Park",2024,24624,162,41083,59.94
"Comerica Park",2021,18185,211,41083,44.26
"Comerica Park",2023,15507,176,41083,37.75
"Comerica Park",2022,40101,174,41083,97.61
"Comerica Park",2024,17677,131,41083,43.03
"Comerica Park",2021,13396,228,41083,32.61
"Comerica Park",2024,34355,121,41083,83.62
"Comerica Park",2021,15854,150,41083,38.59
"Comerica Park",2021,8000,186,41083,19.47
"Comerica Park",2024,16862,159,41083,41.04
"Comerica Park",2021,15956,174,41083,38.84
"Comerica Park",2022,12610,170,41083,30.69
"Comerica Park",2023,18742,187,41083,45.62
"Comerica Park",2023,20159,149,41083,49.07
"Comerica Park",2023,31974,167,41083,77.83
"Comerica Park",2022,24395,175,41083,59.38
"Comerica Park",2023,11048,161,41083,26.89
"Comerica Park",2023,19021,155,41083,46.3
"Comerica Park",2022,17268,186,41083,42.03
"Comerica Park",2021,15724,204,41083,38.27
"Comerica Park",2021,13425,162,41083,32.68
"Comerica Park",2024,21035,154,41083,51.2
"Comerica Park",2024,22399,139,41083,54.52
"Comerica Park",2024,16119,146,41083,39.24
"Comerica Park",2023,30029,171,41083,73.09
"Comerica Park",2022,12674,169,41083,30.85
"Comerica Park",2021,25132,179,41083,61.17
"Comerica Park",2023,11230,143,41083,27.33
"Comerica Park",2022,13211,133,41083,32.16
"Comerica Park",2023,13626,166,41083,33.17
"Comerica Park",2024,40196,191,41083,97.84
"Comerica Park",2023,20968,164,41083,51.04
"Comerica Park",2021,7525,159,41083,18.32
"Comerica Park",2024,11339,184,41083,27.6
"Comerica Park",2021,31624,176,41083,76.98
"Comerica Park",2021,24877,187,41083,60.55
"Comerica Park",2023,15149,155,41083,36.87
"Comerica Park",2021,16633,200,41083,40.49
"Comerica Park",2021,8000,158,41083,19.47
"Comerica Park",2023,30238,179,41083,73.6
"Comerica Park",2022,15712,176,41083,38.24
"Comerica Park",2023,13903,170,41083,33.84
"Comerica Park",2024,18120,131,41083,44.11
"Comerica Park",2024,23408,155,41083,56.98
"Comerica Park",2024,20429,144,41083,49.73
"Comerica Park",2021,24714,210,41083,60.16
"Comerica Park",2021,32845,207,41083,79.95
"Comerica Park",2023,15133,138,41083,36.84
"Comerica Park",2023,14616,161,41083,35.58
"Comerica Park",2024,22548,135,41083,54.88
"Comerica Park",2021,13950,141,41083,33.96
"Comerica Park",2023,24685,156,41083,60.09
"Comerica Park",2022,24669,183,41083,60.05
"Comerica Park",2022,19990,157,41083,48.66
"Comerica Park",2022,24349,170,41083,59.27
"Comerica Park",2023,24403,179,41083,59.4
"Comerica Park",2022,28016,149,41083,68.19
"Comerica Park",2024,36244,147,41083,88.22
"Comerica Park",2021,17259,152,41083,42.01
"Comerica Park",2021,18842,169,41083,45.86
"Comerica Park",2021,7369,191,41083,17.94
"Comerica Park",2022,19737,175,41083,48.04
"Comerica Park",2024,18387,161,41083,44.76
"Comerica Park",2021,16033,182,41083,39.03
"Comerica Park",2023,26749,153,41083,65.11
"Comerica Park",2021,8000,172,41083,19.47
"Comerica Park",2022,16595,179,41083,40.39
"Comerica Park",2022,13947,178,41083,33.95
"Comerica Park",2023,24856,175,41083,60.5
"Comerica Park",2021,9162,223,41083,22.3
"Comerica Park",2024,20645,170,41083,50.25
"Comerica Park",2023,17974,161,41083,43.75
"Comerica Park",2021,13492,193,41083,32.84
"Comerica Park",2021,8000,151,41083,19.47
"Comerica Park",2023,14542,143,41083,35.4
"Comerica Park",2021,8000,174,41083,19.47
"Comerica Park",2023,30939,167,41083,75.31
"Comerica Park",2024,35210,176,41083,85.7
"Comerica Park",2023,21965,160,41083,53.46
"Comerica Park",2021,7288,176,41083,17.74
"Comerica Park",2024,10377,143,41083,25.26
"Comerica Park",2023,21835,158,41083,53.15
"Comerica Park",2022,19036,217,41083,46.34
"Comerica Park",2021,13263,192,41083,32.28
"Comerica Park",2021,7832,211,41083,19.06
"Comerica Park",2022,20726,171,41083,50.45
"Comerica Park",2022,12764,172,41083,31.07
"Comerica Park",2024,20643,140,41083,50.25
"Comerica Park",2023,11363,124,41083,27.66
"Comerica Park",2024,24938,126,41083,60.7
"Comerica Park",2024,35321,124,41083,85.97
"Comerica Park",2022,21547,220,41083,52.45
"Comerica Park",2023,19664,165,41083,47.86
"Comerica Park",2022,28635,167,41083,69.7
"Comerica Park",2022,23581,160,41083,57.4
"Comerica Park",2021,13532,209,41083,32.94
"Comerica Park",2024,27140,161,41083,66.06
"Comerica Park",2023,18369,126,41083,44.71
"Comerica Park",2024,25253,140,41083,61.47
"Comerica Park",2024,27160,157,41083,66.11
"Comerica Park",2023,24523,146,41083,59.69
"Comerica Park",2023,20560,172,41083,50.05
"Comerica Park",2023,13779,158,41083,33.54
"Comerica Park",2024,18258,137,41083,44.44
"Comerica Park",2024,35159,172,41083,85.58
"Comerica Park",2022,16450,200,41083,40.04
"Comerica Park",2024,32463,161,41083,79.02
"Comerica Park",2022,16662,183,41083,40.56
"Comerica Park",2024,17111,188,41083,41.65
"Comerica Park",2024,18847,147,41083,45.88
"Comerica Park",2021,13747,115,41083,33.46
"Comerica Park",2021,14093,167,41083,34.3
"Comerica Park",2023,30053,169,41083,73.15
"Comerica Park",2023,16484,134,41083,40.12
"Comerica Park",2024,17049,150,41083,41.5
"Comerica Park",2021,7312,220,41083,17.8
"Comerica Park",2023,28834,153,41083,70.18
"Comerica Park",2023,30621,141,41083,74.53
"Comerica Park",2022,13666,180,41083,33.26
"Comerica Park",2022,17829,184,41083,43.4
"Comerica Park",2023,16945,146,41083,41.25
"Comerica Park",2023,18344,185,41083,44.65
"Comerica Park",2022,21625,213,41083,52.64
"Comerica Park",2022,29399,163,41083,71.56
"Comerica Park",2023,22644,193,41083,55.12
"Comerica Park",2023,23511,136,41083,57.23
"Comerica Park",2023,18223,155,41083,44.36
"Comerica Park",2024,41740,178,41083,101.6
"Comerica Park",2022,17400,173,41083,42.35
"Comerica Park",2021,16424,180,41083,39.98
"Comerica Park",2022,16634,200,41083,40.49
"Comerica Park",2022,14393,167,41083,35.03
"Comerica Park",2023,20195,152,41083,49.16
"Comerica Park",2021,7461,115,41083,18.16
"Comerica Park",2021,15913,227,41083,38.73
"Comerica Park",2024,16498,129,41083,40.16
"Comerica Park",2021,8000,214,41083,19.47
"Comerica Park",2024,33513,155,41083,81.57
"Comerica Park",2023,21701,161,41083,52.82
"Comerica Park",2023,15003,165,41083,36.52
"Comerica Park",2021,7356,136,41083,17.91
"Comerica Park",2024,19806,145,41083,48.21
"Comerica Park",2021,15342,205,41083,37.34
"Comerica Park",2024,22734,150,41083,55.34
"Comerica Park",2023,18438,140,41083,44.88
"Comerica Park",2021,10585,207,41083,25.76
"Comerica Park",2023,22116,148,41083,53.83
"Comerica Park",2023,27103,181,41083,65.97
"Comerica Park",2024,12434,167,41083,30.27
"Comerica Park",2023,18709,141,41083,45.54
"Comerica Park",2023,18483,148,41083,44.99
"Comerica Park",2024,21215,145,41083,51.64
"Comerica Park",2022,21996,181,41083,53.54
"Comerica Park",2024,22770,119,41083,55.42
"Comerica Park",2022,28179,177,41083,68.59
"Comerica Park",2021,18321,206,41083,44.6
"Comerica Park",2024,12901,144,41083,31.4
"Comerica Park",2024,19538,153,41083,47.56
"Comerica Park",2022,15206,219,41083,37.01
"Comerica Park",2021,12884,176,41083,31.36
"Comerica Park",2023,40224,182,41083,97.91
"Comerica Park",2024,41933,146,41083,102.07
"Comerica Park",2022,30738,171,41083,74.82
"Comerica Park",2021,8000,130,41083,19.47
"Comerica Park",2024,18794,130,41083,45.75
"Comerica Park",2022,17448,170,41083,42.47
"Comerica Park",2021,8000,203,41083,19.47
"Comerica Park",2021,11623,216,41083,28.29
"Comerica Park",2021,11321,166,41083,27.56
"Comerica Park",2023,13326,156,41083,32.44
"Comerica Park",2023,16907,136,41083,41.15
"Comerica Park",2021,13853,178,41083,33.72
"Comerica Park",2021,8000,218,41083,19.47
"Comerica Park",2022,20105,189,41083,48.94
"Comerica Park",2021,8000,182,41083,19.47
"Comerica Park",2022,18395,170,41083,44.78
"Comerica Park",2023,31607,150,41083,76.93
"Comerica Park",2023,16734,138,41083,40.73
"Comerica Park",2023,23832,162,41083,58.01
"Comerica Park",2021,12422,126,41083,30.24
"Comerica Park",2021,9081,189,41083,22.1
"Comerica Park",2022,14435,194,41083,35.14
"Comerica Park",2021,12433,196,41083,30.26
"Comerica Park",2022,25919,189,41083,63.09
"Comerica Park",2024,32333,183,41083,78.7
"Comerica Park",2024,16303,153,41083,39.68
"Comerica Park",2022,17579,209,41083,42.79
"Comerica Park",2024,15743,129,41083,38.32
"Comerica Park",2022,12536,173,41083,30.51
"Comerica Park",2023,17956,177,41083,43.71
"Comerica Park",2023,21824,168,41083,53.12
"Comerica Park",2022,15781,169,41083,38.41
"Comerica Park",2022,23064,176,41083,56.14
"Comerica Park",2021,17230,187,41083,41.94
"Comerica Park",2021,11044,224,41083,26.88
"Comerica Park",2023,15289,230,41083,37.21
"Comerica Park",2021,12593,193,41083,30.65
"Comerica Park",2024,23239,140,41083,56.57
"Comerica Park",2024,27867,143,41083,67.83
"Comerica Park",2024,44435,138,41083,108.16
"Comerica Park",2021,7306,240,41083,17.78
"Comerica Park",2024,30173,142,41083,73.44
"Coors Field",2022,19387,138,46897,41.34
"Coors Field",2021,41613,186,46897,88.73
"Coors Field",2021,20388,225,46897,43.47
"Coors Field",2024,47442,142,46897,101.16
"Coors Field",2021,30410,167,46897,64.84
"Coors Field",2021,27459,166,46897,58.55
"Coors Field",2023,43885,157,46897,93.58
"Coors Field",2021,27117,210,46897,57.82
"Coors Field",2024,25315,142,46897,53.98
"Coors Field",2021,13647,216,46897,29.1
"Coors Field",2021,20270,207,46897,43.22
"Coors Field",2023,35249,137,46897,75.16
"Coors Field",2022,23838,182,46897,50.83
"Coors Field",2024,33791,175,46897,72.05
"Coors Field",2022,28533,157,46897,60.84
"Coors Field",2021,18798,207,46897,40.08
"Coors Field",2024,26863,131,46897,57.28
"Coors Field",2023,19495,159,46897,41.57
"Coors Field",2024,20805,159,46897,44.36
"Coors Field",2024,35261,205,46897,75.19
"Coors Field",2024,25669,202,46897,54.73
"Coors Field",2022,22719,254,46897,48.44
"Coors Field",2023,32283,193,46897,68.84
"Coors Field",2024,48321,147,46897,103.04
"Coors Field",2022,32055,153,46897,68.35
"Coors Field",2022,25669,182,46897,54.73
"Coors Field",2022,48087,168,46897,102.54
"Coors Field",2022,26629,170,46897,56.78
"Coors Field",2021,30243,196,46897,64.49
"Coors Field",2022,40503,223,46897,86.37
"Coors Field",2021,26790,223,46897,57.13
"Coors Field",2024,26027,175,46897,55.5
"Coors Field",2024,33028,157,46897,70.43
"Coors Field",2023,22101,176,46897,47.13
"Coors Field",2023,22824,196,46897,48.67
"Coors Field",2022,23293,159,46897,49.67
"Coors Field",2024,37527,168,46897,80.02
"Coors Field",2023,30288,166,46897,64.58
"Coors Field",2023,47272,178,46897,100.8
"Coors Field",2021,47224,230,46897,100.7
"Coors Field",2021,27915,138,46897,59.52
"Coors Field",2021,20692,190,46897,44.12
"Coors Field",2021,45063,216,46897,96.09
"Coors Field",2024,23870,140,46897,50.9
"Coors Field",2022,20403,173,46897,43.51
"Coors Field",2024,25140,150,46897,53.61
"Coors Field",2023,29190,208,46897,62.24
"Coors Field",2022,37336,212,46897,79.61
"Coors Field",2021,19289,169,46897,41.13
"Coors Field",2024,25566,163,46897,54.52
"Coors Field",2022,35278,187,46897,75.22
"Coors Field",2023,47211,218,46897,100.67
"Coors Field",2023,27024,174,46897,57.62
"Coors Field",2023,23644,167,46897,50.42
"Coors Field",2022,28377,182,46897,60.51
"Coors Field",2024,38406,143,46897,81.89
"Coors Field",2023,25133,170,46897,53.59
"Coors Field",2024,25944,159,46897,55.32
"Coors Field",2022,30682,227,46897,65.42
"Coors Field",2024,48399,190,46897,103.2
"Coors Field",2023,27417,181,46897,58.46
"Coors Field",2022,40275,176,46897,85.88
"Coors Field",2023,30325,153,46897,64.66
"Coors Field",2024,35107,145,46897,74.86
"Coors Field",2024,31935,179,46897,68.1
"Coors Field",2023,33375,187,46897,71.17
"Coors Field",2022,33710,183,46897,71.88
"Coors Field",2023,32038,135,46897,68.32
"Coors Field",2021,23027,157,46897,49.1
"Coors Field",2021,7120,154,46897,15.18
"Coors Field",2021,10144,188,46897,21.63
"Coors Field",2023,48632,156,46897,103.7
"Coors Field",2024,32693,141,46897,69.71
"Coors Field",2023,40145,173,46897,85.6
"Coors Field",2021,35351,190,46897,75.38
"Coors Field",2022,33479,189,46897,71.39
"Coors Field",2021,20368,171,46897,43.43
"Coors Field",2024,48750,179,46897,103.95
"Coors Field",2022,28077,222,46897,59.87
"Coors Field",2022,27591,193,46897,58.83
"Coors Field",2022,34169,160,46897,72.86
"Coors Field",2022,30139,205,46897,64.27
"Coors Field",2023,20331,134,46897,43.35
"Coors Field",2023,36937,158,46897,78.76
"Coors Field",2023,26054,173,46897,55.56
"Coors Field",2021,20613,237,46897,43.95
"Coors Field",2024,48395,173,46897,103.19
"Coors Field",2021,34224,215,46897,72.98
"Coors Field",2023,20611,125,46897,43.95
"Coors Field",2023,32171,164,46897,68.6
"Coors Field",2022,41054,214,46897,87.54
"Coors Field",2024,30507,140,46897,65.05
"Coors Field",2022,23055,225,46897,49.16
"Coors Field",2023,40151,184,46897,85.62
"Coors Field",2021,10213,184,46897,21.78
"Coors Field",2024,40236,154,46897,85.8
"Coors Field",2022,48331,167,46897,103.06
"Coors Field",2024,27022,192,46897,57.62
"Coors Field",2024,34177,153,46897,72.88
"Coors Field",2021,8825,184,46897,18.82
"Coors Field",2021,24371,151,46897,51.97
"Coors Field",2023,25244,156,46897,53.83
"Coors Field",2021,36891,196,46897,78.66
"Coors Field",2024,29238,183,46897,62.35
"Coors Field",2024,19356,138,46897,41.27
"Coors Field",2024,40115,165,46897,85.54
"Coors Field",2022,30731,216,46897,65.53
"Coors Field",2022,40233,196,46897,85.79
"Coors Field",2021,24552,230,46897,52.35
"Coors Field",2023,24648,162,46897,52.56
"Coors Field",2023,43871,157,46897,93.55
"Coors Field",2022,38768,162,46897,82.67
"Coors Field",2021,12894,177,46897,27.49
"Coors Field",2022,35164,201,46897,74.98
"Coors Field",2022,38706,139,46897,82.53
"Coors Field",2023,20259,171,46897,43.2
"Coors Field",2022,37092,176,46897,79.09
"Coors Field",2021,48182,203,46897,102.74
"Coors Field",2022,36097,165,46897,76.97
"Coors Field",2023,31789,143,46897,67.78
"Coors Field",2024,37503,150,46897,79.97
"Coors Field",2024,32180,138,46897,68.62
"Coors Field",2023,30283,167,46897,64.57
"Coors Field",2023,22250,154,46897,47.44
"Coors Field",2023,32058,175,46897,68.36
"Coors Field",2021,10836,171,46897,23.11
"Coors Field",2024,36553,158,46897,77.94
"Coors Field",2022,48321,203,46897,103.04
"Coors Field",2024,35007,167,46897,74.65
"Coors Field",2021,22356,241,46897,47.67
"Coors Field",2024,36579,171,46897,78
"Coors Field",2022,48627,189,46897,103.69
"Coors Field",2022,26594,178,46897,56.71
"Coors Field",2024,32021,164,46897,68.28
"Coors Field",2021,10240,269,46897,21.84
"Coors Field",2024,26379,167,46897,56.25
"Coors Field",2022,26713,162,46897,56.96
"Coors Field",2022,25725,220,46897,54.85
"Coors Field",2024,48320,153,46897,103.03
"Coors Field",2022,32574,176,46897,69.46
"Coors Field",2024,40706,192,46897,86.8
"Coors Field",2021,20232,200,46897,43.14
"Coors Field",2024,35122,162,46897,74.89
"Coors Field",2023,19517,132,46897,41.62
"Coors Field",2021,36205,184,46897,77.2
"Coors Field",2023,34503,164,46897,73.57
"Coors Field",2023,25399,157,46897,54.16
"Coors Field",2021,21693,180,46897,46.26
"Coors Field",2023,30372,166,46897,64.76
"Coors Field",2024,21009,175,46897,44.8
"Coors Field",2022,31604,176,46897,67.39
"Coors Field",2024,40033,163,46897,85.36
"Coors Field",2023,32551,170,46897,69.41
"Coors Field",2024,40365,185,46897,86.07
"Coors Field",2023,40445,185,46897,86.24
"Coors Field",2023,19546,152,46897,41.68
"Coors Field",2021,13906,131,46897,29.65
"Coors Field",2021,22871,206,46897,48.77
"Coors Field",2024,44178,134,46897,94.2
"Coors Field",2023,48230,138,46897,102.84
"Coors Field",2022,47588,162,46897,101.47
"Coors Field",2023,40264,177,46897,85.86
"Coors Field",2024,18311,173,46897,39.05
"Coors Field",2024,38166,172,46897,81.38
"Coors Field",2022,25213,188,46897,53.76
"Coors Field",2021,30715,196,46897,65.49
"Coors Field",2023,27397,190,46897,58.42
"Coors Field",2022,47342,204,46897,100.95
"Coors Field",2024,47483,155,46897,101.25
"Coors Field",2024,18822,162,46897,40.13
"Coors Field",2024,18870,187,46897,40.24
"Coors Field",2021,20688,215,46897,44.11
"Coors Field",2022,23942,187,46897,51.05
"Coors Field",2023,37234,173,46897,79.4
"Coors Field",2022,35011,185,46897,74.66
"Coors Field",2021,32699,184,46897,69.73
"Coors Field",2021,20244,196,46897,43.17
"Coors Field",2021,19221,200,46897,40.99
"Coors Field",2021,28139,177,46897,60
"Coors Field",2022,45983,194,46897,98.05
"Coors Field",2024,47493,164,46897,101.27
"Coors Field",2024,20421,162,46897,43.54
"Coors Field",2023,36667,175,46897,78.19
"Coors Field",2022,35248,154,46897,75.16
"Coors Field",2022,34848,185,46897,74.31
"Coors Field",2023,20322,172,46897,43.33
"Coors Field",2022,23180,203,46897,49.43
"Coors Field",2022,37476,178,46897,79.91
"Coors Field",2021,14025,202,46897,29.91
"Coors Field",2023,34724,158,46897,74.04
"Coors Field",2024,18515,135,46897,39.48
"Coors Field",2023,30129,159,46897,64.25
"Coors Field",2024,20949,178,46897,44.67
"Coors Field",2022,40825,193,46897,87.05
"Coors Field",2024,37535,179,46897,80.04
"Coors Field",2021,24387,182,46897,52
"Coors Field",2021,27013,205,46897,57.6
"Coors Field",2022,36391,199,46897,77.6
"Coors Field",2022,21490,189,46897,45.82
"Coors Field",2024,27705,186,46897,59.08
"Coors Field",2022,32442,188,46897,69.18
"Coors Field",2022,27871,181,46897,59.43
"Coors Field",2021,34677,186,46897,73.94
"Coors Field",2023,47471,177,46897,101.22
"Coors Field",2021,18158,165,46897,38.72
"Coors Field",2022,27592,181,46897,58.84
"Coors Field",2021,18028,201,46897,38.44
"Coors Field",2023,47865,138,46897,102.06
"Coors Field",2021,31043,211,46897,66.19
"Coors Field",2024,20338,148,46897,43.37
"Coors Field",2022,32627,195,46897,69.57
"Coors Field",2022,34304,175,46897,73.15
"Coors Field",2024,31717,154,46897,67.63
"Coors Field",2023,24092,134,46897,51.37
"Coors Field",2021,15541,236,46897,33.14
"Coors Field",2021,20183,199,46897,43.04
"Coors Field",2021,24565,152,46897,52.38
"Coors Field",2023,48108,161,46897,102.58
"Coors Field",2022,36212,191,46897,77.22
"Coors Field",2022,22329,181,46897,47.61
"Coors Field",2023,24157,139,46897,51.51
"Coors Field",2023,24149,167,46897,51.49
"Coors Field",2022,39409,213,46897,84.03
"Coors Field",2024,30392,149,46897,64.81
"Coors Field",2024,20284,168,46897,43.25
"Coors Field",2022,41656,192,46897,88.82
"Coors Field",2024,33748,135,46897,71.96
"Coors Field",2024,19359,158,46897,41.28
"Coors Field",2024,30444,150,46897,64.92
"Coors Field",2021,30462,190,46897,64.96
"Coors Field",2021,9521,188,46897,20.3
"Coors Field",2022,26577,191,46897,56.67
"Coors Field",2021,22756,209,46897,48.52
"Coors Field",2021,39896,197,46897,85.07
"Coors Field",2024,48705,155,46897,103.86
"Coors Field",2021,33957,158,46897,72.41
"Coors Field",2022,40534,159,46897,86.43
"Coors Field",2022,47415,163,46897,101.1
"Coors Field",2023,25582,171,46897,54.55
"Coors Field",2022,30206,205,46897,64.41
"Coors Field",2022,24444,182,46897,52.12
"Coors Field",2021,35513,212,46897,75.73
"Coors Field",2023,20738,194,46897,44.22
"Coors Field",2022,20278,155,46897,43.24
"Coors Field",2021,15082,158,46897,32.16
"Coors Field",2024,19756,153,46897,42.13
"Coors Field",2023,36874,178,46897,78.63
"Coors Field",2024,25344,172,46897,54.04
"Coors Field",2024,32961,142,46897,70.28
"Coors Field",2024,21374,149,46897,45.58
"Coors Field",2021,38188,184,46897,81.43
"Coors Field",2023,18511,152,46897,39.47
"Coors Field",2023,37267,178,46897,79.47
"Coors Field",2022,32179,151,46897,68.62
"Coors Field",2022,32182,186,46897,68.62
"Coors Field",2021,20214,191,46897,43.1
"Coors Field",2024,21259,151,46897,45.33
"Coors Field",2021,48245,176,46897,102.87
"Coors Field",2024,40422,165,46897,86.19
"Coors Field",2024,25376,152,46897,54.11
"Coors Field",2024,33283,177,46897,70.97
"Coors Field",2022,35176,233,46897,75.01
"Coors Field",2023,38253,146,46897,81.57
"Coors Field",2021,34198,220,46897,72.92
"Coors Field",2021,21481,171,46897,45.8
"Coors Field",2021,25053,155,46897,53.42
"Coors Field",2023,47085,167,46897,100.4
"Coors Field",2023,28437,176,46897,60.64
"Coors Field",2024,33054,161,46897,70.48
"Coors Field",2024,26204,168,46897,55.88
"Coors Field",2024,46169,181,46897,98.45
"Coors Field",2021,19150,181,46897,40.83
"Coors Field",2021,20363,199,46897,43.42
"Coors Field",2022,23800,182,46897,50.75
"Coors Field",2024,34509,169,46897,73.58
"Coors Field",2024,30673,166,46897,65.41
"Coors Field",2022,25735,220,46897,54.88
"Coors Field",2024,18454,134,46897,39.35
"Coors Field",2022,35450,206,46897,75.59
"Coors Field",2023,24197,166,46897,51.6
"Coors Field",2021,20136,250,46897,42.94
"Coors Field",2023,45085,172,46897,96.14
"Coors Field",2022,20737,175,46897,44.22
"Coors Field",2024,30407,136,46897,64.84
"Coors Field",2022,34505,203,46897,73.58
"Coors Field",2023,30869,158,46897,65.82
"Coors Field",2022,30293,195,46897,64.59
"Coors Field",2023,22654,159,46897,48.31
"Coors Field",2023,27425,155,46897,58.48
"Coors Field",2023,34399,170,46897,73.35
"Coors Field",2022,27546,226,46897,58.74
"Coors Field",2021,27967,207,46897,59.63
"Coors Field",2023,46601,172,46897,99.37
"Coors Field",2023,19470,148,46897,41.52
"Coors Field",2021,11968,175,46897,25.52
"Coors Field",2023,47239,145,46897,100.73
"Coors Field",2023,37262,188,46897,79.45
"Coors Field",2023,40213,134,46897,85.75
"Coors Field",2023,20640,161,46897,44.01
"Coors Field",2024,20532,166,46897,43.78
"Coors Field",2023,38738,151,46897,82.6
"Coors Field",2022,25783,178,46897,54.98
"Coors Field",2021,28281,171,46897,60.3
"Coors Field",2021,23716,179,46897,50.57
"Coors Field",2023,31900,151,46897,68.02
"Coors Field",2021,20358,215,46897,43.41
"Coors Field",2021,32092,182,46897,68.43
"Coors Field",2021,23869,210,46897,50.9
"Coors Field",2021,20570,226,46897,43.86
"Coors Field",2022,20758,159,46897,44.26
"Coors Field",2023,30619,197,46897,65.29
"Coors Field",2023,34006,171,46897,72.51
"Coors Field",2022,35233,167,46897,75.13
"Coors Field",2023,30620,178,46897,65.29
"Coors Field",2023,45274,173,46897,96.54
"Coors Field",2024,20526,161,46897,43.77
"Coors Field",2021,44251,197,46897,94.36
"Coors Field",2023,30647,163,46897,65.35
"Daikin Park",2024,33603,151,41168,81.62
"Daikin Park",2022,37406,164,41168,90.86
"Daikin Park",2024,33468,181,41168,81.3
"Daikin Park",2023,38621,141,41168,93.81
"Daikin Park",2023,40136,172,41168,97.49
"Daikin Park",2024,40229,151,41168,97.72
"Daikin Park",2024,37014,147,41168,89.91
"Daikin Park",2022,27521,226,41168,66.85
"Daikin Park",2022,34534,196,41168,83.89
"Daikin Park",2023,40545,144,41168,98.49
"Daikin Park",2022,36934,164,41168,89.72
"Daikin Park",2022,29799,171,41168,72.38
"Daikin Park",2023,37973,197,41168,92.24
"Daikin Park",2022,26534,209,41168,64.45
"Daikin Park",2023,32602,167,41168,79.19
"Daikin Park",2021,31608,180,41168,76.78
"Daikin Park",2023,39257,155,41168,95.36
"Daikin Park",2021,37050,190,41168,90
"Daikin Park",2022,32295,162,41168,78.45
"Daikin Park",2022,38020,186,41168,92.35
"Daikin Park",2022,35809,176,41168,86.98
"Daikin Park",2022,35773,188,41168,86.9
"Daikin Park",2024,32407,187,41168,78.72
"Daikin Park",2022,32324,179,41168,78.52
"Daikin Park",2022,35670,209,41168,86.64
"Daikin Park",2022,31035,177,41168,75.39
"Daikin Park",2022,33320,191,41168,80.94
"Daikin Park",2023,41152,163,41168,99.96
"Daikin Park",2024,37107,128,41168,90.14
"Daikin Park",2024,37008,147,41168,89.9
"Daikin Park",2021,13668,172,41168,33.2
"Daikin Park",2024,34144,175,41168,82.94
"Daikin Park",2024,37328,150,41168,90.67
"Daikin Park",2023,37932,155,41168,92.14
"Daikin Park",2022,31559,188,41168,76.66
"Daikin Park",2022,35294,177,41168,85.73
"Daikin Park",2024,37307,168,41168,90.62
"Daikin Park",2022,39342,191,41168,95.56
"Daikin Park",2021,27526,238,41168,66.86
"Daikin Park",2022,29341,201,41168,71.27
"Daikin Park",2021,30346,233,41168,73.71
"Daikin Park",2022,37480,208,41168,91.04
"Daikin Park",2023,30165,165,41168,73.27
"Daikin Park",2021,26208,194,41168,63.66
"Daikin Park",2023,31590,192,41168,76.73
"Daikin Park",2024,38574,167,41168,93.7
"Daikin Park",2023,41669,166,41168,101.22
"Daikin Park",2021,29019,167,41168,70.49
"Daikin Park",2023,29272,201,41168,71.1
"Daikin Park",2023,37522,163,41168,91.14
"Daikin Park",2024,32715,143,41168,79.47
"Daikin Park",2023,34604,150,41168,84.06
"Daikin Park",2021,19089,226,41168,46.37
"Daikin Park",2022,32901,207,41168,79.92
"Daikin Park",2024,39631,186,41168,96.27
"Daikin Park",2024,32070,156,41168,77.9
"Daikin Park",2023,39533,146,41168,96.03
"Daikin Park",2024,32219,165,41168,78.26
"Daikin Park",2022,39434,159,41168,95.79
"Daikin Park",2022,37385,208,41168,90.81
"Daikin Park",2022,38533,188,41168,93.6
"Daikin Park",2021,20353,209,41168,49.44
"Daikin Park",2021,21795,165,41168,52.94
"Daikin Park",2023,36642,197,41168,89.01
"Daikin Park",2022,26543,194,41168,64.47
"Daikin Park",2021,28931,208,41168,70.28
"Daikin Park",2024,39666,142,41168,96.35
"Daikin Park",2021,23449,203,41168,56.96
"Daikin Park",2022,28762,184,41168,69.86
"Daikin Park",2023,37112,166,41168,90.15
"Daikin Park",2022,30629,169,41168,74.4
"Daikin Park",2023,41453,160,41168,100.69
"Daikin Park",2021,22200,184,41168,53.93
"Daikin Park",2023,38303,192,41168,93.04
"Daikin Park",2022,29049,188,41168,70.56
"Daikin Park",2023,41240,171,41168,100.17
"Daikin Park",2021,39821,198,41168,96.73
"Daikin Park",2024,34205,145,41168,83.09
"Daikin Park",2024,33409,166,41168,81.15
"Daikin Park",2023,41427,182,41168,100.63
"Daikin Park",2024,26377,143,41168,64.07
"Daikin Park",2024,35739,173,41168,86.81
"Daikin Park",2022,30872,173,41168,74.99
"Daikin Park",2022,31229,179,41168,75.86
"Daikin Park",2021,22595,220,41168,54.88
"Daikin Park",2024,40522,171,41168,98.43
"Daikin Park",2023,38060,154,41168,92.45
"Daikin Park",2022,38906,160,41168,94.51
"Daikin Park",2024,34218,155,41168,83.12
"Daikin Park",2023,39546,150,41168,96.06
"Daikin Park",2021,35627,179,41168,86.54
"Daikin Park",2023,38280,173,41168,92.98
"Daikin Park",2023,37519,191,41168,91.14
"Daikin Park",2021,28543,195,41168,69.33
"Daikin Park",2021,22735,181,41168,55.22
"Daikin Park",2023,34737,159,41168,84.38
"Daikin Park",2024,36759,154,41168,89.29
"Daikin Park",2023,40004,180,41168,97.17
"Daikin Park",2021,25314,224,41168,61.49
"Daikin Park",2024,34554,159,41168,83.93
"Daikin Park",2024,34242,169,41168,83.18
"Daikin Park",2023,40311,153,41168,97.92
"Daikin Park",2024,33796,156,41168,82.09
"Daikin Park",2023,37864,158,41168,91.97
"Daikin Park",2023,30873,165,41168,74.99
"Daikin Park",2023,40831,140,41168,99.18
"Daikin Park",2022,34109,181,41168,82.85
"Daikin Park",2022,23796,192,41168,57.8
"Daikin Park",2021,31323,308,41168,76.09
"Daikin Park",2021,17350,153,41168,42.14
"Daikin Park",2022,25412,180,41168,61.73
"Daikin Park",2022,26670,221,41168,64.78
"Daikin Park",2023,41692,165,41168,101.27
"Daikin Park",2021,37928,218,41168,92.13
"Daikin Park",2022,28284,182,41168,68.7
"Daikin Park",2023,40405,134,41168,98.15
"Daikin Park",2023,35413,155,41168,86.02
"Daikin Park",2021,23888,197,41168,58.03
"Daikin Park",2023,29807,145,41168,72.4
"Daikin Park",2022,35140,182,41168,85.36
"Daikin Park",2021,24495,181,41168,59.5
"Daikin Park",2024,36234,194,41168,88.01
"Daikin Park",2023,30915,158,41168,75.09
"Daikin Park",2021,22664,177,41168,55.05
"Daikin Park",2021,25858,206,41168,62.81
"Daikin Park",2021,24355,210,41168,59.16
"Daikin Park",2023,38279,212,41168,92.98
"Daikin Park",2021,26899,185,41168,65.34
"Daikin Park",2021,41259,180,41168,100.22
"Daikin Park",2024,39666,174,41168,96.35
"Daikin Park",2022,39125,155,41168,95.04
"Daikin Park",2022,31230,199,41168,75.86
"Daikin Park",2021,26069,183,41168,63.32
"Daikin Park",2021,29243,172,41168,71.03
"Daikin Park",2021,35210,190,41168,85.53
"Daikin Park",2023,37144,217,41168,90.23
"Daikin Park",2024,38818,154,41168,94.29
"Daikin Park",2021,31547,222,41168,76.63
"Daikin Park",2024,41819,170,41168,101.58
"Daikin Park",2024,32047,120,41168,77.84
"Daikin Park",2024,39842,183,41168,96.78
"Daikin Park",2024,26225,153,41168,63.7
"Daikin Park",2022,36075,174,41168,87.63
"Daikin Park",2021,30939,185,41168,75.15
"Daikin Park",2024,28124,124,41168,68.32
"Daikin Park",2023,41066,151,41168,99.75
"Daikin Park",2021,29908,202,41168,72.65
"Daikin Park",2024,36178,181,41168,87.88
"Daikin Park",2021,13695,237,41168,33.27
"Daikin Park",2024,34154,185,41168,82.96
"Daikin Park",2022,35185,182,41168,85.47
"Daikin Park",2021,25794,189,41168,62.66
"Daikin Park",2022,24110,181,41168,58.56
"Daikin Park",2024,41418,166,41168,100.61
"Daikin Park",2024,40502,169,41168,98.38
"Daikin Park",2022,37187,172,41168,90.33
"Daikin Park",2024,36903,159,41168,89.64
"Daikin Park",2023,36427,176,41168,88.48
"Daikin Park",2021,18742,215,41168,45.53
"Daikin Park",2023,41033,158,41168,99.67
"Daikin Park",2023,41073,169,41168,99.77
"Daikin Park",2024,38596,206,41168,93.75
"Daikin Park",2021,32045,283,41168,77.84
"Daikin Park",2023,34280,139,41168,83.27
"Daikin Park",2024,35205,149,41168,85.52
"Daikin Park",2023,38592,165,41168,93.74
"Daikin Park",2021,15779,184,41168,38.33
"Daikin Park",2023,43032,158,41168,104.53
"Daikin Park",2022,36048,203,41168,87.56
"Daikin Park",2023,36504,146,41168,88.67
"Daikin Park",2021,24853,187,41168,60.37
"Daikin Park",2022,26621,165,41168,64.66
"Daikin Park",2023,39820,146,41168,96.73
"Daikin Park",2022,36225,194,41168,87.99
"Daikin Park",2021,34443,207,41168,83.66
"Daikin Park",2023,30613,152,41168,74.36
"Daikin Park",2021,29752,172,41168,72.27
"Daikin Park",2023,34456,200,41168,83.7
"Daikin Park",2021,29631,234,41168,71.98
"Daikin Park",2022,35332,171,41168,85.82
"Daikin Park",2024,41247,174,41168,100.19
"Daikin Park",2022,34078,171,41168,82.78
"Daikin Park",2021,25802,203,41168,62.67
"Daikin Park",2023,40744,176,41168,98.97
"Daikin Park",2022,32432,169,41168,78.78
"Daikin Park",2023,41514,164,41168,100.84
"Daikin Park",2023,39122,179,41168,95.03
"Daikin Park",2023,34037,156,41168,82.68
"Daikin Park",2021,21963,205,41168,53.35
"Daikin Park",2024,33430,153,41168,81.2
"Daikin Park",2024,37169,123,41168,90.29
"Daikin Park",2023,42835,186,41168,104.05
"Daikin Park",2024,38195,146,41168,92.78
"Daikin Park",2022,40674,174,41168,98.8
"Daikin Park",2024,30720,141,41168,74.62
"Daikin Park",2024,30599,138,41168,74.33
"Daikin Park",2024,30038,140,41168,72.96
"Daikin Park",2021,28740,217,41168,69.81
"Daikin Park",2021,17080,207,41168,41.49
"Daikin Park",2024,34776,138,41168,84.47
"Daikin Park",2021,26762,234,41168,65.01
"Daikin Park",2022,36757,173,41168,89.29
"Daikin Park",2021,21781,184,41168,52.91
"Daikin Park",2021,16340,224,41168,39.69
"Daikin Park",2021,28763,199,41168,69.87
"Daikin Park",2022,33850,181,41168,82.22
"Daikin Park",2022,26239,217,41168,63.74
"Daikin Park",2022,32639,199,41168,79.28
"Daikin Park",2022,33936,199,41168,82.43
"Daikin Park",2021,40857,194,41168,99.24
"Daikin Park",2023,37127,170,41168,90.18
"Daikin Park",2024,26279,165,41168,63.83
"Daikin Park",2023,40357,159,41168,98.03
"Daikin Park",2022,36067,184,41168,87.61
"Daikin Park",2022,42646,202,41168,103.59
"Daikin Park",2024,26600,159,41168,64.61
"Daikin Park",2024,36280,175,41168,88.13
"Daikin Park",2021,26379,214,41168,64.08
"Daikin Park",2024,37279,136,41168,90.55
"Daikin Park",2022,39534,225,41168,96.03
"Daikin Park",2022,34526,175,41168,83.87
"Daikin Park",2024,29073,191,41168,70.62
"Daikin Park",2022,33509,180,41168,81.4
"Daikin Park",2021,21760,194,41168,52.86
"Daikin Park",2021,29208,228,41168,70.95
"Daikin Park",2024,34436,167,41168,83.65
"Daikin Park",2024,31954,154,41168,77.62
"Daikin Park",2024,28811,148,41168,69.98
"Daikin Park",2021,24419,259,41168,59.32
"Daikin Park",2023,41438,157,41168,100.66
"Daikin Park",2021,26353,195,41168,64.01
"Daikin Park",2022,37709,185,41168,91.6
"Daikin Park",2024,37675,181,41168,91.52
"Daikin Park",2021,29647,175,41168,72.01
"Daikin Park",2022,36747,171,41168,89.26
"Daikin Park",2023,38692,156,41168,93.99
"Daikin Park",2023,35323,191,41168,85.8
"Daikin Park",2022,23752,189,41168,57.7
"Daikin Park",2021,21052,225,41168,51.14
"Daikin Park",2024,34045,170,41168,82.7
"Daikin Park",2021,28321,184,41168,68.79
"Daikin Park",2024,36902,125,41168,89.64
"Daikin Park",2023,40398,178,41168,98.13
"Daikin Park",2021,30898,166,41168,75.05
"Daikin Park",2023,40719,146,41168,98.91
"Daikin Park",2023,36535,148,41168,88.75
"Daikin Park",2021,21765,190,41168,52.87
"Daikin Park",2023,39452,183,41168,95.83
"Daikin Park",2024,33107,153,41168,80.42
"Daikin Park",2021,28124,214,41168,68.32
"Daikin Park",2024,42642,161,41168,103.58
"Daikin Park",2022,30375,189,41168,73.78
"Daikin Park",2021,26825,247,41168,65.16
"Daikin Park",2021,21150,178,41168,51.37
"Daikin Park",2023,40333,169,41168,97.97
"Daikin Park",2023,33703,126,41168,81.87
"Daikin Park",2024,34212,150,41168,83.1
"Daikin Park",2024,27285,121,41168,66.28
"Daikin Park",2024,31334,159,41168,76.11
"Daikin Park",2022,35162,157,41168,85.41
"Daikin Park",2022,33419,148,41168,81.18
"Daikin Park",2022,31379,192,41168,76.22
"Daikin Park",2022,27070,160,41168,65.75
"Daikin Park",2022,36420,165,41168,88.47
"Daikin Park",2021,21768,194,41168,52.88
"Daikin Park",2024,30891,178,41168,75.04
"Daikin Park",2024,33855,139,41168,82.24
"Daikin Park",2022,30583,199,41168,74.29
"Daikin Park",2021,21820,200,41168,53
"Daikin Park",2023,40520,140,41168,98.43
"Daikin Park",2022,27321,168,41168,66.36
"Daikin Park",2023,34931,168,41168,84.85
"Daikin Park",2023,35749,170,41168,86.84
"Daikin Park",2023,34606,131,41168,84.06
"Daikin Park",2021,38853,195,41168,94.38
"Daikin Park",2021,14720,240,41168,35.76
"Daikin Park",2024,37518,167,41168,91.13
"Daikin Park",2021,13985,223,41168,33.97
"Daikin Park",2022,37349,174,41168,90.72
"Daikin Park",2023,35475,155,41168,86.17
"Daikin Park",2024,38622,144,41168,93.82
"Daikin Park",2024,41583,197,41168,101.01
"Daikin Park",2023,40562,150,41168,98.53
"Daikin Park",2022,24116,175,41168,58.58
"Daikin Park",2022,34163,229,41168,82.98
"Daikin Park",2024,29711,197,41168,72.17
"Daikin Park",2024,37776,141,41168,91.76
"Daikin Park",2023,39222,192,41168,95.27
"Daikin Park",2021,11862,187,41168,28.81
"Daikin Park",2021,14149,163,41168,34.37
"Daikin Park",2024,36908,176,41168,89.65
"Daikin Park",2024,42094,171,41168,102.25
"Daikin Park",2023,33042,173,41168,80.26
"Daikin Park",2024,29821,156,41168,72.44
"Daikin Park",2022,35415,195,41168,86.03
"Daikin Park",2022,26803,203,41168,65.11
"Daikin Park",2023,33185,158,41168,80.61
"Daikin Park",2021,25410,194,41168,61.72
"Daikin Park",2023,40573,192,41168,98.55
"Daikin Park",2022,32032,181,41168,77.81
"Daikin Park",2021,22964,201,41168,55.78
"Daikin Park",2024,41452,158,41168,100.69
"Daikin Park",2021,12707,209,41168,30.87
"Daikin Park",2021,26586,193,41168,64.58
"Daikin Park",2023,39516,180,41168,95.99
"Daikin Park",2023,39796,144,41168,96.67
"Daikin Park",2021,21728,213,41168,52.78
"Daikin Park",2024,33638,176,41168,81.71
"Daikin Park",2021,21712,187,41168,52.74
"Daikin Park",2021,32297,179,41168,78.45
"Daikin Park",2022,35467,175,41168,86.15
"Daikin Park",2024,25733,156,41168,62.51
"Daikin Park",2023,35050,191,41168,85.14
"Daikin Park",2024,39199,130,41168,95.22
"Daikin Park",2023,39343,166,41168,95.57
"Daikin Park",2022,38497,186,41168,93.51
"Daikin Park",2021,14413,160,41168,35.01
"Daikin Park",2024,35976,148,41168,87.39
"Daikin Park",2023,39421,148,41168,95.76
"Daikin Park",2022,34593,190,41168,84.03
"Daikin Park",2022,30212,216,41168,73.39
"Daikin Park",2023,31701,159,41168,77
"Daikin Park",2022,38745,190,41168,94.11
"Daikin Park",2024,32327,150,41168,78.52
"Dodger Stadium",2024,49044,158,56000,87.58
"Dodger Stadium",2023,48655,200,56000,86.88
"Dodger Stadium",2021,46315,162,56000,82.71
"Dodger Stadium",2021,43170,200,56000,77.09
"Dodger Stadium",2024,49073,141,56000,87.63
"Dodger Stadium",2021,52175,192,56000,93.17
"Dodger Stadium",2021,15129,181,56000,27.02
"Dodger Stadium",2021,52078,203,56000,93
"Dodger Stadium",2024,48251,149,56000,86.16
"Dodger Stadium",2023,52975,158,56000,94.6
"Dodger Stadium",2021,19097,218,56000,34.1
"Dodger Stadium",2022,50165,213,56000,89.58
"Dodger Stadium",2021,44952,175,56000,80.27
"Dodger Stadium",2021,49215,214,56000,87.88
"Dodger Stadium",2023,51487,194,56000,91.94
"Dodger Stadium",2023,42194,156,56000,75.35
"Dodger Stadium",2021,46969,182,56000,83.87
"Dodger Stadium",2024,48395,191,56000,86.42
"Dodger Stadium",2023,42780,164,56000,76.39
"Dodger Stadium",2022,44854,166,56000,80.1
"Dodger Stadium",2024,50182,161,56000,89.61
"Dodger Stadium",2024,47542,140,56000,84.9
"Dodger Stadium",2022,47216,187,56000,84.31
"Dodger Stadium",2021,46520,206,56000,83.07
"Dodger Stadium",2023,52816,155,56000,94.31
"Dodger Stadium",2022,48672,239,56000,86.91
"Dodger Stadium",2022,48018,174,56000,85.75
"Dodger Stadium",2024,45019,197,56000,80.39
"Dodger Stadium",2022,51013,178,56000,91.09
"Dodger Stadium",2021,44654,199,56000,79.74
"Dodger Stadium",2022,51813,159,56000,92.52
"Dodger Stadium",2024,50369,164,56000,89.94
"Dodger Stadium",2024,54070,171,56000,96.55
"Dodger Stadium",2024,50697,149,56000,90.53
"Dodger Stadium",2023,52307,153,56000,93.41
"Dodger Stadium",2021,40100,190,56000,71.61
"Dodger Stadium",2024,51348,135,56000,91.69
"Dodger Stadium",2021,15093,216,56000,26.95
"Dodger Stadium",2022,39324,208,56000,70.22
"Dodger Stadium",2023,45389,161,56000,81.05
"Dodger Stadium",2021,53114,209,56000,94.85
"Dodger Stadium",2023,52534,146,56000,93.81
"Dodger Stadium",2021,45420,192,56000,81.11
"Dodger Stadium",2023,45561,148,56000,81.36
"Dodger Stadium",2023,52624,148,56000,93.97
"Dodger Stadium",2024,44207,151,56000,78.94
"Dodger Stadium",2022,48361,200,56000,86.36
"Dodger Stadium",2023,45933,134,56000,82.02
"Dodger Stadium",2021,52550,175,56000,93.84
"Dodger Stadium",2024,52931,164,56000,94.52
"Dodger Stadium",2021,15021,188,56000,26.82
"Dodger Stadium",2022,50712,258,56000,90.56
"Dodger Stadium",2021,15889,196,56000,28.37
"Dodger Stadium",2022,53222,182,56000,95.04
"Dodger Stadium",2022,44229,183,56000,78.98
"Dodger Stadium",2022,47334,209,56000,84.52
"Dodger Stadium",2022,53432,195,56000,95.41
"Dodger Stadium",2022,35643,181,56000,63.65
"Dodger Stadium",2022,45198,161,56000,80.71
"Dodger Stadium",2022,48093,168,56000,85.88
"Dodger Stadium",2022,52505,175,56000,93.76
"Dodger Stadium",2022,50078,177,56000,89.42
"Dodger Stadium",2022,50041,177,56000,89.36
"Dodger Stadium",2024,44582,156,56000,79.61
"Dodger Stadium",2024,52464,123,56000,93.69
"Dodger Stadium",2021,44630,194,56000,79.7
"Dodger Stadium",2021,52076,178,56000,92.99
"Dodger Stadium",2021,15683,213,56000,28.01
"Dodger Stadium",2022,53302,207,56000,95.18
"Dodger Stadium",2022,52995,190,56000,94.63
"Dodger Stadium",2022,52203,180,56000,93.22
"Dodger Stadium",2024,50824,162,56000,90.76
"Dodger Stadium",2021,15586,177,56000,27.83
"Dodger Stadium",2022,42089,190,56000,75.16
"Dodger Stadium",2022,48076,176,56000,85.85
"Dodger Stadium",2024,46832,139,56000,83.63
"Dodger Stadium",2021,45366,214,56000,81.01
"Dodger Stadium",2023,51334,146,56000,91.67
"Dodger Stadium",2021,48117,159,56000,85.92
"Dodger Stadium",2022,52714,183,56000,94.13
"Dodger Stadium",2023,47069,206,56000,84.05
"Dodger Stadium",2021,15306,194,56000,27.33
"Dodger Stadium",2024,52291,158,56000,93.38
"Dodger Stadium",2022,48522,248,56000,86.65
"Dodger Stadium",2021,15222,172,56000,27.18
"Dodger Stadium",2021,50970,225,56000,91.02
"Dodger Stadium",2023,40895,130,56000,73.03
"Dodger Stadium",2023,45904,161,56000,81.97
"Dodger Stadium",2021,15167,182,56000,27.08
"Dodger Stadium",2024,49239,127,56000,87.93
"Dodger Stadium",2024,52433,149,56000,93.63
"Dodger Stadium",2021,15915,198,56000,28.42
"Dodger Stadium",2022,41167,182,56000,73.51
"Dodger Stadium",2024,52789,125,56000,94.27
"Dodger Stadium",2024,52718,146,56000,94.14
"Dodger Stadium",2024,43528,173,56000,77.73
"Dodger Stadium",2021,49387,222,56000,88.19
"Dodger Stadium",2024,50495,170,56000,90.17
"Dodger Stadium",2021,42344,202,56000,75.61
"Dodger Stadium",2022,39752,163,56000,70.99
"Dodger Stadium",2021,52749,197,56000,94.19
"Dodger Stadium",2024,49576,146,56000,88.53
"Dodger Stadium",2024,52320,168,56000,93.43
"Dodger Stadium",2024,41014,161,56000,73.24
"Dodger Stadium",2023,47731,208,56000,85.23
"Dodger Stadium",2022,53094,170,56000,94.81
"Dodger Stadium",2023,49792,167,56000,88.91
"Dodger Stadium",2021,15199,229,56000,27.14
"Dodger Stadium",2021,14088,185,56000,25.16
"Dodger Stadium",2023,45936,133,56000,82.03
"Dodger Stadium",2023,52290,145,56000,93.38
"Dodger Stadium",2022,49394,163,56000,88.2
"Dodger Stadium",2023,42036,133,56000,75.06
"Dodger Stadium",2022,38888,163,56000,69.44
"Dodger Stadium",2024,53273,130,56000,95.13
"Dodger Stadium",2023,36539,176,56000,65.25
"Dodger Stadium",2021,17500,215,56000,31.25
"Dodger Stadium",2022,47907,185,56000,85.55
"Dodger Stadium",2022,47163,186,56000,84.22
"Dodger Stadium",2024,52627,175,56000,93.98
"Dodger Stadium",2023,50953,162,56000,90.99
"Dodger Stadium",2022,46850,165,56000,83.66
"Dodger Stadium",2022,53165,209,56000,94.94
"Dodger Stadium",2022,42650,176,56000,76.16
"Dodger Stadium",2021,52140,154,56000,93.11
"Dodger Stadium",2023,43942,158,56000,78.47
"Dodger Stadium",2023,49074,211,56000,87.63
"Dodger Stadium",2024,45373,200,56000,81.02
"Dodger Stadium",2023,42137,169,56000,75.24
"Dodger Stadium",2022,46724,198,56000,83.44
"Dodger Stadium",2023,43990,171,56000,78.55
"Dodger Stadium",2024,48488,170,56000,86.59
"Dodger Stadium",2024,48129,210,56000,85.94
"Dodger Stadium",2021,15596,233,56000,27.85
"Dodger Stadium",2023,44442,195,56000,79.36
"Dodger Stadium",2022,50431,161,56000,90.06
"Dodger Stadium",2023,46050,130,56000,82.23
"Dodger Stadium",2022,51172,177,56000,91.38
"Dodger Stadium",2023,50313,170,56000,89.84
"Dodger Stadium",2023,47711,149,56000,85.2
"Dodger Stadium",2024,49287,138,56000,88.01
"Dodger Stadium",2023,51385,147,56000,91.76
"Dodger Stadium",2021,52342,180,56000,93.47
"Dodger Stadium",2022,42633,192,56000,76.13
"Dodger Stadium",2022,50812,170,56000,90.74
"Dodger Stadium",2023,40072,187,56000,71.56
"Dodger Stadium",2021,15313,170,56000,27.34
"Dodger Stadium",2021,16343,146,56000,29.18
"Dodger Stadium",2022,51833,168,56000,92.56
"Dodger Stadium",2023,41413,130,56000,73.95
"Dodger Stadium",2024,50134,151,56000,89.53
"Dodger Stadium",2023,42635,142,56000,76.13
"Dodger Stadium",2021,18155,187,56000,32.42
"Dodger Stadium",2024,53527,169,56000,95.58
"Dodger Stadium",2023,51470,163,56000,91.91
"Dodger Stadium",2022,53033,188,56000,94.7
"Dodger Stadium",2024,52310,167,56000,93.41
"Dodger Stadium",2021,46982,178,56000,83.9
"Dodger Stadium",2024,47524,143,56000,84.86
"Dodger Stadium",2022,51316,184,56000,91.64
"Dodger Stadium",2022,45098,181,56000,80.53
"Dodger Stadium",2022,52012,182,56000,92.88
"Dodger Stadium",2024,50423,152,56000,90.04
"Dodger Stadium",2021,15052,195,56000,26.88
"Dodger Stadium",2024,50389,204,56000,89.98
"Dodger Stadium",2023,52688,125,56000,94.09
"Dodger Stadium",2024,52733,127,56000,94.17
"Dodger Stadium",2023,48138,188,56000,85.96
"Dodger Stadium",2021,52128,184,56000,93.09
"Dodger Stadium",2022,43097,169,56000,76.96
"Dodger Stadium",2021,15316,299,56000,27.35
"Dodger Stadium",2023,46667,174,56000,83.33
"Dodger Stadium",2024,50859,180,56000,90.82
"Dodger Stadium",2023,45403,164,56000,81.08
"Dodger Stadium",2023,52515,133,56000,93.78
"Dodger Stadium",2023,49652,153,56000,88.66
"Dodger Stadium",2021,42133,166,56000,75.24
"Dodger Stadium",2022,52686,189,56000,94.08
"Dodger Stadium",2024,44970,139,56000,80.3
"Dodger Stadium",2021,48005,170,56000,85.72
"Dodger Stadium",2024,51562,156,56000,92.07
"Dodger Stadium",2024,40702,115,56000,72.68
"Dodger Stadium",2022,38845,173,56000,69.37
"Dodger Stadium",2024,50086,162,56000,89.44
"Dodger Stadium",2021,40464,220,56000,72.26
"Dodger Stadium",2021,15761,189,56000,28.14
"Dodger Stadium",2024,52267,173,56000,93.33
"Dodger Stadium",2021,16105,174,56000,28.76
"Dodger Stadium",2023,46549,152,56000,83.12
"Dodger Stadium",2022,47505,205,56000,84.83
"Dodger Stadium",2022,39237,193,56000,70.07
"Dodger Stadium",2023,52304,166,56000,93.4
"Dodger Stadium",2023,46571,139,56000,83.16
"Dodger Stadium",2021,43273,195,56000,77.27
"Dodger Stadium",2023,48763,134,56000,87.08
"Dodger Stadium",2024,49580,121,56000,88.54
"Dodger Stadium",2024,51416,160,56000,91.81
"Dodger Stadium",2022,52072,175,56000,92.99
"Dodger Stadium",2022,48695,168,56000,86.96
"Dodger Stadium",2023,52159,169,56000,93.14
"Dodger Stadium",2021,42245,158,56000,75.44
"Dodger Stadium",2023,52704,150,56000,94.11
"Dodger Stadium",2022,41824,239,56000,74.69
"Dodger Stadium",2024,53203,175,56000,95.01
"Dodger Stadium",2023,47499,153,56000,84.82
"Dodger Stadium",2023,47273,184,56000,84.42
"Dodger Stadium",2022,47874,193,56000,85.49
"Dodger Stadium",2024,44783,183,56000,79.97
"Dodger Stadium",2023,53057,154,56000,94.74
"Dodger Stadium",2024,48664,162,56000,86.9
"Dodger Stadium",2021,50822,241,56000,90.75
"Dodger Stadium",2021,48403,173,56000,86.43
"Dodger Stadium",2024,46180,150,56000,82.46
"Dodger Stadium",2022,42125,198,56000,75.22
"Dodger Stadium",2023,42223,154,56000,75.4
"Dodger Stadium",2022,47749,201,56000,85.27
"Dodger Stadium",2023,36434,169,56000,65.06
"Dodger Stadium",2022,51889,169,56000,92.66
"Dodger Stadium",2023,47067,130,56000,84.05
"Dodger Stadium",2023,43195,133,56000,77.13
"Dodger Stadium",2022,45164,210,56000,80.65
"Dodger Stadium",2021,17873,223,56000,31.92
"Dodger Stadium",2021,52692,203,56000,94.09
"Dodger Stadium",2023,47623,172,56000,85.04
"Dodger Stadium",2023,37239,163,56000,66.5
"Dodger Stadium",2023,49399,147,56000,88.21
"Dodger Stadium",2022,52527,170,56000,93.8
"Dodger Stadium",2021,47473,180,56000,84.77
"Dodger Stadium",2021,16116,191,56000,28.78
"Dodger Stadium",2023,46884,153,56000,83.72
"Dodger Stadium",2024,53290,150,56000,95.16
"Dodger Stadium",2023,52375,165,56000,93.53
"Dodger Stadium",2024,46593,160,56000,83.2
"Dodger Stadium",2024,48930,171,56000,87.38
"Dodger Stadium",2023,52887,160,56000,94.44
"Dodger Stadium",2022,44158,181,56000,78.85
"Dodger Stadium",2023,49315,167,56000,88.06
"Dodger Stadium",2021,49410,180,56000,88.23
"Dodger Stadium",2021,20220,185,56000,36.11
"Dodger Stadium",2021,49705,173,56000,88.76
"Dodger Stadium",2024,45556,147,56000,81.35
"Dodger Stadium",2021,15976,203,56000,28.53
"Dodger Stadium",2024,48178,145,56000,86.03
"Dodger Stadium",2021,47312,187,56000,84.49
"Dodger Stadium",2021,44783,196,56000,79.97
"Dodger Stadium",2023,36552,169,56000,65.27
"Dodger Stadium",2022,51869,213,56000,92.62
"Dodger Stadium",2024,48690,154,56000,86.95
"Dodger Stadium",2021,42621,199,56000,76.11
"Dodger Stadium",2023,44207,169,56000,78.94
"Dodger Stadium",2024,49432,178,56000,88.27
"Dodger Stadium",2023,36521,144,56000,65.22
"Dodger Stadium",2022,47061,197,56000,84.04
"Dodger Stadium",2024,49606,194,56000,88.58
"Dodger Stadium",2024,49365,177,56000,88.15
"Dodger Stadium",2022,46144,162,56000,82.4
"Dodger Stadium",2021,50808,185,56000,90.73
"Dodger Stadium",2021,42637,165,56000,76.14
"Dodger Stadium",2022,51059,173,56000,91.18
"Dodger Stadium",2024,52382,161,56000,93.54
"Dodger Stadium",2024,47150,172,56000,84.2
"Dodger Stadium",2022,52025,165,56000,92.9
"Dodger Stadium",2023,49795,128,56000,88.92
"Dodger Stadium",2021,15021,191,56000,26.82
"Dodger Stadium",2023,48315,172,56000,86.28
"Dodger Stadium",2023,52075,155,56000,92.99
"Dodger Stadium",2022,37091,182,56000,66.23
"Dodger Stadium",2021,15049,149,56000,26.87
"Dodger Stadium",2021,37569,201,56000,67.09
"Dodger Stadium",2023,49218,171,56000,87.89
"Dodger Stadium",2023,48280,171,56000,86.21
"Dodger Stadium",2023,46053,172,56000,82.24
"Dodger Stadium",2024,45318,137,56000,80.92
"Dodger Stadium",2022,51887,181,56000,92.66
"Dodger Stadium",2023,52214,146,56000,93.24
"Dodger Stadium",2022,43370,185,56000,77.45
"Dodger Stadium",2022,52613,185,56000,93.95
"Dodger Stadium",2022,51891,195,56000,92.66
"Dodger Stadium",2024,50730,173,56000,90.59
"Dodger Stadium",2024,51923,156,56000,92.72
"Dodger Stadium",2021,15508,195,56000,27.69
"Dodger Stadium",2022,52052,194,56000,92.95
"Dodger Stadium",2023,48886,134,56000,87.3
"Dodger Stadium",2021,15586,176,56000,27.83
"Dodger Stadium",2021,18071,197,56000,32.27
"Dodger Stadium",2022,46539,209,56000,83.11
"Dodger Stadium",2023,52298,140,56000,93.39
"Dodger Stadium",2021,43730,246,56000,78.09
"Dodger Stadium",2024,49885,150,56000,89.08
"Dodger Stadium",2024,48691,176,56000,86.95
"Dodger Stadium",2021,52157,195,56000,93.14
"Dodger Stadium",2022,52124,188,56000,93.08
"Dodger Stadium",2023,42323,150,56000,75.58
"Dodger Stadium",2024,42677,156,56000,76.21
"Dodger Stadium",2023,41810,147,56000,74.66
"Dodger Stadium",2024,45295,167,56000,80.88
"Dodger Stadium",2022,44091,169,56000,78.73
"Dodger Stadium",2022,50279,158,56000,89.78
"Dodger Stadium",2021,52724,190,56000,94.15
"Dodger Stadium",2024,52667,143,56000,94.05
"Dodger Stadium",2021,51388,218,56000,91.76
"Dodger Stadium",2024,52656,174,56000,94.03
"Dodger Stadium",2021,15036,151,56000,26.85
"Dodger Stadium",2024,51496,131,56000,91.96
"Dodger Stadium",2022,38902,210,56000,69.47
"Dodger Stadium",2021,47835,190,56000,85.42
"Dodger Stadium",2024,45003,169,56000,80.36
"Dodger Stadium",2023,52180,166,56000,93.18
"Dodger Stadium",2024,44428,136,56000,79.34
"Dodger Stadium",2021,15570,174,56000,27.8
"Dodger Stadium",2023,51015,146,56000,91.1
"Dodger Stadium",2022,45885,180,56000,81.94
"Dodger Stadium",2024,51841,160,56000,92.57
"Dodger Stadium",2024,47965,203,56000,85.65
"Dodger Stadium",2024,37634,159,56000,67.2
"Dodger Stadium",2022,48647,194,56000,86.87
"Dodger Stadium",2022,37514,164,56000,66.99
"Dodger Stadium",2024,52746,145,56000,94.19
"Dodger Stadium",2023,49749,228,56000,88.84
"Dodger Stadium",2023,46201,134,56000,82.5
"Dodger Stadium",2021,42479,222,56000,75.86
"Dodger Stadium",2024,44474,144,56000,79.42
"Dodger Stadium",2023,52436,173,56000,93.64
"Fenway Park",2023,32227,185,37755,85.36
"Fenway Park",2023,30027,157,37755,79.53
"Fenway Park",2022,30095,210,37755,79.71
"Fenway Park",2021,4617,208,37755,12.23
"Fenway Park",2024,30133,217,37755,79.81
"Fenway Park",2021,26803,179,37755,70.99
"Fenway Park",2023,34087,162,37755,90.28
"Fenway Park",2022,34972,253,37755,92.63
"Fenway Park",2024,27936,161,37755,73.99
"Fenway Park",2021,4677,218,37755,12.39
"Fenway Park",2022,29476,175,37755,78.07
"Fenway Park",2021,4621,185,37755,12.24
"Fenway Park",2024,30665,148,37755,81.22
"Fenway Park",2024,30787,134,37755,81.54
"Fenway Park",2024,33003,155,37755,87.41
"Fenway Park",2024,32307,151,37755,85.57
"Fenway Park",2023,30267,177,37755,80.17
"Fenway Park",2024,32378,132,37755,85.76
"Fenway Park",2023,30578,145,37755,80.99
"Fenway Park",2022,29706,187,37755,78.68
"Fenway Park",2024,35004,145,37755,92.71
"Fenway Park",2024,36093,160,37755,95.6
"Fenway Park",2022,33354,187,37755,88.34
"Fenway Park",2021,4646,208,37755,12.31
"Fenway Park",2022,33073,159,37755,87.6
"Fenway Park",2024,35351,160,37755,93.63
"Fenway Park",2023,29395,152,37755,77.86
"Fenway Park",2024,32024,109,37755,84.82
"Fenway Park",2024,33008,165,37755,87.43
"Fenway Park",2024,33236,184,37755,88.03
"Fenway Park",2022,35715,207,37755,94.6
"Fenway Park",2021,34761,228,37755,92.07
"Fenway Park",2024,33540,169,37755,88.84
"Fenway Park",2021,35136,182,37755,93.06
"Fenway Park",2023,27438,166,37755,72.67
"Fenway Park",2024,35024,182,37755,92.77
"Fenway Park",2024,28663,156,37755,75.92
"Fenway Park",2024,33512,140,37755,88.76
"Fenway Park",2023,31045,186,37755,82.23
"Fenway Park",2021,27783,147,37755,73.59
"Fenway Park",2024,32052,154,37755,84.89
"Fenway Park",2024,31762,167,37755,84.13
"Fenway Park",2024,32898,186,37755,87.14
"Fenway Park",2021,28923,247,37755,76.61
"Fenway Park",2024,32448,163,37755,85.94
"Fenway Park",2024,32893,192,37755,87.12
"Fenway Park",2023,31977,151,37755,84.7
"Fenway Park",2022,37291,212,37755,98.77
"Fenway Park",2022,36841,231,37755,97.58
"Fenway Park",2021,32009,170,37755,84.78
"Fenway Park",2021,25374,218,37755,67.21
"Fenway Park",2023,33771,201,37755,89.45
"Fenway Park",2022,26912,178,37755,71.28
"Fenway Park",2021,30286,197,37755,80.22
"Fenway Park",2022,33927,166,37755,89.86
"Fenway Park",2023,33847,194,37755,89.65
"Fenway Park",2024,34007,163,37755,90.07
"Fenway Park",2021,33118,192,37755,87.72
"Fenway Park",2022,36434,204,37755,96.5
"Fenway Park",2024,36661,188,37755,97.1
"Fenway Park",2022,27328,192,37755,72.38
"Fenway Park",2022,36876,176,37755,97.67
"Fenway Park",2023,34261,157,37755,90.75
"Fenway Park",2023,31744,178,37755,84.08
"Fenway Park",2021,28022,185,37755,74.22
"Fenway Park",2024,30792,175,37755,81.56
"Fenway Park",2022,34925,159,37755,92.5
"Fenway Park",2022,29793,143,37755,78.91
"Fenway Park",2022,36473,177,37755,96.6
"Fenway Park",2022,34832,179,37755,92.26
"Fenway Park",2023,36559,141,37755,96.83
"Fenway Park",2021,9264,181,37755,24.54
"Fenway Park",2021,28935,187,37755,76.64
"Fenway Park",2023,29062,184,37755,76.98
"Fenway Park",2024,35856,157,37755,94.97
"Fenway Park",2021,28356,208,37755,75.11
"Fenway Park",2024,30898,172,37755,81.84
"Fenway Park",2023,37102,162,37755,98.27
"Fenway Park",2024,36673,188,37755,97.13
"Fenway Park",2022,35406,186,37755,93.78
"Fenway Park",2021,34922,206,37755,92.5
"Fenway Park",2022,31640,190,37755,83.8
"Fenway Park",2024,35494,159,37755,94.01
"Fenway Park",2022,31628,191,37755,83.77
"Fenway Park",2023,30392,219,37755,80.5
"Fenway Park",2023,27721,158,37755,73.42
"Fenway Park",2024,31704,192,37755,83.97
"Fenway Park",2023,35507,192,37755,94.05
"Fenway Park",2024,30600,165,37755,81.05
"Fenway Park",2021,25065,177,37755,66.39
"Fenway Park",2022,33735,185,37755,89.35
"Fenway Park",2022,31340,221,37755,83.01
"Fenway Park",2022,36581,135,37755,96.89
"Fenway Park",2022,26633,155,37755,70.54
"Fenway Park",2024,31941,161,37755,84.6
"Fenway Park",2023,31303,175,37755,82.91
"Fenway Park",2021,4661,225,37755,12.35
"Fenway Park",2024,30016,149,37755,79.5
"Fenway Park",2023,35653,179,37755,94.43
"Fenway Park",2023,30784,182,37755,81.54
"Fenway Park",2021,9005,127,37755,23.85
"Fenway Park",2022,35989,193,37755,95.32
"Fenway Park",2023,33399,103,37755,88.46
"Fenway Park",2022,29779,180,37755,78.87
"Fenway Park",2021,26649,166,37755,70.58
"Fenway Park",2022,32514,208,37755,86.12
"Fenway Park",2021,32495,205,37755,86.07
"Fenway Park",2021,4728,162,37755,12.52
"Fenway Park",2022,32617,163,37755,86.39
"Fenway Park",2023,35619,172,37755,94.34
"Fenway Park",2023,32593,182,37755,86.33
"Fenway Park",2024,30027,152,37755,79.53
"Fenway Park",2023,35986,179,37755,95.31
"Fenway Park",2024,31826,185,37755,84.3
"Fenway Park",2022,26695,201,37755,70.71
"Fenway Park",2021,25089,197,37755,66.45
"Fenway Park",2023,31717,197,37755,84.01
"Fenway Park",2022,36672,194,37755,97.13
"Fenway Park",2024,35169,160,37755,93.15
"Fenway Park",2022,31474,192,37755,83.36
"Fenway Park",2021,4510,164,37755,11.95
"Fenway Park",2023,34094,178,37755,90.3
"Fenway Park",2021,4458,208,37755,11.81
"Fenway Park",2023,30860,155,37755,81.74
"Fenway Park",2021,32586,215,37755,86.31
"Fenway Park",2024,31313,146,37755,82.94
"Fenway Park",2023,31642,192,37755,83.81
"Fenway Park",2021,27010,175,37755,71.54
"Fenway Park",2023,33954,160,37755,89.93
"Fenway Park",2024,32625,143,37755,86.41
"Fenway Park",2024,35443,150,37755,93.88
"Fenway Park",2022,34250,217,37755,90.72
"Fenway Park",2022,36945,218,37755,97.85
"Fenway Park",2023,27886,164,37755,73.86
"Fenway Park",2024,35333,148,37755,93.58
"Fenway Park",2023,36505,159,37755,96.69
"Fenway Park",2023,36663,174,37755,97.11
"Fenway Park",2021,29811,207,37755,78.96
"Fenway Park",2021,4452,190,37755,11.79
"Fenway Park",2022,35180,183,37755,93.18
"Fenway Park",2023,36136,160,37755,95.71
"Fenway Park",2021,27410,156,37755,72.6
"Fenway Park",2021,27986,249,37755,74.13
"Fenway Park",2022,36796,229,37755,97.46
"Fenway Park",2022,35792,179,37755,94.8
"Fenway Park",2024,31691,154,37755,83.94
"Fenway Park",2023,36376,151,37755,96.35
"Fenway Park",2022,36581,187,37755,96.89
"Fenway Park",2021,4682,265,37755,12.4
"Fenway Park",2024,26106,140,37755,69.15
"Fenway Park",2024,30992,157,37755,82.09
"Fenway Park",2023,31204,158,37755,82.65
"Fenway Park",2021,30027,189,37755,79.53
"Fenway Park",2021,22766,182,37755,60.3
"Fenway Park",2023,34192,157,37755,90.56
"Fenway Park",2021,32146,218,37755,85.14
"Fenway Park",2024,34894,136,37755,92.42
"Fenway Park",2021,27142,197,37755,71.89
"Fenway Park",2024,35715,214,37755,94.6
"Fenway Park",2022,29783,218,37755,78.88
"Fenway Park",2024,29110,155,37755,77.1
"Fenway Park",2023,24477,152,37755,64.83
"Fenway Park",2021,4751,171,37755,12.58
"Fenway Park",2021,4661,227,37755,12.35
"Fenway Park",2023,36049,190,37755,95.48
"Fenway Park",2021,20070,162,37755,53.16
"Fenway Park",2022,31877,188,37755,84.43
"Fenway Park",2023,27963,193,37755,74.06
"Fenway Park",2023,35327,154,37755,93.57
"Fenway Park",2021,30254,222,37755,80.13
"Fenway Park",2022,30842,174,37755,81.69
"Fenway Park",2024,34546,165,37755,91.5
"Fenway Park",2024,34522,154,37755,91.44
"Fenway Park",2021,4577,206,37755,12.12
"Fenway Park",2023,28369,177,37755,75.14
"Fenway Park",2024,36718,186,37755,97.25
"Fenway Park",2022,30779,195,37755,81.52
"Fenway Park",2022,26477,104,37755,70.13
"Fenway Park",2021,24024,189,37755,63.63
"Fenway Park",2024,32016,160,37755,84.8
"Fenway Park",2024,30995,133,37755,82.1
"Fenway Park",2023,30173,173,37755,79.92
"Fenway Park",2021,9357,186,37755,24.78
"Fenway Park",2024,30065,141,37755,79.63
"Fenway Park",2023,31157,141,37755,82.52
"Fenway Park",2021,9316,199,37755,24.67
"Fenway Park",2022,32529,183,37755,86.16
"Fenway Park",2024,35366,181,37755,93.67
"Fenway Park",2022,24809,185,37755,65.71
"Fenway Park",2021,23378,227,37755,61.92
"Fenway Park",2023,28842,156,37755,76.39
"Fenway Park",2023,37457,149,37755,99.21
"Fenway Park",2021,27913,188,37755,73.93
"Fenway Park",2023,27732,181,37755,73.45
"Fenway Park",2024,35528,164,37755,94.1
"Fenway Park",2021,36026,211,37755,95.42
"Fenway Park",2021,9197,176,37755,24.36
"Fenway Park",2024,33052,238,37755,87.54
"Fenway Park",2023,34942,183,37755,92.55
"Fenway Park",2022,27679,222,37755,73.31
"Fenway Park",2022,33896,198,37755,89.78
"Fenway Park",2022,28577,184,37755,75.69
"Fenway Park",2023,30997,167,37755,82.1
"Fenway Park",2024,36410,179,37755,96.44
"Fenway Park",2022,29168,173,37755,77.26
"Fenway Park",2024,31231,151,37755,82.72
"Fenway Park",2022,36141,208,37755,95.73
"Fenway Park",2023,30228,168,37755,80.06
"Fenway Park",2023,33392,147,37755,88.44
"Fenway Park",2024,31453,150,37755,83.31
"Fenway Park",2021,36103,213,37755,95.62
"Fenway Park",2023,28132,187,37755,74.51
"Fenway Park",2021,30012,193,37755,79.49
"Fenway Park",2023,35460,185,37755,93.92
"Fenway Park",2022,32919,182,37755,87.19
"Fenway Park",2022,28858,171,37755,76.43
"Fenway Park",2022,30963,198,37755,82.01
"Fenway Park",2023,35495,144,37755,94.01
"Fenway Park",2022,30219,160,37755,80.04
"Fenway Park",2024,35007,167,37755,92.72
"Fenway Park",2024,33806,143,37755,89.54
"Fenway Park",2024,29097,152,37755,77.07
"Fenway Park",2023,31476,160,37755,83.37
"Fenway Park",2022,30944,209,37755,81.96
"Fenway Park",2024,31801,154,37755,84.23
"Fenway Park",2021,36312,222,37755,96.18
"Fenway Park",2022,32122,153,37755,85.08
"Fenway Park",2023,31400,209,37755,83.17
"Fenway Park",2023,31952,164,37755,84.63
"Fenway Park",2024,36711,218,37755,97.23
"Fenway Park",2021,4571,171,37755,12.11
"Fenway Park",2022,35251,185,37755,93.37
"Fenway Park",2021,36869,217,37755,97.65
"Fenway Park",2024,36592,169,37755,96.92
"Fenway Park",2022,34811,175,37755,92.2
"Fenway Park",2024,34662,181,37755,91.81
"Fenway Park",2022,33026,222,37755,87.47
"Fenway Park",2024,29634,145,37755,78.49
"Fenway Park",2023,32209,177,37755,85.31
"Fenway Park",2022,34193,207,37755,90.57
"Fenway Park",2023,32647,155,37755,86.47
"Fenway Park",2023,34427,160,37755,91.19
"Fenway Park",2022,30527,262,37755,80.86
"Fenway Park",2023,33852,181,37755,89.66
"Fenway Park",2022,31199,212,37755,82.64
"Fenway Park",2021,23604,208,37755,62.52
"Fenway Park",2021,36857,202,37755,97.62
"Fenway Park",2024,34822,161,37755,92.23
"Fenway Park",2024,34643,191,37755,91.76
"Fenway Park",2024,32935,166,37755,87.23
"Fenway Park",2021,27652,224,37755,73.24
"Fenway Park",2021,9272,179,37755,24.56
"Fenway Park",2024,32809,125,37755,86.9
"Fenway Park",2022,28602,201,37755,75.76
"Fenway Park",2022,35867,229,37755,95
"Fenway Park",2023,35927,183,37755,95.16
"Fenway Park",2022,32422,187,37755,85.87
"Fenway Park",2024,34628,136,37755,91.72
"Fenway Park",2023,34615,220,37755,91.68
"Fenway Park",2023,34559,146,37755,91.53
"Fenway Park",2021,21007,187,37755,55.64
"Fenway Park",2021,34504,189,37755,91.39
"Fenway Park",2024,34078,133,37755,90.26
"Fenway Park",2021,9301,174,37755,24.64
"Fenway Park",2024,26230,196,37755,69.47
"Fenway Park",2022,29251,218,37755,77.48
"Fenway Park",2024,31712,132,37755,83.99
"Fenway Park",2023,37086,173,37755,98.23
"Fenway Park",2022,34036,144,37755,90.15
"Fenway Park",2022,35231,178,37755,93.31
"Fenway Park",2022,31717,158,37755,84.01
"Fenway Park",2022,31840,192,37755,84.33
"Fenway Park",2024,33760,142,37755,89.42
"Fenway Park",2023,31295,171,37755,82.89
"Fenway Park",2021,31127,189,37755,82.44
"Fenway Park",2023,36680,177,37755,97.15
"Fenway Park",2021,9284,165,37755,24.59
"Fenway Park",2023,31568,141,37755,83.61
"Fenway Park",2022,35821,189,37755,94.88
"Fenway Park",2021,33191,204,37755,87.91
"Fenway Park",2022,28491,189,37755,75.46
"Fenway Park",2023,36732,167,37755,97.29
"Fenway Park",2024,33694,145,37755,89.24
"Fenway Park",2022,29116,194,37755,77.12
"Fenway Park",2021,25257,211,37755,66.9
"Fenway Park",2023,34553,172,37755,91.52
"Fenway Park",2021,25180,211,37755,66.69
"Fenway Park",2024,31878,148,37755,84.43
"Fenway Park",2021,4668,216,37755,12.36
"Fenway Park",2021,33746,213,37755,89.38
"Fenway Park",2021,33081,189,37755,87.62
"Fenway Park",2023,36594,179,37755,96.92
"Fenway Park",2021,9374,172,37755,24.83
"Fenway Park",2022,33181,158,37755,87.89
"Fenway Park",2022,34404,213,37755,91.12
"Fenway Park",2021,4734,253,37755,12.54
"Fenway Park",2023,36162,168,37755,95.78
"Fenway Park",2023,36178,153,37755,95.82
"Fenway Park",2023,36787,140,37755,97.44
"Fenway Park",2021,24616,175,37755,65.2
"Fenway Park",2021,32641,224,37755,86.45
"Fenway Park",2023,35935,144,37755,95.18
"Fenway Park",2023,30029,165,37755,79.54
"Fenway Park",2021,4679,124,37755,12.39
"Fenway Park",2021,4601,144,37755,12.19
"Fenway Park",2021,27578,239,37755,73.04
"Fenway Park",2023,34790,117,37755,92.15
"Fenway Park",2022,36266,213,37755,96.06
"Fenway Park",2024,34756,156,37755,92.06
"Fenway Park",2023,32732,161,37755,86.7
"Fenway Park",2022,25634,199,37755,67.9
"Fenway Park",2023,35145,150,37755,93.09
"Fenway Park",2024,31077,155,37755,82.31
"Fenway Park",2024,34862,133,37755,92.34
"Fenway Park",2021,4738,195,37755,12.55
"Fenway Park",2021,22595,174,37755,59.85
"Fenway Park",2021,33202,207,37755,87.94
"Fenway Park",2024,29250,151,37755,77.47
"Fenway Park",2021,26512,294,37755,70.22
"Fenway Park",2022,31113,219,37755,82.41
"Fenway Park",2022,30765,237,37755,81.49
"Fenway Park",2022,32483,200,37755,86.04
"Fenway Park",2022,34990,165,37755,92.68
"Fenway Park",2023,37035,177,37755,98.09
"Globe Life Field",2021,18383,196,40300,45.62
"Globe Life Field",2024,37570,152,40300,93.23
"Globe Life Field",2022,27607,177,40300,68.5
"Globe Life Field",2024,31014,140,40300,76.96
"Globe Life Field",2023,28775,176,40300,71.4
"Globe Life Field",2024,28707,148,40300,71.23
"Globe Life Field",2023,35092,167,40300,87.08
"Globe Life Field",2021,26047,177,40300,64.63
"Globe Life Field",2022,35052,241,40300,86.98
"Globe Life Field",2022,35761,202,40300,88.74
"Globe Life Field",2022,20221,204,40300,50.18
"Globe Life Field",2021,31612,207,40300,78.44
"Globe Life Field",2022,38275,180,40300,94.98
"Globe Life Field",2021,27336,188,40300,67.83
"Globe Life Field",2022,15260,187,40300,37.87
"Globe Life Field",2021,31904,175,40300,79.17
"Globe Life Field",2023,33678,151,40300,83.57
"Globe Life Field",2024,36009,143,40300,89.35
"Globe Life Field",2024,32223,191,40300,79.96
"Globe Life Field",2021,27542,197,40300,68.34
"Globe Life Field",2024,28229,129,40300,70.05
"Globe Life Field",2024,24846,131,40300,61.65
"Globe Life Field",2022,31845,174,40300,79.02
"Globe Life Field",2024,36457,224,40300,90.46
"Globe Life Field",2024,35868,157,40300,89
"Globe Life Field",2022,14846,180,40300,36.84
"Globe Life Field",2021,27360,173,40300,67.89
"Globe Life Field",2021,30445,248,40300,75.55
"Globe Life Field",2021,21670,179,40300,53.77
"Globe Life Field",2022,21440,210,40300,53.2
"Globe Life Field",2021,28040,158,40300,69.58
"Globe Life Field",2024,27295,149,40300,67.73
"Globe Life Field",2024,34843,153,40300,86.46
"Globe Life Field",2023,17430,150,40300,43.25
"Globe Life Field",2023,33863,171,40300,84.03
"Globe Life Field",2023,39181,184,40300,97.22
"Globe Life Field",2024,39594,178,40300,98.25
"Globe Life Field",2021,35856,195,40300,88.97
"Globe Life Field",2024,37859,187,40300,93.94
"Globe Life Field",2023,38936,184,40300,96.62
"Globe Life Field",2024,36815,167,40300,91.35
"Globe Life Field",2021,30389,171,40300,75.41
"Globe Life Field",2021,17875,168,40300,44.35
"Globe Life Field",2022,14925,171,40300,37.03
"Globe Life Field",2021,30632,183,40300,76.01
"Globe Life Field",2022,21622,197,40300,53.65
"Globe Life Field",2023,37730,148,40300,93.62
"Globe Life Field",2021,21829,163,40300,54.17
"Globe Life Field",2023,39808,201,40300,98.78
"Globe Life Field",2024,34532,166,40300,85.69
"Globe Life Field",2021,22700,186,40300,56.33
"Globe Life Field",2024,32078,182,40300,79.6
"Globe Life Field",2024,32590,173,40300,80.87
"Globe Life Field",2021,24918,186,40300,61.83
"Globe Life Field",2021,19119,180,40300,47.44
"Globe Life Field",2022,28340,217,40300,70.32
"Globe Life Field",2023,31004,147,40300,76.93
"Globe Life Field",2023,31916,190,40300,79.2
"Globe Life Field",2022,19472,170,40300,48.32
"Globe Life Field",2023,26667,229,40300,66.17
"Globe Life Field",2021,27237,163,40300,67.59
"Globe Life Field",2023,28151,164,40300,69.85
"Globe Life Field",2022,13121,190,40300,32.56
"Globe Life Field",2021,26442,225,40300,65.61
"Globe Life Field",2021,33043,191,40300,81.99
"Globe Life Field",2023,26189,163,40300,64.99
"Globe Life Field",2023,29901,127,40300,74.2
"Globe Life Field",2023,32733,170,40300,81.22
"Globe Life Field",2023,40380,161,40300,100.2
"Globe Life Field",2021,26616,205,40300,66.04
"Globe Life Field",2022,34493,190,40300,85.59
"Globe Life Field",2024,34912,136,40300,86.63
"Globe Life Field",2021,35129,199,40300,87.17
"Globe Life Field",2022,25605,201,40300,63.54
"Globe Life Field",2022,20984,197,40300,52.07
"Globe Life Field",2022,29153,186,40300,72.34
"Globe Life Field",2023,25161,153,40300,62.43
"Globe Life Field",2022,28415,150,40300,70.51
"Globe Life Field",2023,39383,157,40300,97.72
"Globe Life Field",2023,36555,203,40300,90.71
"Globe Life Field",2023,36495,171,40300,90.56
"Globe Life Field",2021,14747,241,40300,36.59
"Globe Life Field",2024,38410,193,40300,95.31
"Globe Life Field",2021,38238,184,40300,94.88
"Globe Life Field",2024,37008,150,40300,91.83
"Globe Life Field",2021,20432,183,40300,50.7
"Globe Life Field",2021,34484,175,40300,85.57
"Globe Life Field",2023,25823,144,40300,64.08
"Globe Life Field",2024,39240,132,40300,97.37
"Globe Life Field",2022,22650,205,40300,56.2
"Globe Life Field",2023,38515,188,40300,95.57
"Globe Life Field",2021,27362,170,40300,67.9
"Globe Life Field",2023,34435,181,40300,85.45
"Globe Life Field",2021,29338,185,40300,72.8
"Globe Life Field",2022,20399,197,40300,50.62
"Globe Life Field",2021,38055,204,40300,94.43
"Globe Life Field",2022,28723,212,40300,71.27
"Globe Life Field",2022,25566,176,40300,63.44
"Globe Life Field",2022,22394,154,40300,55.57
"Globe Life Field",2021,16103,170,40300,39.96
"Globe Life Field",2022,17485,243,40300,43.39
"Globe Life Field",2021,24990,159,40300,62.01
"Globe Life Field",2021,31689,142,40300,78.63
"Globe Life Field",2024,33885,176,40300,84.08
"Globe Life Field",2022,27427,219,40300,68.06
"Globe Life Field",2022,29370,160,40300,72.88
"Globe Life Field",2021,31121,195,40300,77.22
"Globe Life Field",2024,29906,208,40300,74.21
"Globe Life Field",2022,19161,175,40300,47.55
"Globe Life Field",2024,36274,164,40300,90.01
"Globe Life Field",2023,35431,159,40300,87.92
"Globe Life Field",2022,19607,203,40300,48.65
"Globe Life Field",2021,33463,199,40300,83.03
"Globe Life Field",2022,17097,184,40300,42.42
"Globe Life Field",2021,24938,208,40300,61.88
"Globe Life Field",2021,19121,208,40300,47.45
"Globe Life Field",2023,38583,169,40300,95.74
"Globe Life Field",2023,17760,171,40300,44.07
"Globe Life Field",2021,18903,233,40300,46.91
"Globe Life Field",2021,20533,149,40300,50.95
"Globe Life Field",2024,38607,148,40300,95.8
"Globe Life Field",2023,22805,152,40300,56.59
"Globe Life Field",2024,37977,131,40300,94.24
"Globe Life Field",2024,36095,147,40300,89.57
"Globe Life Field",2022,26494,189,40300,65.74
"Globe Life Field",2023,34569,140,40300,85.78
"Globe Life Field",2023,31685,125,40300,78.62
"Globe Life Field",2024,35681,143,40300,88.54
"Globe Life Field",2024,34625,130,40300,85.92
"Globe Life Field",2024,37922,170,40300,94.1
"Globe Life Field",2022,20634,241,40300,51.2
"Globe Life Field",2024,19726,138,40300,48.95
"Globe Life Field",2023,34166,184,40300,84.78
"Globe Life Field",2022,38832,156,40300,96.36
"Globe Life Field",2024,31605,181,40300,78.42
"Globe Life Field",2022,14994,172,40300,37.21
"Globe Life Field",2024,25074,123,40300,62.22
"Globe Life Field",2024,33309,183,40300,82.65
"Globe Life Field",2024,31808,146,40300,78.93
"Globe Life Field",2022,25829,203,40300,64.09
"Globe Life Field",2021,26607,162,40300,66.02
"Globe Life Field",2023,27375,156,40300,67.93
"Globe Life Field",2024,39882,148,40300,98.96
"Globe Life Field",2022,20959,155,40300,52.01
"Globe Life Field",2023,22320,170,40300,55.38
"Globe Life Field",2024,36989,154,40300,91.78
"Globe Life Field",2021,22173,152,40300,55.02
"Globe Life Field",2024,29748,163,40300,73.82
"Globe Life Field",2024,33387,164,40300,82.85
"Globe Life Field",2024,31560,140,40300,78.31
"Globe Life Field",2024,28111,158,40300,69.75
"Globe Life Field",2022,21329,169,40300,52.93
"Globe Life Field",2023,25832,175,40300,64.1
"Globe Life Field",2022,16317,141,40300,40.49
"Globe Life Field",2022,20972,165,40300,52.04
"Globe Life Field",2024,18714,143,40300,46.44
"Globe Life Field",2022,16223,169,40300,40.26
"Globe Life Field",2023,34916,151,40300,86.64
"Globe Life Field",2022,24992,165,40300,62.01
"Globe Life Field",2022,35906,149,40300,89.1
"Globe Life Field",2024,42130,195,40300,104.54
"Globe Life Field",2023,26791,151,40300,66.48
"Globe Life Field",2023,39174,146,40300,97.21
"Globe Life Field",2024,33181,179,40300,82.33
"Globe Life Field",2022,16469,182,40300,40.87
"Globe Life Field",2024,38301,137,40300,95.04
"Globe Life Field",2021,34007,187,40300,84.38
"Globe Life Field",2023,29804,147,40300,73.96
"Globe Life Field",2021,28267,165,40300,70.14
"Globe Life Field",2022,36097,136,40300,89.57
"Globe Life Field",2023,26166,158,40300,64.93
"Globe Life Field",2023,15867,138,40300,39.37
"Globe Life Field",2022,30553,165,40300,75.81
"Globe Life Field",2023,35531,186,40300,88.17
"Globe Life Field",2023,28988,118,40300,71.93
"Globe Life Field",2023,35412,182,40300,87.87
"Globe Life Field",2024,27529,150,40300,68.31
"Globe Life Field",2021,27575,166,40300,68.42
"Globe Life Field",2024,28396,141,40300,70.46
"Globe Life Field",2022,25700,220,40300,63.77
"Globe Life Field",2022,22622,224,40300,56.13
"Globe Life Field",2023,32388,165,40300,80.37
"Globe Life Field",2022,29579,207,40300,73.4
"Globe Life Field",2023,25406,159,40300,63.04
"Globe Life Field",2024,31737,156,40300,78.75
"Globe Life Field",2022,20366,203,40300,50.54
"Globe Life Field",2023,34443,177,40300,85.47
"Globe Life Field",2021,19960,198,40300,49.53
"Globe Life Field",2023,39632,143,40300,98.34
"Globe Life Field",2023,26940,138,40300,66.85
"Globe Life Field",2021,23640,169,40300,58.66
"Globe Life Field",2021,23664,185,40300,58.72
"Globe Life Field",2022,19243,200,40300,47.75
"Globe Life Field",2022,25378,171,40300,62.97
"Globe Life Field",2022,26378,202,40300,65.45
"Globe Life Field",2023,28519,164,40300,70.77
"Globe Life Field",2023,39078,150,40300,96.97
"Globe Life Field",2023,40027,126,40300,99.32
"Globe Life Field",2023,28203,184,40300,69.98
"Globe Life Field",2022,38316,180,40300,95.08
"Globe Life Field",2022,24938,215,40300,61.88
"Globe Life Field",2022,28854,185,40300,71.6
"Globe Life Field",2023,34677,157,40300,86.05
"Globe Life Field",2021,26723,196,40300,66.31
"Globe Life Field",2024,21782,138,40300,54.05
"Globe Life Field",2024,32113,147,40300,79.68
"Globe Life Field",2022,25560,183,40300,63.42
"Globe Life Field",2022,15561,175,40300,38.61
"Globe Life Field",2023,26617,175,40300,66.05
"Globe Life Field",2021,16391,242,40300,40.67
"Globe Life Field",2023,18380,144,40300,45.61
"Globe Life Field",2022,20357,183,40300,50.51
"Globe Life Field",2021,23241,200,40300,57.67
"Globe Life Field",2021,14990,169,40300,37.2
"Globe Life Field",2024,30384,137,40300,75.39
"Globe Life Field",2021,19451,165,40300,48.27
"Globe Life Field",2024,31192,147,40300,77.4
"Globe Life Field",2022,20704,192,40300,51.37
"Globe Life Field",2024,35669,166,40300,88.51
"Globe Life Field",2024,34583,154,40300,85.81
"Globe Life Field",2023,39578,165,40300,98.21
"Globe Life Field",2024,29356,183,40300,72.84
"Globe Life Field",2022,34462,203,40300,85.51
"Globe Life Field",2022,20660,208,40300,51.27
"Globe Life Field",2021,36444,219,40300,90.43
"Globe Life Field",2022,19484,157,40300,48.35
"Globe Life Field",2023,30251,137,40300,75.06
"Globe Life Field",2022,16495,172,40300,40.93
"Globe Life Field",2022,34357,180,40300,85.25
"Globe Life Field",2023,34308,148,40300,85.13
"Globe Life Field",2021,37810,168,40300,93.82
"Globe Life Field",2024,34458,145,40300,85.5
"Globe Life Field",2024,31896,177,40300,79.15
"Globe Life Field",2024,36336,149,40300,90.16
"Globe Life Field",2024,35762,125,40300,88.74
"Globe Life Field",2021,19185,200,40300,47.61
"Globe Life Field",2022,25470,180,40300,63.2
"Globe Life Field",2022,17727,238,40300,43.99
"Globe Life Field",2024,30488,142,40300,75.65
"Globe Life Field",2023,18560,139,40300,46.05
"Globe Life Field",2024,32240,151,40300,80
"Globe Life Field",2021,17766,186,40300,44.08
"Globe Life Field",2022,30392,202,40300,75.41
"Globe Life Field",2021,29286,195,40300,72.67
"Globe Life Field",2024,28705,159,40300,71.23
"Globe Life Field",2024,28454,140,40300,70.61
"Globe Life Field",2021,15140,176,40300,37.57
"Globe Life Field",2021,16876,153,40300,41.88
"Globe Life Field",2023,31325,129,40300,77.73
"Globe Life Field",2021,29190,177,40300,72.43
"Globe Life Field",2021,20066,179,40300,49.79
"Globe Life Field",2023,39580,161,40300,98.21
"Globe Life Field",2022,29805,198,40300,73.96
"Globe Life Field",2022,28794,150,40300,71.45
"Globe Life Field",2021,25803,208,40300,64.03
"Globe Life Field",2023,36341,140,40300,90.18
"Globe Life Field",2022,34862,211,40300,86.51
"Globe Life Field",2024,32175,160,40300,79.84
"Globe Life Field",2021,24267,180,40300,60.22
"Globe Life Field",2021,19074,203,40300,47.33
"Globe Life Field",2021,31062,192,40300,77.08
"Globe Life Field",2023,23246,135,40300,57.68
"Globe Life Field",2024,27584,139,40300,68.45
"Globe Life Field",2023,21427,185,40300,53.17
"Globe Life Field",2021,26522,211,40300,65.81
"Globe Life Field",2024,29276,146,40300,72.65
"Globe Life Field",2022,24751,192,40300,61.42
"Globe Life Field",2024,31501,165,40300,78.17
"Globe Life Field",2023,16268,150,40300,40.37
"Globe Life Field",2021,29619,183,40300,73.5
"Globe Life Field",2022,15862,189,40300,39.36
"Globe Life Field",2023,23086,177,40300,57.29
"Globe Life Field",2022,31621,196,40300,78.46
"Globe Life Field",2023,36417,165,40300,90.36
"Globe Life Field",2023,26977,174,40300,66.94
"Globe Life Field",2023,38387,184,40300,95.25
"Globe Life Field",2024,32913,142,40300,81.67
"Globe Life Field",2023,27743,159,40300,68.84
"Globe Life Field",2024,27100,166,40300,67.25
"Globe Life Field",2024,30832,163,40300,76.51
"Globe Life Field",2022,15407,181,40300,38.23
"Globe Life Field",2023,30035,149,40300,74.53
"Globe Life Field",2021,18585,153,40300,46.12
"Globe Life Field",2023,40738,170,40300,101.09
"Globe Life Field",2024,34023,162,40300,84.42
"Globe Life Field",2024,39929,206,40300,99.08
"Globe Life Field",2021,20991,176,40300,52.09
"Globe Life Field",2023,36900,148,40300,91.56
"Globe Life Field",2021,30030,235,40300,74.52
"Globe Life Field",2022,17420,194,40300,43.23
"Globe Life Field",2023,33797,187,40300,83.86
"Globe Life Field",2022,15110,171,40300,37.49
"Globe Life Field",2021,30531,159,40300,75.76
"Globe Life Field",2022,35427,199,40300,87.91
"Globe Life Field",2023,31591,158,40300,78.39
"Globe Life Field",2021,28288,207,40300,70.19
"Globe Life Field",2023,30819,143,40300,76.47
"Globe Life Field",2024,35095,148,40300,87.08
"Globe Life Field",2021,30304,224,40300,75.2
"Globe Life Field",2022,36183,162,40300,89.78
"Globe Life Field",2021,29046,169,40300,72.07
"Globe Life Field",2022,34220,197,40300,84.91
"Globe Life Field",2021,27581,169,40300,68.44
"Globe Life Field",2023,28735,146,40300,71.3
"Globe Life Field",2024,36553,154,40300,90.7
"Globe Life Field",2021,34044,162,40300,84.48
"Globe Life Field",2023,37138,188,40300,92.15
"Globe Life Field",2024,28620,133,40300,71.02
"Globe Life Field",2024,30735,180,40300,76.27
"Globe Life Field",2023,33362,144,40300,82.78
"Globe Life Field",2021,26761,182,40300,66.4
"Globe Life Field",2021,28396,174,40300,70.46
"Globe Life Field",2021,30635,167,40300,76.02
"Globe Life Field",2022,28056,168,40300,69.62
"Globe Life Field",2021,20259,192,40300,50.27
"Globe Life Field",2024,22926,136,40300,56.89
"Globe Life Field",2024,39414,188,40300,97.8
"Globe Life Field",2024,29558,167,40300,73.34
"Globe Life Field",2024,37678,158,40300,93.49
"Globe Life Field",2024,33965,140,40300,84.28
"Globe Life Field",2023,33957,163,40300,84.26
"Globe Life Field",2021,24367,170,40300,60.46
"Globe Life Field",2022,28324,166,40300,70.28
"Globe Life Field",2023,27192,147,40300,67.47
"Great American Ball Park",2024,41880,149,43500,96.28
"Great American Ball Park",2021,36815,178,43500,84.63
"Great American Ball Park",2022,19952,166,43500,45.87
"Great American Ball Park",2023,30927,172,43500,71.1
"Great American Ball Park",2022,13487,181,43500,31
"Great American Ball Park",2023,13687,131,43500,31.46
"Great American Ball Park",2023,37029,197,43500,85.12
"Great American Ball Park",2022,9485,133,43500,21.8
"Great American Ball Park",2024,21837,145,43500,50.2
"Great American Ball Park",2024,20766,158,43500,47.74
"Great American Ball Park",2024,19471,157,43500,44.76
"Great American Ball Park",2021,19896,179,43500,45.74
"Great American Ball Park",2021,29861,185,43500,68.65
"Great American Ball Park",2022,25071,201,43500,57.63
"Great American Ball Park",2022,11051,181,43500,25.4
"Great American Ball Park",2023,44073,211,43500,101.32
"Great American Ball Park",2024,40663,164,43500,93.48
"Great American Ball Park",2023,19205,130,43500,44.15
"Great American Ball Park",2024,30388,161,43500,69.86
"Great American Ball Park",2023,31191,156,43500,71.7
"Great American Ball Park",2023,8810,156,43500,20.25
"Great American Ball Park",2023,17780,137,43500,40.87
"Great American Ball Park",2021,23941,192,43500,55.04
"Great American Ball Park",2021,11862,197,43500,27.27
"Great American Ball Park",2021,16021,264,43500,36.83
"Great American Ball Park",2022,19032,189,43500,43.75
"Great American Ball Park",2023,30811,165,43500,70.83
"Great American Ball Park",2021,40854,192,43500,93.92
"Great American Ball Park",2023,27465,172,43500,63.14
"Great American Ball Park",2022,16380,202,43500,37.66
"Great American Ball Park",2021,8025,220,43500,18.45
"Great American Ball Park",2024,10388,132,43500,23.88
"Great American Ball Park",2023,35177,162,43500,80.87
"Great American Ball Park",2024,40074,176,43500,92.12
"Great American Ball Park",2021,11004,182,43500,25.3
"Great American Ball Park",2023,22352,155,43500,51.38
"Great American Ball Park",2024,18214,171,43500,41.87
"Great American Ball Park",2022,17344,202,43500,39.87
"Great American Ball Park",2023,25485,178,43500,58.59
"Great American Ball Park",2022,27190,207,43500,62.51
"Great American Ball Park",2024,32737,169,43500,75.26
"Great American Ball Park",2022,20439,190,43500,46.99
"Great American Ball Park",2021,11836,189,43500,27.21
"Great American Ball Park",2021,12084,123,43500,27.78
"Great American Ball Park",2021,19430,240,43500,44.67
"Great American Ball Park",2022,12799,160,43500,29.42
"Great American Ball Park",2024,13590,170,43500,31.24
"Great American Ball Park",2022,26755,194,43500,61.51
"Great American Ball Park",2022,25001,186,43500,57.47
"Great American Ball Park",2021,17086,205,43500,39.28
"Great American Ball Park",2023,19229,156,43500,44.2
"Great American Ball Park",2024,37146,150,43500,85.39
"Great American Ball Park",2023,40625,140,43500,93.39
"Great American Ball Park",2022,13622,147,43500,31.31
"Great American Ball Park",2022,11417,184,43500,26.25
"Great American Ball Park",2021,29001,201,43500,66.67
"Great American Ball Park",2023,24323,158,43500,55.91
"Great American Ball Park",2024,25935,156,43500,59.62
"Great American Ball Park",2022,18476,176,43500,42.47
"Great American Ball Park",2021,26621,189,43500,61.2
"Great American Ball Park",2021,34671,155,43500,79.7
"Great American Ball Park",2024,25861,154,43500,59.45
"Great American Ball Park",2023,37551,214,43500,86.32
"Great American Ball Park",2023,22602,186,43500,51.96
"Great American Ball Park",2021,23740,172,43500,54.57
"Great American Ball Park",2021,28926,154,43500,66.5
"Great American Ball Park",2022,11957,198,43500,27.49
"Great American Ball Park",2023,22306,171,43500,51.28
"Great American Ball Park",2021,12213,204,43500,28.08
"Great American Ball Park",2022,11851,206,43500,27.24
"Great American Ball Park",2024,27692,175,43500,63.66
"Great American Ball Park",2022,28606,172,43500,65.76
"Great American Ball Park",2024,26656,158,43500,61.28
"Great American Ball Park",2021,13989,165,43500,32.16
"Great American Ball Park",2021,23765,182,43500,54.63
"Great American Ball Park",2021,21696,195,43500,49.88
"Great American Ball Park",2024,31464,165,43500,72.33
"Great American Ball Park",2022,11387,152,43500,26.18
"Great American Ball Park",2024,39674,175,43500,91.2
"Great American Ball Park",2023,31824,186,43500,73.16
"Great American Ball Park",2022,14635,173,43500,33.64
"Great American Ball Park",2021,10247,190,43500,23.56
"Great American Ball Park",2021,17611,187,43500,40.49
"Great American Ball Park",2022,23124,167,43500,53.16
"Great American Ball Park",2021,30231,183,43500,69.5
"Great American Ball Park",2023,19003,147,43500,43.69
"Great American Ball Park",2023,21480,165,43500,49.38
"Great American Ball Park",2024,17542,180,43500,40.33
"Great American Ball Park",2021,7549,266,43500,17.35
"Great American Ball Park",2024,18713,178,43500,43.02
"Great American Ball Park",2022,12029,196,43500,27.65
"Great American Ball Park",2024,17557,155,43500,40.36
"Great American Ball Park",2021,10788,216,43500,24.8
"Great American Ball Park",2022,11291,151,43500,25.96
"Great American Ball Park",2023,31772,201,43500,73.04
"Great American Ball Park",2022,13167,209,43500,30.27
"Great American Ball Park",2021,11581,163,43500,26.62
"Great American Ball Park",2021,8085,200,43500,18.59
"Great American Ball Park",2024,24606,183,43500,56.57
"Great American Ball Park",2024,25601,153,43500,58.85
"Great American Ball Park",2023,26569,210,43500,61.08
"Great American Ball Park",2021,26962,198,43500,61.98
"Great American Ball Park",2021,29340,179,43500,67.45
"Great American Ball Park",2024,20955,184,43500,48.17
"Great American Ball Park",2023,17610,162,43500,40.48
"Great American Ball Park",2023,11941,155,43500,27.45
"Great American Ball Park",2023,23637,145,43500,54.34
"Great American Ball Park",2021,17878,173,43500,41.1
"Great American Ball Park",2022,9338,176,43500,21.47
"Great American Ball Park",2024,11263,122,43500,25.89
"Great American Ball Park",2022,13738,172,43500,31.58
"Great American Ball Park",2022,13578,190,43500,31.21
"Great American Ball Park",2024,22539,132,43500,51.81
"Great American Ball Park",2023,40810,183,43500,93.82
"Great American Ball Park",2024,35619,147,43500,81.88
"Great American Ball Park",2022,23128,224,43500,53.17
"Great American Ball Park",2022,23959,209,43500,55.08
"Great American Ball Park",2021,19106,155,43500,43.92
"Great American Ball Park",2021,16755,237,43500,38.52
"Great American Ball Park",2024,12623,177,43500,29.02
"Great American Ball Park",2022,13271,153,43500,30.51
"Great American Ball Park",2024,26457,184,43500,60.82
"Great American Ball Park",2022,16763,178,43500,38.54
"Great American Ball Park",2023,13399,172,43500,30.8
"Great American Ball Park",2023,20334,172,43500,46.74
"Great American Ball Park",2023,41516,152,43500,95.44
"Great American Ball Park",2021,12423,196,43500,28.56
"Great American Ball Park",2023,31190,148,43500,71.7
"Great American Ball Park",2021,21006,198,43500,48.29
"Great American Ball Park",2024,35430,159,43500,81.45
"Great American Ball Park",2023,27829,137,43500,63.97
"Great American Ball Park",2024,25451,139,43500,58.51
"Great American Ball Park",2021,9097,198,43500,20.91
"Great American Ball Park",2021,15404,217,43500,35.41
"Great American Ball Park",2023,31529,161,43500,72.48
"Great American Ball Park",2021,11656,227,43500,26.8
"Great American Ball Park",2022,12083,174,43500,27.78
"Great American Ball Park",2022,13074,157,43500,30.06
"Great American Ball Park",2023,29870,191,43500,68.67
"Great American Ball Park",2021,11897,219,43500,27.35
"Great American Ball Park",2022,10976,187,43500,25.23
"Great American Ball Park",2023,33828,147,43500,77.77
"Great American Ball Park",2021,16620,232,43500,38.21
"Great American Ball Park",2023,11304,145,43500,25.99
"Great American Ball Park",2022,13540,226,43500,31.13
"Great American Ball Park",2022,21147,173,43500,48.61
"Great American Ball Park",2022,10056,191,43500,23.12
"Great American Ball Park",2023,26195,187,43500,60.22
"Great American Ball Park",2022,28598,193,43500,65.74
"Great American Ball Park",2023,14065,176,43500,32.33
"Great American Ball Park",2023,26290,147,43500,60.44
"Great American Ball Park",2024,19107,119,43500,43.92
"Great American Ball Park",2022,43036,210,43500,98.93
"Great American Ball Park",2024,25678,165,43500,59.03
"Great American Ball Park",2022,9889,170,43500,22.73
"Great American Ball Park",2023,14159,153,43500,32.55
"Great American Ball Park",2021,12551,162,43500,28.85
"Great American Ball Park",2022,16698,207,43500,38.39
"Great American Ball Park",2021,11463,155,43500,26.35
"Great American Ball Park",2024,16620,178,43500,38.21
"Great American Ball Park",2021,10773,167,43500,24.77
"Great American Ball Park",2024,17865,176,43500,41.07
"Great American Ball Park",2024,36098,169,43500,82.98
"Great American Ball Park",2023,15364,133,43500,35.32
"Great American Ball Park",2021,17077,197,43500,39.26
"Great American Ball Park",2022,14937,165,43500,34.34
"Great American Ball Park",2022,17074,200,43500,39.25
"Great American Ball Park",2023,39897,153,43500,91.72
"Great American Ball Park",2024,16836,147,43500,38.7
"Great American Ball Park",2021,18268,191,43500,42
"Great American Ball Park",2022,12437,200,43500,28.59
"Great American Ball Park",2023,29680,202,43500,68.23
"Great American Ball Park",2023,14855,147,43500,34.15
"Great American Ball Park",2023,14421,144,43500,33.15
"Great American Ball Park",2024,32602,134,43500,74.95
"Great American Ball Park",2022,20470,199,43500,47.06
"Great American Ball Park",2023,24186,191,43500,55.6
"Great American Ball Park",2021,19096,193,43500,43.9
"Great American Ball Park",2023,43498,189,43500,100
"Great American Ball Park",2024,10382,168,43500,23.87
"Great American Ball Park",2022,16658,202,43500,38.29
"Great American Ball Park",2023,15978,149,43500,36.73
"Great American Ball Park",2021,16090,201,43500,36.99
"Great American Ball Park",2024,25574,148,43500,58.79
"Great American Ball Park",2021,10365,140,43500,23.83
"Great American Ball Park",2023,12626,159,43500,29.03
"Great American Ball Park",2022,23060,169,43500,53.01
"Great American Ball Park",2022,13156,152,43500,30.24
"Great American Ball Park",2022,17623,181,43500,40.51
"Great American Ball Park",2022,18813,164,43500,43.25
"Great American Ball Park",2024,27881,197,43500,64.09
"Great American Ball Park",2021,10209,197,43500,23.47
"Great American Ball Park",2021,17797,163,43500,40.91
"Great American Ball Park",2022,33301,200,43500,76.55
"Great American Ball Park",2024,27343,170,43500,62.86
"Great American Ball Park",2024,31326,144,43500,72.01
"Great American Ball Park",2021,12497,191,43500,28.73
"Great American Ball Park",2024,29199,173,43500,67.12
"Great American Ball Park",2023,22224,136,43500,51.09
"Great American Ball Park",2021,21947,244,43500,50.45
"Great American Ball Park",2023,12170,154,43500,27.98
"Great American Ball Park",2022,20496,202,43500,47.12
"Great American Ball Park",2024,15967,159,43500,36.71
"Great American Ball Park",2024,28514,164,43500,65.55
"Great American Ball Park",2023,7375,148,43500,16.95
"Great American Ball Park",2021,34844,209,43500,80.1
"Great American Ball Park",2023,40140,208,43500,92.28
"Great American Ball Park",2024,14515,184,43500,33.37
"Great American Ball Park",2022,21418,169,43500,49.24
"Great American Ball Park",2021,16332,230,43500,37.54
"Great American Ball Park",2023,41374,179,43500,95.11
"Great American Ball Park",2024,24797,135,43500,57
"Great American Ball Park",2024,20077,169,43500,46.15
"Great American Ball Park",2021,37204,277,43500,85.53
"Great American Ball Park",2023,37714,147,43500,86.7
"Great American Ball Park",2023,10256,154,43500,23.58
"Great American Ball Park",2024,28307,158,43500,65.07
"Great American Ball Park",2024,37501,130,43500,86.21
"Great American Ball Park",2023,26201,148,43500,60.23
"Great American Ball Park",2021,30605,223,43500,70.36
"Great American Ball Park",2024,13653,155,43500,31.39
"Great American Ball Park",2023,38461,161,43500,88.42
"Great American Ball Park",2024,34750,145,43500,79.89
"Great American Ball Park",2024,31803,173,43500,73.11
"Great American Ball Park",2024,33202,142,43500,76.33
"Great American Ball Park",2021,10892,168,43500,25.04
"Great American Ball Park",2021,8745,172,43500,20.1
"Great American Ball Park",2023,25543,154,43500,58.72
"Great American Ball Park",2022,11512,192,43500,26.46
"Great American Ball Park",2021,17234,209,43500,39.62
"Great American Ball Park",2024,16479,195,43500,37.88
"Great American Ball Park",2024,12065,147,43500,27.74
"Great American Ball Park",2024,28075,136,43500,64.54
"Great American Ball Park",2022,26529,198,43500,60.99
"Great American Ball Park",2023,30895,178,43500,71.02
"Great American Ball Park",2022,19533,194,43500,44.9
"Great American Ball Park",2023,44063,182,43500,101.29
"Great American Ball Park",2023,38246,161,43500,87.92
"Great American Ball Park",2022,19000,196,43500,43.68
"Great American Ball Park",2023,17389,148,43500,39.97
"Great American Ball Park",2023,19797,167,43500,45.51
"Great American Ball Park",2022,12948,196,43500,29.77
"Great American Ball Park",2022,9575,181,43500,22.01
"Great American Ball Park",2024,21682,138,43500,49.84
"Great American Ball Park",2023,14515,155,43500,33.37
"Great American Ball Park",2022,13613,288,43500,31.29
"Great American Ball Park",2022,14506,220,43500,33.35
"Great American Ball Park",2024,15786,177,43500,36.29
"Great American Ball Park",2024,22450,138,43500,51.61
"Great American Ball Park",2022,13086,169,43500,30.08
"Great American Ball Park",2021,11629,180,43500,26.73
"Great American Ball Park",2024,18996,138,43500,43.67
"Great American Ball Park",2023,20994,166,43500,48.26
"Great American Ball Park",2021,31297,195,43500,71.95
"Great American Ball Park",2023,41059,150,43500,94.39
"Great American Ball Park",2024,16126,143,43500,37.07
"Great American Ball Park",2024,18959,140,43500,43.58
"Great American Ball Park",2023,28291,171,43500,65.04
"Great American Ball Park",2021,16922,181,43500,38.9
"Great American Ball Park",2022,23658,209,43500,54.39
"Great American Ball Park",2024,34103,178,43500,78.4
"Great American Ball Park",2021,23083,174,43500,53.06
"Great American Ball Park",2021,21328,223,43500,49.03
"Great American Ball Park",2023,13115,182,43500,30.15
"Great American Ball Park",2024,14485,147,43500,33.3
"Great American Ball Park",2024,32500,146,43500,74.71
"Great American Ball Park",2021,19393,197,43500,44.58
"Great American Ball Park",2022,33927,240,43500,77.99
"Great American Ball Park",2024,14255,131,43500,32.77
"Great American Ball Park",2021,17080,285,43500,39.26
"Great American Ball Park",2024,44030,138,43500,101.22
"Great American Ball Park",2023,43086,193,43500,99.05
"Great American Ball Park",2022,21748,199,43500,50
"Great American Ball Park",2022,10046,198,43500,23.09
"Great American Ball Park",2022,9267,189,43500,21.3
"Great American Ball Park",2022,9192,208,43500,21.13
"Great American Ball Park",2023,13423,171,43500,30.86
"Great American Ball Park",2023,17863,197,43500,41.06
"Great American Ball Park",2023,9194,195,43500,21.14
"Great American Ball Park",2022,11449,185,43500,26.32
"Great American Ball Park",2023,20338,170,43500,46.75
"Great American Ball Park",2021,10326,187,43500,23.74
"Great American Ball Park",2021,16171,210,43500,37.17
"Great American Ball Park",2024,40274,152,43500,92.58
"Great American Ball Park",2024,26219,166,43500,60.27
"Great American Ball Park",2022,21448,226,43500,49.31
"Great American Ball Park",2022,26655,180,43500,61.28
"Great American Ball Park",2024,15873,140,43500,36.49
"Great American Ball Park",2022,14386,192,43500,33.07
"Great American Ball Park",2024,40541,141,43500,93.2
"Great American Ball Park",2021,20505,189,43500,47.14
"Great American Ball Park",2022,20472,177,43500,47.06
"Great American Ball Park",2022,21989,194,43500,50.55
"Great American Ball Park",2021,34433,172,43500,79.16
"Great American Ball Park",2022,10449,215,43500,24.02
"Great American Ball Park",2022,29104,174,43500,66.91
"Great American Ball Park",2021,11055,191,43500,25.41
"Great American Ball Park",2021,18293,221,43500,42.05
"Great American Ball Park",2024,15660,162,43500,36
"Great American Ball Park",2024,20071,178,43500,46.14
"Great American Ball Park",2021,12598,205,43500,28.96
"Great American Ball Park",2024,25562,165,43500,58.76
"Great American Ball Park",2021,33489,175,43500,76.99
"Great American Ball Park",2023,25860,159,43500,59.45
"Great American Ball Park",2021,11093,155,43500,25.5
"Great American Ball Park",2024,14436,190,43500,33.19
"Great American Ball Park",2022,10445,230,43500,24.01
"Great American Ball Park",2021,9475,216,43500,21.78
"Great American Ball Park",2021,16828,195,43500,38.69
"Great American Ball Park",2024,22488,160,43500,51.7
"Great American Ball Park",2023,28504,158,43500,65.53
"Great American Ball Park",2021,27804,161,43500,63.92
"Great American Ball Park",2023,39284,170,43500,90.31
"Great American Ball Park",2023,9969,154,43500,22.92
"Great American Ball Park",2023,10205,145,43500,23.46
"Great American Ball Park",2024,20733,159,43500,47.66
"Great American Ball Park",2021,12264,211,43500,28.19
"Great American Ball Park",2023,23467,150,43500,53.95
"Great American Ball Park",2024,42427,155,43500,97.53
"Great American Ball Park",2021,18396,217,43500,42.29
"Great American Ball Park",2022,25547,201,43500,58.73
"Great American Ball Park",2024,31514,157,43500,72.45
"Guaranteed Rate Field",2023,37079,162,40615,91.29
"Guaranteed Rate Field",2022,28142,170,40615,69.29
"Guaranteed Rate Field",2022,31072,166,40615,76.5
"Guaranteed Rate Field",2021,9285,212,40615,22.86
"Guaranteed Rate Field",2024,19334,205,40615,47.6
"Guaranteed Rate Field",2022,38080,234,40615,93.76
"Guaranteed Rate Field",2022,23242,237,40615,57.23
"Guaranteed Rate Field",2021,16903,163,40615,41.62
"Guaranteed Rate Field",2021,9471,199,40615,23.32
"Guaranteed Rate Field",2023,17641,151,40615,43.43
"Guaranteed Rate Field",2022,30221,243,40615,74.41
"Guaranteed Rate Field",2023,25793,175,40615,63.51
"Guaranteed Rate Field",2024,19684,152,40615,48.46
"Guaranteed Rate Field",2021,20068,156,40615,49.41
"Guaranteed Rate Field",2023,18963,146,40615,46.69
"Guaranteed Rate Field",2022,16654,187,40615,41
"Guaranteed Rate Field",2024,13607,143,40615,33.5
"Guaranteed Rate Field",2024,12216,168,40615,30.08
"Guaranteed Rate Field",2023,20258,153,40615,49.88
"Guaranteed Rate Field",2022,11242,200,40615,27.68
"Guaranteed Rate Field",2022,32830,207,40615,80.83
"Guaranteed Rate Field",2022,33257,184,40615,81.88
"Guaranteed Rate Field",2024,26248,171,40615,64.63
"Guaranteed Rate Field",2022,21075,178,40615,51.89
"Guaranteed Rate Field",2022,33054,160,40615,81.38
"Guaranteed Rate Field",2024,12669,126,40615,31.19
"Guaranteed Rate Field",2022,23709,199,40615,58.37
"Guaranteed Rate Field",2024,15678,150,40615,38.6
"Guaranteed Rate Field",2024,24422,138,40615,60.13
"Guaranteed Rate Field",2023,16681,156,40615,41.07
"Guaranteed Rate Field",2024,25070,148,40615,61.73
"Guaranteed Rate Field",2023,21048,175,40615,51.82
"Guaranteed Rate Field",2022,29781,170,40615,73.33
"Guaranteed Rate Field",2022,29215,155,40615,71.93
"Guaranteed Rate Field",2022,17798,215,40615,43.82
"Guaranteed Rate Field",2022,25482,253,40615,62.74
"Guaranteed Rate Field",2024,11285,155,40615,27.79
"Guaranteed Rate Field",2024,21490,156,40615,52.91
"Guaranteed Rate Field",2021,17703,214,40615,43.59
"Guaranteed Rate Field",2021,36123,222,40615,88.94
"Guaranteed Rate Field",2021,14629,194,40615,36.02
"Guaranteed Rate Field",2021,37696,228,40615,92.81
"Guaranteed Rate Field",2022,30831,151,40615,75.91
"Guaranteed Rate Field",2023,15275,165,40615,37.61
"Guaranteed Rate Field",2022,31096,257,40615,76.56
"Guaranteed Rate Field",2021,38477,260,40615,94.74
"Guaranteed Rate Field",2024,38341,176,40615,94.4
"Guaranteed Rate Field",2021,32189,211,40615,79.25
"Guaranteed Rate Field",2023,29851,153,40615,73.5
"Guaranteed Rate Field",2022,17168,163,40615,42.27
"Guaranteed Rate Field",2023,20893,169,40615,51.44
"Guaranteed Rate Field",2023,17049,204,40615,41.98
"Guaranteed Rate Field",2023,11060,164,40615,27.23
"Guaranteed Rate Field",2023,19554,167,40615,48.14
"Guaranteed Rate Field",2021,8969,224,40615,22.08
"Guaranteed Rate Field",2023,26299,146,40615,64.75
"Guaranteed Rate Field",2023,18459,144,40615,45.45
"Guaranteed Rate Field",2021,8556,178,40615,21.07
"Guaranteed Rate Field",2022,15257,202,40615,37.56
"Guaranteed Rate Field",2023,23556,146,40615,58
"Guaranteed Rate Field",2022,36948,202,40615,90.97
"Guaranteed Rate Field",2022,23606,160,40615,58.12
"Guaranteed Rate Field",2021,9886,201,40615,24.34
"Guaranteed Rate Field",2021,7695,234,40615,18.95
"Guaranteed Rate Field",2023,14824,193,40615,36.5
"Guaranteed Rate Field",2022,29191,155,40615,71.87
"Guaranteed Rate Field",2023,24964,162,40615,61.46
"Guaranteed Rate Field",2024,11852,168,40615,29.18
"Guaranteed Rate Field",2022,12291,174,40615,30.26
"Guaranteed Rate Field",2023,26446,167,40615,65.11
"Guaranteed Rate Field",2023,24495,161,40615,60.31
"Guaranteed Rate Field",2021,24944,229,40615,61.42
"Guaranteed Rate Field",2023,21033,147,40615,51.79
"Guaranteed Rate Field",2022,24896,242,40615,61.3
"Guaranteed Rate Field",2022,31655,141,40615,77.94
"Guaranteed Rate Field",2021,9451,182,40615,23.27
"Guaranteed Rate Field",2021,38668,165,40615,95.21
"Guaranteed Rate Field",2023,22135,163,40615,54.5
"Guaranteed Rate Field",2022,22891,152,40615,56.36
"Guaranteed Rate Field",2024,10323,161,40615,25.42
"Guaranteed Rate Field",2024,10402,153,40615,25.61
"Guaranteed Rate Field",2022,24361,172,40615,59.98
"Guaranteed Rate Field",2022,24671,186,40615,60.74
"Guaranteed Rate Field",2022,32154,177,40615,79.17
"Guaranteed Rate Field",2021,34148,148,40615,84.08
"Guaranteed Rate Field",2022,12031,200,40615,29.62
"Guaranteed Rate Field",2022,28877,201,40615,71.1
"Guaranteed Rate Field",2021,7148,160,40615,17.6
"Guaranteed Rate Field",2024,10569,137,40615,26.02
"Guaranteed Rate Field",2022,21835,221,40615,53.76
"Guaranteed Rate Field",2024,17589,177,40615,43.31
"Guaranteed Rate Field",2024,11609,184,40615,28.58
"Guaranteed Rate Field",2024,22815,180,40615,56.17
"Guaranteed Rate Field",2022,17168,253,40615,42.27
"Guaranteed Rate Field",2022,25078,156,40615,61.75
"Guaranteed Rate Field",2024,21037,178,40615,51.8
"Guaranteed Rate Field",2024,18423,173,40615,45.36
"Guaranteed Rate Field",2022,37820,183,40615,93.12
"Guaranteed Rate Field",2021,9671,198,40615,23.81
"Guaranteed Rate Field",2022,23476,190,40615,57.8
"Guaranteed Rate Field",2023,18673,159,40615,45.98
"Guaranteed Rate Field",2023,10149,143,40615,24.99
"Guaranteed Rate Field",2021,22793,194,40615,56.12
"Guaranteed Rate Field",2021,34304,171,40615,84.46
"Guaranteed Rate Field",2024,17478,161,40615,43.03
"Guaranteed Rate Field",2022,12363,162,40615,30.44
"Guaranteed Rate Field",2024,28009,179,40615,68.96
"Guaranteed Rate Field",2023,30059,203,40615,74.01
"Guaranteed Rate Field",2024,17100,152,40615,42.1
"Guaranteed Rate Field",2021,9405,175,40615,23.16
"Guaranteed Rate Field",2023,32091,201,40615,79.01
"Guaranteed Rate Field",2022,27113,170,40615,66.76
"Guaranteed Rate Field",2022,18393,227,40615,45.29
"Guaranteed Rate Field",2021,21637,207,40615,53.27
"Guaranteed Rate Field",2021,7962,203,40615,19.6
"Guaranteed Rate Field",2023,11468,162,40615,28.24
"Guaranteed Rate Field",2024,16928,177,40615,41.68
"Guaranteed Rate Field",2022,21876,180,40615,53.86
"Guaranteed Rate Field",2023,28462,173,40615,70.08
"Guaranteed Rate Field",2024,10975,160,40615,27.02
"Guaranteed Rate Field",2021,18272,114,40615,44.99
"Guaranteed Rate Field",2021,8207,168,40615,20.21
"Guaranteed Rate Field",2021,21719,185,40615,53.48
"Guaranteed Rate Field",2023,12542,129,40615,30.88
"Guaranteed Rate Field",2024,11429,170,40615,28.14
"Guaranteed Rate Field",2021,34344,165,40615,84.56
"Guaranteed Rate Field",2024,18017,133,40615,44.36
"Guaranteed Rate Field",2021,38565,180,40615,94.95
"Guaranteed Rate Field",2024,16887,138,40615,41.58
"Guaranteed Rate Field",2023,13794,166,40615,33.96
"Guaranteed Rate Field",2024,10495,142,40615,25.84
"Guaranteed Rate Field",2024,17319,135,40615,42.64
"Guaranteed Rate Field",2024,38127,171,40615,93.87
"Guaranteed Rate Field",2022,26329,186,40615,64.83
"Guaranteed Rate Field",2022,19753,155,40615,48.63
"Guaranteed Rate Field",2023,27574,160,40615,67.89
"Guaranteed Rate Field",2023,29769,163,40615,73.3
"Guaranteed Rate Field",2023,33054,166,40615,81.38
"Guaranteed Rate Field",2024,23662,169,40615,58.26
"Guaranteed Rate Field",2021,9928,201,40615,24.44
"Guaranteed Rate Field",2023,27015,147,40615,66.51
"Guaranteed Rate Field",2021,19410,196,40615,47.79
"Guaranteed Rate Field",2024,15529,132,40615,38.23
"Guaranteed Rate Field",2021,34365,228,40615,84.61
"Guaranteed Rate Field",2023,26077,156,40615,64.21
"Guaranteed Rate Field",2023,16070,186,40615,39.57
"Guaranteed Rate Field",2021,34516,187,40615,84.98
"Guaranteed Rate Field",2022,27664,195,40615,68.11
"Guaranteed Rate Field",2024,17606,126,40615,43.35
"Guaranteed Rate Field",2024,21199,160,40615,52.2
"Guaranteed Rate Field",2022,19009,171,40615,46.8
"Guaranteed Rate Field",2024,36225,122,40615,89.19
"Guaranteed Rate Field",2023,15593,159,40615,38.39
"Guaranteed Rate Field",2021,21025,166,40615,51.77
"Guaranteed Rate Field",2021,8393,225,40615,20.66
"Guaranteed Rate Field",2021,21067,161,40615,51.87
"Guaranteed Rate Field",2022,24818,197,40615,61.11
"Guaranteed Rate Field",2021,30722,196,40615,75.64
"Guaranteed Rate Field",2023,15759,194,40615,38.8
"Guaranteed Rate Field",2022,17500,175,40615,43.09
"Guaranteed Rate Field",2024,10772,154,40615,26.52
"Guaranteed Rate Field",2022,25625,169,40615,63.09
"Guaranteed Rate Field",2024,18831,177,40615,46.36
"Guaranteed Rate Field",2024,14112,141,40615,34.75
"Guaranteed Rate Field",2022,24270,179,40615,59.76
"Guaranteed Rate Field",2021,37892,249,40615,93.3
"Guaranteed Rate Field",2024,10412,136,40615,25.64
"Guaranteed Rate Field",2022,18205,153,40615,44.82
"Guaranteed Rate Field",2024,11008,136,40615,27.1
"Guaranteed Rate Field",2021,23589,178,40615,58.08
"Guaranteed Rate Field",2022,27943,175,40615,68.8
"Guaranteed Rate Field",2023,24674,162,40615,60.75
"Guaranteed Rate Field",2023,14790,148,40615,36.42
"Guaranteed Rate Field",2021,7628,162,40615,18.78
"Guaranteed Rate Field",2022,33762,175,40615,83.13
"Guaranteed Rate Field",2022,23395,153,40615,57.6
"Guaranteed Rate Field",2022,17130,201,40615,42.18
"Guaranteed Rate Field",2022,28503,174,40615,70.18
"Guaranteed Rate Field",2021,9823,150,40615,24.19
"Guaranteed Rate Field",2022,18918,166,40615,46.58
"Guaranteed Rate Field",2022,33015,173,40615,81.29
"Guaranteed Rate Field",2024,23570,167,40615,58.03
"Guaranteed Rate Field",2023,23599,169,40615,58.1
"Guaranteed Rate Field",2022,18518,178,40615,45.59
"Guaranteed Rate Field",2023,18001,176,40615,44.32
"Guaranteed Rate Field",2022,29458,166,40615,72.53
"Guaranteed Rate Field",2021,12845,149,40615,31.63
"Guaranteed Rate Field",2022,18566,179,40615,45.71
"Guaranteed Rate Field",2023,13233,153,40615,32.58
"Guaranteed Rate Field",2023,20236,156,40615,49.82
"Guaranteed Rate Field",2024,20437,159,40615,50.32
"Guaranteed Rate Field",2021,35866,217,40615,88.31
"Guaranteed Rate Field",2023,23984,141,40615,59.05
"Guaranteed Rate Field",2023,23372,149,40615,57.55
"Guaranteed Rate Field",2021,37854,252,40615,93.2
"Guaranteed Rate Field",2021,23018,161,40615,56.67
"Guaranteed Rate Field",2024,10881,198,40615,26.79
"Guaranteed Rate Field",2024,14435,170,40615,35.54
"Guaranteed Rate Field",2022,13112,159,40615,32.28
"Guaranteed Rate Field",2022,36177,181,40615,89.07
"Guaranteed Rate Field",2024,14124,140,40615,34.78
"Guaranteed Rate Field",2021,16380,203,40615,40.33
"Guaranteed Rate Field",2022,32483,193,40615,79.98
"Guaranteed Rate Field",2021,22780,200,40615,56.09
"Guaranteed Rate Field",2024,22283,171,40615,54.86
"Guaranteed Rate Field",2021,17382,200,40615,42.8
"Guaranteed Rate Field",2021,36178,177,40615,89.08
"Guaranteed Rate Field",2022,22482,175,40615,55.35
"Guaranteed Rate Field",2021,30017,173,40615,73.91
"Guaranteed Rate Field",2024,13781,149,40615,33.93
"Guaranteed Rate Field",2021,20029,132,40615,49.31
"Guaranteed Rate Field",2024,16501,167,40615,40.63
"Guaranteed Rate Field",2023,17015,167,40615,41.89
"Guaranteed Rate Field",2022,29215,176,40615,71.93
"Guaranteed Rate Field",2024,16763,122,40615,41.27
"Guaranteed Rate Field",2023,26560,148,40615,65.39
"Guaranteed Rate Field",2023,26654,149,40615,65.63
"Guaranteed Rate Field",2021,36320,185,40615,89.43
"Guaranteed Rate Field",2022,29500,152,40615,72.63
"Guaranteed Rate Field",2021,30729,205,40615,75.66
"Guaranteed Rate Field",2023,37214,198,40615,91.63
"Guaranteed Rate Field",2024,14992,151,40615,36.91
"Guaranteed Rate Field",2022,19406,187,40615,47.78
"Guaranteed Rate Field",2024,19548,131,40615,48.13
"Guaranteed Rate Field",2024,21055,202,40615,51.84
"Guaranteed Rate Field",2023,18261,170,40615,44.96
"Guaranteed Rate Field",2023,20229,152,40615,49.81
"Guaranteed Rate Field",2021,25600,195,40615,63.03
"Guaranteed Rate Field",2022,20050,236,40615,49.37
"Guaranteed Rate Field",2023,20588,187,40615,50.69
"Guaranteed Rate Field",2023,18347,153,40615,45.17
"Guaranteed Rate Field",2021,14438,206,40615,35.55
"Guaranteed Rate Field",2024,15288,156,40615,37.64
"Guaranteed Rate Field",2024,11138,135,40615,27.42
"Guaranteed Rate Field",2023,13094,164,40615,32.24
"Guaranteed Rate Field",2023,20329,126,40615,50.05
"Guaranteed Rate Field",2024,18627,169,40615,45.86
"Guaranteed Rate Field",2022,13391,181,40615,32.97
"Guaranteed Rate Field",2023,34784,156,40615,85.64
"Guaranteed Rate Field",2023,14650,217,40615,36.07
"Guaranteed Rate Field",2023,11900,137,40615,29.3
"Guaranteed Rate Field",2023,21186,142,40615,52.16
"Guaranteed Rate Field",2024,21478,182,40615,52.88
"Guaranteed Rate Field",2022,20529,263,40615,50.55
"Guaranteed Rate Field",2023,15105,163,40615,37.19
"Guaranteed Rate Field",2022,33549,184,40615,82.6
"Guaranteed Rate Field",2021,16803,184,40615,41.37
"Guaranteed Rate Field",2024,15568,159,40615,38.33
"Guaranteed Rate Field",2021,18024,166,40615,44.38
"Guaranteed Rate Field",2022,30028,162,40615,73.93
"Guaranteed Rate Field",2024,14993,160,40615,36.91
"Guaranteed Rate Field",2023,12241,153,40615,30.14
"Guaranteed Rate Field",2023,23242,157,40615,57.23
"Guaranteed Rate Field",2024,26152,136,40615,64.39
"Guaranteed Rate Field",2023,21906,168,40615,53.94
"Guaranteed Rate Field",2021,19231,179,40615,47.35
"Guaranteed Rate Field",2021,7049,197,40615,17.36
"Guaranteed Rate Field",2021,8188,211,40615,20.16
"Guaranteed Rate Field",2023,23522,136,40615,57.91
"Guaranteed Rate Field",2021,19259,162,40615,47.42
"Guaranteed Rate Field",2024,33420,123,40615,82.28
"Guaranteed Rate Field",2024,24012,173,40615,59.12
"Guaranteed Rate Field",2021,12761,214,40615,31.42
"Guaranteed Rate Field",2023,14339,175,40615,35.3
"Guaranteed Rate Field",2021,19369,164,40615,47.69
"Guaranteed Rate Field",2021,23853,177,40615,58.73
"Guaranteed Rate Field",2021,14791,199,40615,36.42
"Guaranteed Rate Field",2021,20098,204,40615,49.48
"Guaranteed Rate Field",2021,26505,192,40615,65.26
"Guaranteed Rate Field",2023,32607,163,40615,80.28
"Guaranteed Rate Field",2023,21508,165,40615,52.96
"Guaranteed Rate Field",2024,11599,151,40615,28.56
"Guaranteed Rate Field",2021,7393,185,40615,18.2
"Guaranteed Rate Field",2024,26513,140,40615,65.28
"Guaranteed Rate Field",2021,7102,182,40615,17.49
"Guaranteed Rate Field",2023,28096,141,40615,69.18
"Guaranteed Rate Field",2023,20491,184,40615,50.45
"Guaranteed Rate Field",2024,12300,141,40615,30.28
"Guaranteed Rate Field",2023,13247,161,40615,32.62
"Guaranteed Rate Field",2024,12179,169,40615,29.99
"Guaranteed Rate Field",2021,8574,148,40615,21.11
"Guaranteed Rate Field",2024,15843,189,40615,39.01
"Guaranteed Rate Field",2024,22675,179,40615,55.83
"Guaranteed Rate Field",2021,30017,197,40615,73.91
"Guaranteed Rate Field",2023,23377,165,40615,57.56
"Guaranteed Rate Field",2022,16025,163,40615,39.46
"Guaranteed Rate Field",2024,28176,185,40615,69.37
"Guaranteed Rate Field",2023,22246,171,40615,54.77
"Guaranteed Rate Field",2024,15360,138,40615,37.82
"Guaranteed Rate Field",2024,12246,157,40615,30.15
"Guaranteed Rate Field",2022,24884,172,40615,61.27
"Guaranteed Rate Field",2022,32305,201,40615,79.54
"Guaranteed Rate Field",2021,9445,190,40615,23.25
"Guaranteed Rate Field",2022,29282,168,40615,72.1
"Guaranteed Rate Field",2024,12656,134,40615,31.16
"Guaranteed Rate Field",2023,15980,169,40615,39.35
"Guaranteed Rate Field",2024,11252,180,40615,27.7
"Guaranteed Rate Field",2022,24407,233,40615,60.09
"Guaranteed Rate Field",2021,19221,177,40615,47.32
"Guaranteed Rate Field",2022,22431,191,40615,55.23
"Guaranteed Rate Field",2024,20170,147,40615,49.66
"Guaranteed Rate Field",2022,31379,200,40615,77.26
"Guaranteed Rate Field",2023,20888,157,40615,51.43
"Guaranteed Rate Field",2021,21848,201,40615,53.79
"Guaranteed Rate Field",2024,22598,149,40615,55.64
"Guaranteed Rate Field",2024,11337,163,40615,27.91
"Guaranteed Rate Field",2021,27098,196,40615,66.72
"Guaranteed Rate Field",2021,25242,169,40615,62.15
"Guaranteed Rate Field",2023,27569,177,40615,67.88
"Guaranteed Rate Field",2023,30118,146,40615,74.15
"Guaranteed Rate Field",2022,22606,151,40615,55.66
"Guaranteed Rate Field",2023,18941,178,40615,46.64
"Guaranteed Rate Field",2022,25837,212,40615,63.61
"Kauffman Stadium",2022,14508,178,37903,38.28
"Kauffman Stadium",2024,10536,157,37903,27.8
"Kauffman Stadium",2022,17650,175,37903,46.57
"Kauffman Stadium",2022,12441,185,37903,32.82
"Kauffman Stadium",2023,29549,196,37903,77.96
"Kauffman Stadium",2024,18351,142,37903,48.42
"Kauffman Stadium",2022,8971,217,37903,23.67
"Kauffman Stadium",2023,20500,207,37903,54.09
"Kauffman Stadium",2022,12951,154,37903,34.17
"Kauffman Stadium",2024,24189,128,37903,63.82
"Kauffman Stadium",2022,19022,182,37903,50.19
"Kauffman Stadium",2022,16720,138,37903,44.11
"Kauffman Stadium",2024,21993,158,37903,58.02
"Kauffman Stadium",2024,14094,143,37903,37.18
"Kauffman Stadium",2021,24616,203,37903,64.94
"Kauffman Stadium",2021,6919,220,37903,18.25
"Kauffman Stadium",2024,29160,134,37903,76.93
"Kauffman Stadium",2021,14046,179,37903,37.06
"Kauffman Stadium",2021,13706,186,37903,36.16
"Kauffman Stadium",2021,9155,266,37903,24.15
"Kauffman Stadium",2022,17024,190,37903,44.91
"Kauffman Stadium",2022,24820,163,37903,65.48
"Kauffman Stadium",2024,24839,161,37903,65.53
"Kauffman Stadium",2021,18218,183,37903,48.06
"Kauffman Stadium",2022,15594,197,37903,41.14
"Kauffman Stadium",2024,16550,154,37903,43.66
"Kauffman Stadium",2022,13150,131,37903,34.69
"Kauffman Stadium",2024,20087,166,37903,53
"Kauffman Stadium",2023,10388,160,37903,27.41
"Kauffman Stadium",2022,16479,217,37903,43.48
"Kauffman Stadium",2021,14210,197,37903,37.49
"Kauffman Stadium",2024,14813,168,37903,39.08
"Kauffman Stadium",2023,16931,150,37903,44.67
"Kauffman Stadium",2024,24038,142,37903,63.42
"Kauffman Stadium",2022,16460,178,37903,43.43
"Kauffman Stadium",2024,14657,152,37903,38.67
"Kauffman Stadium",2024,20691,162,37903,54.59
"Kauffman Stadium",2022,19611,164,37903,51.74
"Kauffman Stadium",2022,17103,169,37903,45.12
"Kauffman Stadium",2024,16275,160,37903,42.94
"Kauffman Stadium",2021,24912,170,37903,65.73
"Kauffman Stadium",2024,36799,165,37903,97.09
"Kauffman Stadium",2024,24153,157,37903,63.72
"Kauffman Stadium",2024,25178,173,37903,66.43
"Kauffman Stadium",2022,18481,169,37903,48.76
"Kauffman Stadium",2022,21246,224,37903,56.05
"Kauffman Stadium",2023,11926,134,37903,31.46
"Kauffman Stadium",2024,15004,156,37903,39.59
"Kauffman Stadium",2024,23340,131,37903,61.58
"Kauffman Stadium",2022,10003,186,37903,26.39
"Kauffman Stadium",2024,19484,136,37903,51.4
"Kauffman Stadium",2022,20668,178,37903,54.53
"Kauffman Stadium",2021,17080,199,37903,45.06
"Kauffman Stadium",2024,21875,153,37903,57.71
"Kauffman Stadium",2024,22437,158,37903,59.2
"Kauffman Stadium",2022,15929,158,37903,42.03
"Kauffman Stadium",2022,13504,191,37903,35.63
"Kauffman Stadium",2021,15350,191,37903,40.5
"Kauffman Stadium",2021,35784,205,37903,94.41
"Kauffman Stadium",2021,13748,202,37903,36.27
"Kauffman Stadium",2024,16865,147,37903,44.5
"Kauffman Stadium",2023,15311,145,37903,40.4
"Kauffman Stadium",2022,15037,222,37903,39.67
"Kauffman Stadium",2021,22612,196,37903,59.66
"Kauffman Stadium",2021,9748,165,37903,25.72
"Kauffman Stadium",2023,11478,127,37903,30.28
"Kauffman Stadium",2023,15785,187,37903,41.65
"Kauffman Stadium",2023,19557,183,37903,51.6
"Kauffman Stadium",2023,22040,141,37903,58.15
"Kauffman Stadium",2022,29689,185,37903,78.33
"Kauffman Stadium",2022,13615,149,37903,35.92
"Kauffman Stadium",2023,10592,145,37903,27.95
"Kauffman Stadium",2024,27545,130,37903,72.67
"Kauffman Stadium",2023,38351,152,37903,101.18
"Kauffman Stadium",2024,15463,131,37903,40.8
"Kauffman Stadium",2023,12162,160,37903,32.09
"Kauffman Stadium",2021,18800,216,37903,49.6
"Kauffman Stadium",2024,25132,166,37903,66.31
"Kauffman Stadium",2024,10005,147,37903,26.4
"Kauffman Stadium",2023,19058,160,37903,50.28
"Kauffman Stadium",2024,26002,170,37903,68.6
"Kauffman Stadium",2023,10401,150,37903,27.44
"Kauffman Stadium",2023,11258,122,37903,29.7
"Kauffman Stadium",2024,36351,135,37903,95.91
"Kauffman Stadium",2024,15931,167,37903,42.03
"Kauffman Stadium",2022,9168,190,37903,24.19
"Kauffman Stadium",2023,11898,176,37903,31.39
"Kauffman Stadium",2021,11910,212,37903,31.42
"Kauffman Stadium",2022,20834,204,37903,54.97
"Kauffman Stadium",2024,26693,145,37903,70.42
"Kauffman Stadium",2024,30006,181,37903,79.17
"Kauffman Stadium",2022,28459,169,37903,75.08
"Kauffman Stadium",2021,31824,198,37903,83.96
"Kauffman Stadium",2023,11610,136,37903,30.63
"Kauffman Stadium",2021,14226,208,37903,37.53
"Kauffman Stadium",2022,23965,188,37903,63.23
"Kauffman Stadium",2022,16616,183,37903,43.84
"Kauffman Stadium",2022,8969,149,37903,23.66
"Kauffman Stadium",2023,37016,161,37903,97.66
"Kauffman Stadium",2021,21574,157,37903,56.92
"Kauffman Stadium",2022,19136,164,37903,50.49
"Kauffman Stadium",2024,18193,161,37903,48
"Kauffman Stadium",2023,10395,150,37903,27.43
"Kauffman Stadium",2024,10282,158,37903,27.13
"Kauffman Stadium",2023,12740,141,37903,33.61
"Kauffman Stadium",2021,8889,173,37903,23.45
"Kauffman Stadium",2023,15878,192,37903,41.89
"Kauffman Stadium",2021,27292,183,37903,72
"Kauffman Stadium",2022,8471,216,37903,22.35
"Kauffman Stadium",2023,9814,175,37903,25.89
"Kauffman Stadium",2024,23268,163,37903,61.39
"Kauffman Stadium",2024,19461,161,37903,51.34
"Kauffman Stadium",2022,15134,183,37903,39.93
"Kauffman Stadium",2024,24189,134,37903,63.82
"Kauffman Stadium",2023,11068,122,37903,29.2
"Kauffman Stadium",2023,12414,167,37903,32.75
"Kauffman Stadium",2024,15091,133,37903,39.81
"Kauffman Stadium",2024,16817,132,37903,44.37
"Kauffman Stadium",2023,20186,142,37903,53.26
"Kauffman Stadium",2021,16872,184,37903,44.51
"Kauffman Stadium",2024,17073,162,37903,45.04
"Kauffman Stadium",2022,24333,192,37903,64.2
"Kauffman Stadium",2024,10004,143,37903,26.39
"Kauffman Stadium",2024,16279,156,37903,42.95
"Kauffman Stadium",2022,19593,171,37903,51.69
"Kauffman Stadium",2021,4481,215,37903,11.82
"Kauffman Stadium",2024,25491,164,37903,67.25
"Kauffman Stadium",2021,9298,168,37903,24.53
"Kauffman Stadium",2024,9740,93,37903,25.7
"Kauffman Stadium",2021,10254,239,37903,27.05
"Kauffman Stadium",2021,10516,216,37903,27.74
"Kauffman Stadium",2022,14949,180,37903,39.44
"Kauffman Stadium",2023,16633,138,37903,43.88
"Kauffman Stadium",2022,13282,168,37903,35.04
"Kauffman Stadium",2024,34066,176,37903,89.88
"Kauffman Stadium",2024,22226,128,37903,58.64
"Kauffman Stadium",2023,11046,157,37903,29.14
"Kauffman Stadium",2022,18788,167,37903,49.57
"Kauffman Stadium",2023,12123,152,37903,31.98
"Kauffman Stadium",2021,20085,207,37903,52.99
"Kauffman Stadium",2021,12278,169,37903,32.39
"Kauffman Stadium",2021,22321,172,37903,58.89
"Kauffman Stadium",2021,6404,177,37903,16.9
"Kauffman Stadium",2021,9884,228,37903,26.08
"Kauffman Stadium",2021,12703,142,37903,33.51
"Kauffman Stadium",2024,21386,171,37903,56.42
"Kauffman Stadium",2023,10487,184,37903,27.67
"Kauffman Stadium",2021,20726,215,37903,54.68
"Kauffman Stadium",2023,11233,160,37903,29.64
"Kauffman Stadium",2022,16202,180,37903,42.75
"Kauffman Stadium",2022,10889,170,37903,28.73
"Kauffman Stadium",2023,18448,148,37903,48.67
"Kauffman Stadium",2024,20926,185,37903,55.21
"Kauffman Stadium",2023,22006,177,37903,58.06
"Kauffman Stadium",2023,20662,144,37903,54.51
"Kauffman Stadium",2024,38775,149,37903,102.3
"Kauffman Stadium",2024,20035,143,37903,52.86
"Kauffman Stadium",2024,22117,162,37903,58.35
"Kauffman Stadium",2022,25077,142,37903,66.16
"Kauffman Stadium",2023,10362,119,37903,27.34
"Kauffman Stadium",2024,11373,153,37903,30.01
"Kauffman Stadium",2021,23763,181,37903,62.69
"Kauffman Stadium",2022,11511,197,37903,30.37
"Kauffman Stadium",2021,18477,292,37903,48.75
"Kauffman Stadium",2024,16119,143,37903,42.53
"Kauffman Stadium",2021,12102,209,37903,31.93
"Kauffman Stadium",2022,12427,209,37903,32.79
"Kauffman Stadium",2023,15428,144,37903,40.7
"Kauffman Stadium",2024,12986,160,37903,34.26
"Kauffman Stadium",2023,14229,202,37903,37.54
"Kauffman Stadium",2021,9048,130,37903,23.87
"Kauffman Stadium",2022,17893,174,37903,47.21
"Kauffman Stadium",2021,11072,182,37903,29.21
"Kauffman Stadium",2024,14031,139,37903,37.02
"Kauffman Stadium",2021,11288,184,37903,29.78
"Kauffman Stadium",2021,18317,184,37903,48.33
"Kauffman Stadium",2021,12384,156,37903,32.67
"Kauffman Stadium",2023,19440,156,37903,51.29
"Kauffman Stadium",2023,11091,169,37903,29.26
"Kauffman Stadium",2022,12700,174,37903,33.51
"Kauffman Stadium",2022,10531,179,37903,27.78
"Kauffman Stadium",2023,20643,193,37903,54.46
"Kauffman Stadium",2024,31784,159,37903,83.86
"Kauffman Stadium",2023,10875,159,37903,28.69
"Kauffman Stadium",2021,11327,197,37903,29.88
"Kauffman Stadium",2021,11542,174,37903,30.45
"Kauffman Stadium",2021,14709,180,37903,38.81
"Kauffman Stadium",2021,14293,210,37903,37.71
"Kauffman Stadium",2021,17158,190,37903,45.27
"Kauffman Stadium",2024,20613,152,37903,54.38
"Kauffman Stadium",2024,30612,135,37903,80.76
"Kauffman Stadium",2022,12876,190,37903,33.97
"Kauffman Stadium",2022,12584,240,37903,33.2
"Kauffman Stadium",2021,11729,208,37903,30.94
"Kauffman Stadium",2022,18970,184,37903,50.05
"Kauffman Stadium",2023,13731,160,37903,36.23
"Kauffman Stadium",2023,23482,161,37903,61.95
"Kauffman Stadium",2021,6814,190,37903,17.98
"Kauffman Stadium",2021,14298,155,37903,37.72
"Kauffman Stadium",2022,15103,189,37903,39.85
"Kauffman Stadium",2023,16140,196,37903,42.58
"Kauffman Stadium",2024,13005,145,37903,34.31
"Kauffman Stadium",2022,13543,226,37903,35.73
"Kauffman Stadium",2024,23118,184,37903,60.99
"Kauffman Stadium",2022,14451,188,37903,38.13
"Kauffman Stadium",2022,9595,190,37903,25.31
"Kauffman Stadium",2023,15632,114,37903,41.24
"Kauffman Stadium",2021,9042,174,37903,23.86
"Kauffman Stadium",2023,11514,204,37903,30.38
"Kauffman Stadium",2023,11978,167,37903,31.6
"Kauffman Stadium",2022,18350,223,37903,48.41
"Kauffman Stadium",2021,19696,174,37903,51.96
"Kauffman Stadium",2021,24568,179,37903,64.82
"Kauffman Stadium",2023,13128,151,37903,34.64
"Kauffman Stadium",2021,13626,186,37903,35.95
"Kauffman Stadium",2022,11391,138,37903,30.05
"Kauffman Stadium",2021,10333,208,37903,27.26
"Kauffman Stadium",2024,22430,158,37903,59.18
"Kauffman Stadium",2021,5997,219,37903,15.82
"Kauffman Stadium",2022,22232,179,37903,58.65
"Kauffman Stadium",2021,12604,189,37903,33.25
"Kauffman Stadium",2023,12187,141,37903,32.15
"Kauffman Stadium",2024,21825,159,37903,57.58
"Kauffman Stadium",2021,11056,242,37903,29.17
"Kauffman Stadium",2023,18374,166,37903,48.48
"Kauffman Stadium",2022,15463,199,37903,40.8
"Kauffman Stadium",2023,15470,160,37903,40.81
"Kauffman Stadium",2023,15465,177,37903,40.8
"Kauffman Stadium",2023,21004,164,37903,55.42
"Kauffman Stadium",2024,27691,154,37903,73.06
"Kauffman Stadium",2021,8869,173,37903,23.4
"Kauffman Stadium",2021,15895,184,37903,41.94
"Kauffman Stadium",2022,12774,182,37903,33.7
"Kauffman Stadium",2021,11670,204,37903,30.79
"Kauffman Stadium",2024,28358,205,37903,74.82
"Kauffman Stadium",2022,25237,205,37903,66.58
"Kauffman Stadium",2023,15718,146,37903,41.47
"Kauffman Stadium",2023,17903,132,37903,47.23
"Kauffman Stadium",2021,14491,212,37903,38.23
"Kauffman Stadium",2021,8950,141,37903,23.61
"Kauffman Stadium",2024,21086,173,37903,55.63
"Kauffman Stadium",2021,8950,190,37903,23.61
"Kauffman Stadium",2022,15540,163,37903,41
"Kauffman Stadium",2024,24585,147,37903,64.86
"Kauffman Stadium",2023,18319,155,37903,48.33
"Kauffman Stadium",2021,16133,177,37903,42.56
"Kauffman Stadium",2022,13394,192,37903,35.34
"Kauffman Stadium",2024,25266,156,37903,66.66
"Kauffman Stadium",2021,14904,215,37903,39.32
"Kauffman Stadium",2023,24385,151,37903,64.34
"Kauffman Stadium",2023,10646,159,37903,28.09
"Kauffman Stadium",2024,27002,164,37903,71.24
"Kauffman Stadium",2021,5053,193,37903,13.33
"Kauffman Stadium",2024,16310,178,37903,43.03
"Kauffman Stadium",2022,12776,210,37903,33.71
"Kauffman Stadium",2021,11210,166,37903,29.58
"Kauffman Stadium",2024,13009,124,37903,34.32
"Kauffman Stadium",2023,11878,184,37903,31.34
"Kauffman Stadium",2023,9736,150,37903,25.69
"Kauffman Stadium",2024,14132,140,37903,37.28
"Kauffman Stadium",2023,19834,161,37903,52.33
"Kauffman Stadium",2024,10592,140,37903,27.95
"Kauffman Stadium",2023,15966,191,37903,42.12
"Kauffman Stadium",2022,22516,168,37903,59.4
"Kauffman Stadium",2023,19130,172,37903,50.47
"Kauffman Stadium",2023,15254,180,37903,40.24
"Kauffman Stadium",2024,25690,144,37903,67.78
"Kauffman Stadium",2023,10810,157,37903,28.52
"Kauffman Stadium",2024,10280,161,37903,27.12
"Kauffman Stadium",2021,15947,169,37903,42.07
"Kauffman Stadium",2021,10228,186,37903,26.98
"Kauffman Stadium",2021,15540,170,37903,41
"Kauffman Stadium",2024,26477,128,37903,69.85
"Kauffman Stadium",2022,12580,152,37903,33.19
"Kauffman Stadium",2023,13752,145,37903,36.28
"Kauffman Stadium",2022,11784,227,37903,31.09
"Kauffman Stadium",2021,6962,208,37903,18.37
"Kauffman Stadium",2021,10373,196,37903,27.37
"Kauffman Stadium",2023,20527,176,37903,54.16
"Kauffman Stadium",2022,13952,176,37903,36.81
"Kauffman Stadium",2022,12196,206,37903,32.18
"Kauffman Stadium",2021,29870,200,37903,78.81
"Kauffman Stadium",2023,16492,175,37903,43.51
"Kauffman Stadium",2022,11684,155,37903,30.83
"Kauffman Stadium",2022,14556,185,37903,38.4
"Kauffman Stadium",2023,17644,168,37903,46.55
"Kauffman Stadium",2023,12118,160,37903,31.97
"Kauffman Stadium",2024,14251,149,37903,37.6
"Kauffman Stadium",2023,22665,181,37903,59.8
"Kauffman Stadium",2021,5589,180,37903,14.75
"Kauffman Stadium",2021,11457,189,37903,30.23
"Kauffman Stadium",2022,14686,190,37903,38.75
"Kauffman Stadium",2022,12336,170,37903,32.55
"Kauffman Stadium",2024,18920,178,37903,49.92
"Kauffman Stadium",2021,6266,171,37903,16.53
"Kauffman Stadium",2022,15482,217,37903,40.85
"Kauffman Stadium",2021,16011,186,37903,42.24
"Kauffman Stadium",2023,18052,140,37903,47.63
"Kauffman Stadium",2022,22119,201,37903,58.36
"Kauffman Stadium",2022,19706,203,37903,51.99
"Kauffman Stadium",2022,11016,164,37903,29.06
"Kauffman Stadium",2023,20321,140,37903,53.61
"Kauffman Stadium",2024,11926,183,37903,31.46
"Kauffman Stadium",2023,13443,150,37903,35.47
"Kauffman Stadium",2024,22014,139,37903,58.08
"Kauffman Stadium",2023,14589,155,37903,38.49
"Kauffman Stadium",2022,12596,168,37903,33.23
"Kauffman Stadium",2021,10042,176,37903,26.49
"Kauffman Stadium",2024,10863,146,37903,28.66
"Kauffman Stadium",2021,9640,189,37903,25.43
"Kauffman Stadium",2022,25337,202,37903,66.85
"Kauffman Stadium",2023,10015,137,37903,26.42
"Kauffman Stadium",2024,18044,161,37903,47.61
"Kauffman Stadium",2023,26271,179,37903,69.31
"Kauffman Stadium",2023,13630,155,37903,35.96
"Kauffman Stadium",2023,23022,197,37903,60.74
"Kauffman Stadium",2023,21056,193,37903,55.55
"Kauffman Stadium",2023,12759,204,37903,33.66
"Kauffman Stadium",2022,10009,191,37903,26.41
"Kauffman Stadium",2022,20165,189,37903,53.2
"Kauffman Stadium",2022,11084,150,37903,29.24
"Kauffman Stadium",2021,9259,190,37903,24.43
"Kauffman Stadium",2021,30620,188,37903,80.79
"loanDepot Park",2023,16437,180,36742,44.74
"loanDepot Park",2024,14676,150,36742,39.94
"loanDepot Park",2022,7515,174,36742,20.45
"loanDepot Park",2023,8626,160,36742,23.48
"loanDepot Park",2024,8076,161,36742,21.98
"loanDepot Park",2021,7993,274,36742,21.75
"loanDepot Park",2024,13636,170,36742,37.11
"loanDepot Park",2024,7318,162,36742,19.92
"loanDepot Park",2024,13351,144,36742,36.34
"loanDepot Park",2021,5734,164,36742,15.61
"loanDepot Park",2023,8272,217,36742,22.51
"loanDepot Park",2021,6305,164,36742,17.16
"loanDepot Park",2021,4563,233,36742,12.42
"loanDepot Park",2021,7349,186,36742,20
"loanDepot Park",2022,8315,177,36742,22.63
"loanDepot Park",2024,15304,189,36742,41.65
"loanDepot Park",2021,7884,184,36742,21.46
"loanDepot Park",2024,13555,147,36742,36.89
"loanDepot Park",2024,14408,157,36742,39.21
"loanDepot Park",2024,13068,165,36742,35.57
"loanDepot Park",2022,12450,162,36742,33.88
"loanDepot Park",2024,14203,158,36742,38.66
"loanDepot Park",2023,14613,169,36742,39.77
"loanDepot Park",2024,9411,172,36742,25.61
"loanDepot Park",2022,8202,154,36742,22.32
"loanDepot Park",2022,7877,182,36742,21.44
"loanDepot Park",2024,15915,181,36742,43.32
"loanDepot Park",2022,19343,164,36742,52.65
"loanDepot Park",2021,4605,189,36742,12.53
"loanDepot Park",2021,5394,196,36742,14.68
"loanDepot Park",2022,11476,212,36742,31.23
"loanDepot Park",2021,9456,185,36742,25.74
"loanDepot Park",2023,7232,152,36742,19.68
"loanDepot Park",2023,8582,138,36742,23.36
"loanDepot Park",2021,6179,212,36742,16.82
"loanDepot Park",2024,15119,165,36742,41.15
"loanDepot Park",2021,9870,216,36742,26.86
"loanDepot Park",2022,9670,163,36742,26.32
"loanDepot Park",2022,10193,184,36742,27.74
"loanDepot Park",2024,9234,168,36742,25.13
"loanDepot Park",2021,7446,181,36742,20.27
"loanDepot Park",2021,6115,202,36742,16.64
"loanDepot Park",2023,14797,129,36742,40.27
"loanDepot Park",2023,12507,156,36742,34.04
"loanDepot Park",2021,6079,153,36742,16.55
"loanDepot Park",2022,5801,154,36742,15.79
"loanDepot Park",2022,8560,183,36742,23.3
"loanDepot Park",2023,10897,165,36742,29.66
"loanDepot Park",2024,6156,174,36742,16.75
"loanDepot Park",2023,10668,117,36742,29.03
"loanDepot Park",2024,13001,179,36742,35.38
"loanDepot Park",2021,6129,173,36742,16.68
"loanDepot Park",2021,5383,235,36742,14.65
"loanDepot Park",2024,21388,161,36742,58.21
"loanDepot Park",2022,18722,180,36742,50.96
"loanDepot Park",2023,7342,134,36742,19.98
"loanDepot Park",2024,12850,147,36742,34.97
"loanDepot Park",2023,14092,160,36742,38.35
"loanDepot Park",2021,4749,201,36742,12.93
"loanDepot Park",2023,16709,139,36742,45.48
"loanDepot Park",2023,20345,138,36742,55.37
"loanDepot Park",2021,4863,165,36742,13.24
"loanDepot Park",2023,13938,178,36742,37.93
"loanDepot Park",2022,8753,167,36742,23.82
"loanDepot Park",2024,20539,216,36742,55.9
"loanDepot Park",2023,31397,162,36742,85.45
"loanDepot Park",2023,10649,181,36742,28.98
"loanDepot Park",2023,10428,157,36742,28.38
"loanDepot Park",2023,21159,142,36742,57.59
"loanDepot Park",2022,9524,186,36742,25.92
"loanDepot Park",2024,20223,219,36742,55.04
"loanDepot Park",2023,18322,160,36742,49.87
"loanDepot Park",2023,14795,175,36742,40.27
"loanDepot Park",2021,12765,184,36742,34.74
"loanDepot Park",2022,8097,208,36742,22.04
"loanDepot Park",2024,13217,144,36742,35.97
"loanDepot Park",2022,8983,188,36742,24.45
"loanDepot Park",2023,17692,175,36742,48.15
"loanDepot Park",2021,5255,194,36742,14.3
"loanDepot Park",2023,15226,155,36742,41.44
"loanDepot Park",2023,12045,184,36742,32.78
"loanDepot Park",2021,5105,195,36742,13.89
"loanDepot Park",2024,11687,139,36742,31.81
"loanDepot Park",2022,7193,209,36742,19.58
"loanDepot Park",2024,10718,134,36742,29.17
"loanDepot Park",2024,17989,175,36742,48.96
"loanDepot Park",2024,7948,158,36742,21.63
"loanDepot Park",2023,21552,127,36742,58.66
"loanDepot Park",2021,7513,182,36742,20.45
"loanDepot Park",2021,6378,186,36742,17.36
"loanDepot Park",2023,7673,123,36742,20.88
"loanDepot Park",2021,4965,183,36742,13.51
"loanDepot Park",2023,8811,155,36742,23.98
"loanDepot Park",2023,12409,170,36742,33.77
"loanDepot Park",2023,9808,170,36742,26.69
"loanDepot Park",2022,14138,189,36742,38.48
"loanDepot Park",2022,10767,149,36742,29.3
"loanDepot Park",2022,7972,168,36742,21.7
"loanDepot Park",2022,7273,224,36742,19.79
"loanDepot Park",2023,15918,159,36742,43.32
"loanDepot Park",2022,9065,213,36742,24.67
"loanDepot Park",2024,15202,139,36742,41.37
"loanDepot Park",2022,5242,189,36742,14.27
"loanDepot Park",2021,12031,185,36742,32.74
"loanDepot Park",2022,16099,138,36742,43.82
"loanDepot Park",2021,5447,205,36742,14.82
"loanDepot Park",2022,10902,188,36742,29.67
"loanDepot Park",2021,4028,162,36742,10.96
"loanDepot Park",2022,31184,203,36742,84.87
"loanDepot Park",2023,12981,167,36742,35.33
"loanDepot Park",2021,20758,184,36742,56.5
"loanDepot Park",2024,12127,157,36742,33.01
"loanDepot Park",2022,13497,172,36742,36.73
"loanDepot Park",2022,8655,183,36742,23.56
"loanDepot Park",2024,19946,179,36742,54.29
"loanDepot Park",2021,11225,183,36742,30.55
"loanDepot Park",2023,8898,151,36742,24.22
"loanDepot Park",2022,10288,207,36742,28
"loanDepot Park",2023,11170,169,36742,30.4
"loanDepot Park",2024,13992,167,36742,38.08
"loanDepot Park",2022,7420,187,36742,20.19
"loanDepot Park",2022,12941,210,36742,35.22
"loanDepot Park",2022,11444,183,36742,31.15
"loanDepot Park",2023,15701,147,36742,42.73
"loanDepot Park",2022,5095,180,36742,13.87
"loanDepot Park",2024,8290,156,36742,22.56
"loanDepot Park",2022,17449,203,36742,47.49
"loanDepot Park",2022,13234,181,36742,36.02
"loanDepot Park",2024,8728,196,36742,23.75
"loanDepot Park",2021,10262,201,36742,27.93
"loanDepot Park",2022,7566,236,36742,20.59
"loanDepot Park",2022,6512,190,36742,17.72
"loanDepot Park",2021,7073,188,36742,19.25
"loanDepot Park",2023,10961,131,36742,29.83
"loanDepot Park",2024,17902,177,36742,48.72
"loanDepot Park",2024,12268,172,36742,33.39
"loanDepot Park",2024,13409,155,36742,36.5
"loanDepot Park",2024,10410,164,36742,28.33
"loanDepot Park",2021,4527,203,36742,12.32
"loanDepot Park",2022,8475,184,36742,23.07
"loanDepot Park",2021,7945,157,36742,21.62
"loanDepot Park",2022,7356,205,36742,20.02
"loanDepot Park",2024,9355,153,36742,25.46
"loanDepot Park",2023,12669,246,36742,34.48
"loanDepot Park",2024,23189,173,36742,63.11
"loanDepot Park",2021,6595,203,36742,17.95
"loanDepot Park",2024,22327,132,36742,60.77
"loanDepot Park",2024,21902,155,36742,59.61
"loanDepot Park",2021,4049,164,36742,11.02
"loanDepot Park",2023,8763,164,36742,23.85
"loanDepot Park",2024,9468,208,36742,25.77
"loanDepot Park",2022,8656,129,36742,23.56
"loanDepot Park",2022,16655,155,36742,45.33
"loanDepot Park",2022,9776,212,36742,26.61
"loanDepot Park",2024,15894,197,36742,43.26
"loanDepot Park",2021,7282,278,36742,19.82
"loanDepot Park",2023,24668,188,36742,67.14
"loanDepot Park",2023,13263,157,36742,36.1
"loanDepot Park",2024,8179,144,36742,22.26
"loanDepot Park",2021,8158,167,36742,22.2
"loanDepot Park",2024,6794,142,36742,18.49
"loanDepot Park",2022,17441,193,36742,47.47
"loanDepot Park",2022,13612,253,36742,37.05
"loanDepot Park",2023,18207,175,36742,49.55
"loanDepot Park",2023,8981,130,36742,24.44
"loanDepot Park",2024,19418,182,36742,52.85
"loanDepot Park",2023,9600,142,36742,26.13
"loanDepot Park",2023,35043,188,36742,95.38
"loanDepot Park",2024,15699,160,36742,42.73
"loanDepot Park",2023,12340,146,36742,33.59
"loanDepot Park",2022,9963,186,36742,27.12
"loanDepot Park",2021,4760,209,36742,12.96
"loanDepot Park",2023,13966,149,36742,38.01
"loanDepot Park",2024,20285,170,36742,55.21
"loanDepot Park",2023,9911,187,36742,26.97
"loanDepot Park",2023,8783,147,36742,23.9
"loanDepot Park",2022,6224,207,36742,16.94
"loanDepot Park",2022,7112,177,36742,19.36
"loanDepot Park",2024,16542,163,36742,45.02
"loanDepot Park",2021,5244,190,36742,14.27
"loanDepot Park",2023,18132,155,36742,49.35
"loanDepot Park",2023,8405,147,36742,22.88
"loanDepot Park",2021,9264,205,36742,25.21
"loanDepot Park",2023,14577,152,36742,39.67
"loanDepot Park",2023,10591,157,36742,28.83
"loanDepot Park",2022,9012,222,36742,24.53
"loanDepot Park",2021,8469,181,36742,23.05
"loanDepot Park",2021,8771,191,36742,23.87
"loanDepot Park",2024,6854,156,36742,18.65
"loanDepot Park",2021,4540,206,36742,12.36
"loanDepot Park",2023,12226,162,36742,33.28
"loanDepot Park",2021,9745,218,36742,26.52
"loanDepot Park",2021,18462,197,36742,50.25
"loanDepot Park",2023,9803,152,36742,26.68
"loanDepot Park",2023,7752,136,36742,21.1
"loanDepot Park",2023,17216,134,36742,46.86
"loanDepot Park",2021,11728,254,36742,31.92
"loanDepot Park",2022,13412,203,36742,36.5
"loanDepot Park",2024,8255,169,36742,22.47
"loanDepot Park",2022,12240,161,36742,33.31
"loanDepot Park",2024,13210,156,36742,35.95
"loanDepot Park",2021,6871,229,36742,18.7
"loanDepot Park",2021,13207,178,36742,35.95
"loanDepot Park",2022,6601,181,36742,17.97
"loanDepot Park",2021,12300,210,36742,33.48
"loanDepot Park",2023,8295,156,36742,22.58
"loanDepot Park",2022,5632,192,36742,15.33
"loanDepot Park",2022,11729,213,36742,31.92
"loanDepot Park",2022,9123,184,36742,24.83
"loanDepot Park",2023,13850,141,36742,37.7
"loanDepot Park",2024,10201,135,36742,27.76
"loanDepot Park",2021,4864,169,36742,13.24
"loanDepot Park",2022,12692,185,36742,34.54
"loanDepot Park",2021,8448,225,36742,22.99
"loanDepot Park",2024,17139,154,36742,46.65
"loanDepot Park",2022,9108,189,36742,24.79
"loanDepot Park",2022,18741,187,36742,51.01
"loanDepot Park",2021,3573,177,36742,9.72
"loanDepot Park",2023,14994,193,36742,40.81
"loanDepot Park",2023,9809,147,36742,26.7
"loanDepot Park",2021,8075,179,36742,21.98
"loanDepot Park",2023,24329,179,36742,66.22
"loanDepot Park",2022,16741,202,36742,45.56
"loanDepot Park",2024,12721,155,36742,34.62
"loanDepot Park",2022,15131,196,36742,41.18
"loanDepot Park",2021,8082,220,36742,22
"loanDepot Park",2023,30978,160,36742,84.31
"loanDepot Park",2021,9256,186,36742,25.19
"loanDepot Park",2022,8188,166,36742,22.29
"loanDepot Park",2022,7701,175,36742,20.96
"loanDepot Park",2024,8657,164,36742,23.56
"loanDepot Park",2022,8022,163,36742,21.83
"loanDepot Park",2024,7792,114,36742,21.21
"loanDepot Park",2023,19638,157,36742,53.45
"loanDepot Park",2024,15963,177,36742,43.45
"loanDepot Park",2024,32564,204,36742,88.63
"loanDepot Park",2024,17275,146,36742,47.02
"loanDepot Park",2022,23543,137,36742,64.08
"loanDepot Park",2023,11843,141,36742,32.23
"loanDepot Park",2024,17560,186,36742,47.79
"loanDepot Park",2022,11854,197,36742,32.26
"loanDepot Park",2021,9655,172,36742,26.28
"loanDepot Park",2022,9365,258,36742,25.49
"loanDepot Park",2021,10977,238,36742,29.88
"loanDepot Park",2024,10136,177,36742,27.59
"loanDepot Park",2022,7386,192,36742,20.1
"loanDepot Park",2023,11773,144,36742,32.04
"loanDepot Park",2024,6376,141,36742,17.35
"loanDepot Park",2022,6263,204,36742,17.05
"loanDepot Park",2024,20757,152,36742,56.49
"loanDepot Park",2023,8744,139,36742,23.8
"loanDepot Park",2022,13042,189,36742,35.5
"loanDepot Park",2022,7308,181,36742,19.89
"loanDepot Park",2023,12047,160,36742,32.79
"loanDepot Park",2021,9523,226,36742,25.92
"loanDepot Park",2022,9641,190,36742,26.24
"loanDepot Park",2024,8248,198,36742,22.45
"loanDepot Park",2024,6706,161,36742,18.25
"loanDepot Park",2022,13617,194,36742,37.06
"loanDepot Park",2023,8451,146,36742,23
"loanDepot Park",2021,6442,208,36742,17.53
"loanDepot Park",2022,17908,162,36742,48.74
"loanDepot Park",2022,11910,192,36742,32.42
"loanDepot Park",2023,17538,166,36742,47.73
"loanDepot Park",2023,15884,173,36742,43.23
"loanDepot Park",2024,20490,165,36742,55.77
"loanDepot Park",2024,7171,140,36742,19.52
"loanDepot Park",2021,6291,154,36742,17.12
"loanDepot Park",2021,15290,228,36742,41.61
"loanDepot Park",2024,17138,168,36742,46.64
"loanDepot Park",2021,5848,239,36742,15.92
"loanDepot Park",2021,4932,191,36742,13.42
"loanDepot Park",2023,33980,123,36742,92.48
"loanDepot Park",2023,11038,153,36742,30.04
"loanDepot Park",2024,18138,161,36742,49.37
"loanDepot Park",2021,11019,156,36742,29.99
"loanDepot Park",2024,11794,149,36742,32.1
"loanDepot Park",2023,15314,131,36742,41.68
"loanDepot Park",2024,15669,161,36742,42.65
"loanDepot Park",2024,9460,167,36742,25.75
"loanDepot Park",2022,9524,201,36742,25.92
"loanDepot Park",2021,7119,148,36742,19.38
"loanDepot Park",2023,14695,174,36742,40
"loanDepot Park",2024,13540,153,36742,36.85
"loanDepot Park",2021,7682,163,36742,20.91
"loanDepot Park",2023,8261,136,36742,22.48
"loanDepot Park",2024,6799,164,36742,18.5
"loanDepot Park",2022,10459,217,36742,28.47
"loanDepot Park",2024,8850,175,36742,24.09
"loanDepot Park",2021,3898,197,36742,10.61
"loanDepot Park",2021,5764,182,36742,15.69
"loanDepot Park",2024,9033,138,36742,24.58
"loanDepot Park",2021,9760,213,36742,26.56
"loanDepot Park",2021,6237,202,36742,16.98
"loanDepot Park",2024,11830,155,36742,32.2
"loanDepot Park",2021,5926,182,36742,16.13
"loanDepot Park",2021,6014,236,36742,16.37
"loanDepot Park",2022,13338,167,36742,36.3
"loanDepot Park",2023,23867,155,36742,64.96
"loanDepot Park",2021,7062,164,36742,19.22
"loanDepot Park",2023,11472,147,36742,31.22
"loanDepot Park",2024,25227,163,36742,68.66
"loanDepot Park",2021,10407,180,36742,28.32
"loanDepot Park",2023,32936,158,36742,89.64
"loanDepot Park",2021,4982,223,36742,13.56
"loanDepot Park",2021,5908,197,36742,16.08
"loanDepot Park",2024,7540,177,36742,20.52
"loanDepot Park",2021,25767,205,36742,70.13
"loanDepot Park",2022,12195,220,36742,33.19
"loanDepot Park",2024,8778,140,36742,23.89
"loanDepot Park",2023,10338,192,36742,28.14
"loanDepot Park",2021,9149,166,36742,24.9
"loanDepot Park",2021,12178,217,36742,33.14
"loanDepot Park",2022,29010,166,36742,78.96
"loanDepot Park",2024,8573,166,36742,23.33
"loanDepot Park",2023,22051,174,36742,60.02
"loanDepot Park",2023,11930,201,36742,32.47
"loanDepot Park",2022,9110,173,36742,24.79
"loanDepot Park",2023,11216,172,36742,30.53
"loanDepot Park",2022,11990,195,36742,32.63
"loanDepot Park",2022,13264,208,36742,36.1
"loanDepot Park",2021,5507,179,36742,14.99
"loanDepot Park",2021,6164,198,36742,16.78
"loanDepot Park",2024,12695,168,36742,34.55
"Nationals Park",2024,21570,154,41373,52.14
"Nationals Park",2022,36841,169,41373,89.05
"Nationals Park",2021,33882,167,41373,81.89
"Nationals Park",2023,25339,141,41373,61.25
"Nationals Park",2021,8400,169,41373,20.3
"Nationals Park",2022,29878,168,41373,72.22
"Nationals Park",2022,24682,197,41373,59.66
"Nationals Park",2023,10754,145,41373,25.99
"Nationals Park",2021,14369,176,41373,34.73
"Nationals Park",2021,8561,173,41373,20.69
"Nationals Park",2021,29315,186,41373,70.86
"Nationals Park",2024,13310,156,41373,32.17
"Nationals Park",2021,18029,150,41373,43.58
"Nationals Park",2024,27003,143,41373,65.27
"Nationals Park",2023,28635,164,41373,69.21
"Nationals Park",2023,17547,145,41373,42.41
"Nationals Park",2022,31638,147,41373,76.47
"Nationals Park",2021,12280,232,41373,29.68
"Nationals Park",2023,34562,195,41373,83.54
"Nationals Park",2023,19290,150,41373,46.62
"Nationals Park",2022,27498,198,41373,66.46
"Nationals Park",2023,31904,190,41373,77.11
"Nationals Park",2023,23516,177,41373,56.84
"Nationals Park",2024,20755,126,41373,50.17
"Nationals Park",2022,37880,167,41373,91.56
"Nationals Park",2024,27690,127,41373,66.93
"Nationals Park",2022,26416,171,41373,63.85
"Nationals Park",2024,14477,167,41373,34.99
"Nationals Park",2022,22418,199,41373,54.19
"Nationals Park",2021,26779,229,41373,64.73
"Nationals Park",2023,19240,189,41373,46.5
"Nationals Park",2024,19844,166,41373,47.96
"Nationals Park",2024,18363,181,41373,44.38
"Nationals Park",2023,18182,151,41373,43.95
"Nationals Park",2024,20853,135,41373,50.4
"Nationals Park",2022,31256,187,41373,75.55
"Nationals Park",2023,30389,157,41373,73.45
"Nationals Park",2024,21838,190,41373,52.78
"Nationals Park",2021,27959,197,41373,67.58
"Nationals Park",2023,16898,161,41373,40.84
"Nationals Park",2024,30190,167,41373,72.97
"Nationals Park",2021,4927,128,41373,11.91
"Nationals Park",2022,34440,198,41373,83.24
"Nationals Park",2023,16191,132,41373,39.13
"Nationals Park",2022,23794,185,41373,57.51
"Nationals Park",2024,16670,144,41373,40.29
"Nationals Park",2021,16425,130,41373,39.7
"Nationals Park",2022,15774,192,41373,38.13
"Nationals Park",2023,17312,140,41373,41.84
"Nationals Park",2023,27529,141,41373,66.54
"Nationals Park",2024,22836,179,41373,55.2
"Nationals Park",2021,17417,155,41373,42.1
"Nationals Park",2023,13251,153,41373,32.03
"Nationals Park",2022,21369,194,41373,51.65
"Nationals Park",2024,39235,130,41373,94.83
"Nationals Park",2023,27546,186,41373,66.58
"Nationals Park",2024,32391,160,41373,78.29
"Nationals Park",2024,38402,175,41373,92.82
"Nationals Park",2024,20749,135,41373,50.15
"Nationals Park",2022,25225,193,41373,60.97
"Nationals Park",2023,26062,144,41373,62.99
"Nationals Park",2024,29542,139,41373,71.4
"Nationals Park",2021,18482,190,41373,44.67
"Nationals Park",2023,19847,161,41373,47.97
"Nationals Park",2022,11720,151,41373,28.33
"Nationals Park",2021,12529,180,41373,30.28
"Nationals Park",2024,28792,159,41373,69.59
"Nationals Park",2024,31796,152,41373,76.85
"Nationals Park",2022,31411,141,41373,75.92
"Nationals Park",2021,25520,200,41373,61.68
"Nationals Park",2024,26729,160,41373,64.6
"Nationals Park",2022,19715,185,41373,47.65
"Nationals Park",2022,26877,242,41373,64.96
"Nationals Park",2022,25265,182,41373,61.07
"Nationals Park",2024,38135,155,41373,92.17
"Nationals Park",2022,12613,193,41373,30.49
"Nationals Park",2022,23341,173,41373,56.42
"Nationals Park",2021,22575,223,41373,54.56
"Nationals Park",2021,19759,156,41373,47.76
"Nationals Park",2022,24931,180,41373,60.26
"Nationals Park",2024,32995,158,41373,79.75
"Nationals Park",2022,25677,223,41373,62.06
"Nationals Park",2023,26507,152,41373,64.07
"Nationals Park",2022,29808,178,41373,72.05
"Nationals Park",2024,26298,160,41373,63.56
"Nationals Park",2022,9261,188,41373,22.38
"Nationals Park",2023,29402,132,41373,71.07
"Nationals Park",2023,21440,137,41373,51.82
"Nationals Park",2022,25915,187,41373,62.64
"Nationals Park",2022,31679,198,41373,76.57
"Nationals Park",2022,13356,200,41373,32.28
"Nationals Park",2023,28100,192,41373,67.92
"Nationals Park",2024,12423,206,41373,30.03
"Nationals Park",2022,24684,144,41373,59.66
"Nationals Park",2023,22598,146,41373,54.62
"Nationals Park",2023,22223,167,41373,53.71
"Nationals Park",2021,18336,199,41373,44.32
"Nationals Park",2023,26196,173,41373,63.32
"Nationals Park",2022,12454,166,41373,30.1
"Nationals Park",2024,17044,182,41373,41.2
"Nationals Park",2021,8478,200,41373,20.49
"Nationals Park",2022,18433,165,41373,44.55
"Nationals Park",2022,25129,173,41373,60.74
"Nationals Park",2021,33986,226,41373,82.15
"Nationals Park",2021,8559,238,41373,20.69
"Nationals Park",2021,17362,176,41373,41.96
"Nationals Park",2023,13252,189,41373,32.03
"Nationals Park",2024,30577,130,41373,73.91
"Nationals Park",2023,20580,169,41373,49.74
"Nationals Park",2023,33334,157,41373,80.57
"Nationals Park",2022,32779,140,41373,79.23
"Nationals Park",2024,23323,167,41373,56.37
"Nationals Park",2022,23281,167,41373,56.27
"Nationals Park",2021,16309,233,41373,39.42
"Nationals Park",2024,24185,156,41373,58.46
"Nationals Park",2023,21507,178,41373,51.98
"Nationals Park",2024,18748,139,41373,45.31
"Nationals Park",2021,30371,169,41373,73.41
"Nationals Park",2024,26719,199,41373,64.58
"Nationals Park",2024,14022,150,41373,33.89
"Nationals Park",2021,9020,127,41373,21.8
"Nationals Park",2024,33998,149,41373,82.17
"Nationals Park",2021,4801,190,41373,11.6
"Nationals Park",2022,30325,185,41373,73.3
"Nationals Park",2021,15552,217,41373,37.59
"Nationals Park",2021,22162,215,41373,53.57
"Nationals Park",2024,27806,190,41373,67.21
"Nationals Park",2024,16433,141,41373,39.72
"Nationals Park",2024,22183,170,41373,53.62
"Nationals Park",2024,40405,191,41373,97.66
"Nationals Park",2023,17428,141,41373,42.12
"Nationals Park",2024,16454,144,41373,39.77
"Nationals Park",2022,26321,204,41373,63.62
"Nationals Park",2024,23967,142,41373,57.93
"Nationals Park",2022,21955,188,41373,53.07
"Nationals Park",2024,25637,128,41373,61.97
"Nationals Park",2022,35052,211,41373,84.72
"Nationals Park",2022,27851,198,41373,67.32
"Nationals Park",2022,19674,200,41373,47.55
"Nationals Park",2021,7343,206,41373,17.75
"Nationals Park",2024,22856,169,41373,55.24
"Nationals Park",2023,30434,181,41373,73.56
"Nationals Park",2024,34334,151,41373,82.99
"Nationals Park",2023,22090,172,41373,53.39
"Nationals Park",2022,30170,162,41373,72.92
"Nationals Park",2021,16781,179,41373,40.56
"Nationals Park",2024,28175,142,41373,68.1
"Nationals Park",2024,18265,141,41373,44.15
"Nationals Park",2024,23789,127,41373,57.5
"Nationals Park",2022,15501,212,41373,37.47
"Nationals Park",2021,8418,171,41373,20.35
"Nationals Park",2023,35756,187,41373,86.42
"Nationals Park",2023,25445,170,41373,61.5
"Nationals Park",2024,16979,142,41373,41.04
"Nationals Park",2024,15585,140,41373,37.67
"Nationals Park",2021,16393,196,41373,39.62
"Nationals Park",2022,30409,212,41373,73.5
"Nationals Park",2023,15220,154,41373,36.79
"Nationals Park",2023,24909,175,41373,60.21
"Nationals Park",2024,22999,172,41373,55.59
"Nationals Park",2022,25467,179,41373,61.55
"Nationals Park",2022,20294,217,41373,49.05
"Nationals Park",2022,23751,173,41373,57.41
"Nationals Park",2022,34179,182,41373,82.61
"Nationals Park",2021,8295,182,41373,20.05
"Nationals Park",2024,11135,172,41373,26.91
"Nationals Park",2022,33661,211,41373,81.36
"Nationals Park",2021,41465,233,41373,100.22
"Nationals Park",2021,8935,172,41373,21.6
"Nationals Park",2024,32812,166,41373,79.31
"Nationals Park",2024,22132,181,41373,53.49
"Nationals Park",2023,13722,149,41373,33.17
"Nationals Park",2023,17524,199,41373,42.36
"Nationals Park",2021,9910,126,41373,23.95
"Nationals Park",2021,29203,255,41373,70.58
"Nationals Park",2022,26003,199,41373,62.85
"Nationals Park",2022,29034,200,41373,70.18
"Nationals Park",2023,15272,165,41373,36.91
"Nationals Park",2023,19997,162,41373,48.33
"Nationals Park",2024,24072,206,41373,58.18
"Nationals Park",2021,17623,205,41373,42.6
"Nationals Park",2021,22111,146,41373,53.44
"Nationals Park",2023,21438,185,41373,51.82
"Nationals Park",2024,22333,175,41373,53.98
"Nationals Park",2023,29546,177,41373,71.41
"Nationals Park",2021,33232,217,41373,80.32
"Nationals Park",2021,22420,137,41373,54.19
"Nationals Park",2023,21367,161,41373,51.64
"Nationals Park",2023,27930,198,41373,67.51
"Nationals Park",2021,8510,179,41373,20.57
"Nationals Park",2024,23193,140,41373,56.06
"Nationals Park",2023,13836,152,41373,33.44
"Nationals Park",2024,28230,139,41373,68.23
"Nationals Park",2022,24876,193,41373,60.13
"Nationals Park",2024,32734,169,41373,79.12
"Nationals Park",2022,16264,160,41373,39.31
"Nationals Park",2021,27221,220,41373,65.79
"Nationals Park",2021,15326,181,41373,37.04
"Nationals Park",2021,26303,181,41373,63.58
"Nationals Park",2023,20977,150,41373,50.7
"Nationals Park",2022,22549,191,41373,54.5
"Nationals Park",2022,14424,180,41373,34.86
"Nationals Park",2023,23936,133,41373,57.85
"Nationals Park",2024,23303,142,41373,56.32
"Nationals Park",2022,19869,178,41373,48.02
"Nationals Park",2021,21195,244,41373,51.23
"Nationals Park",2024,17668,155,41373,42.7
"Nationals Park",2023,19322,147,41373,46.7
"Nationals Park",2021,17353,217,41373,41.94
"Nationals Park",2021,6666,206,41373,16.11
"Nationals Park",2022,32261,177,41373,77.98
"Nationals Park",2023,24297,155,41373,58.73
"Nationals Park",2024,18847,136,41373,45.55
"Nationals Park",2023,30959,144,41373,74.83
"Nationals Park",2023,12504,155,41373,30.22
"Nationals Park",2023,38853,158,41373,93.91
"Nationals Park",2021,14434,167,41373,34.89
"Nationals Park",2021,27689,196,41373,66.93
"Nationals Park",2022,28738,170,41373,69.46
"Nationals Park",2024,18775,126,41373,45.38
"Nationals Park",2023,31721,123,41373,76.67
"Nationals Park",2023,36297,181,41373,87.73
"Nationals Park",2021,24812,182,41373,59.97
"Nationals Park",2021,21569,169,41373,52.13
"Nationals Park",2021,16844,230,41373,40.71
"Nationals Park",2021,32521,205,41373,78.6
"Nationals Park",2023,23404,148,41373,56.57
"Nationals Park",2022,21153,207,41373,51.13
"Nationals Park",2021,16886,162,41373,40.81
"Nationals Park",2024,21374,171,41373,51.66
"Nationals Park",2022,16260,173,41373,39.3
"Nationals Park",2024,34282,158,41373,82.86
"Nationals Park",2022,25385,231,41373,61.36
"Nationals Park",2023,10064,193,41373,24.33
"Nationals Park",2022,26111,195,41373,63.11
"Nationals Park",2021,21058,202,41373,50.9
"Nationals Park",2023,23275,167,41373,56.26
"Nationals Park",2022,27799,168,41373,67.19
"Nationals Park",2022,20571,195,41373,49.72
"Nationals Park",2022,42730,228,41373,103.28
"Nationals Park",2023,31989,143,41373,77.32
"Nationals Park",2023,29827,198,41373,72.09
"Nationals Park",2021,19150,183,41373,46.29
"Nationals Park",2021,8056,174,41373,19.47
"Nationals Park",2024,25456,189,41373,61.53
"Nationals Park",2021,27488,199,41373,66.44
"Nationals Park",2023,32504,144,41373,78.56
"Nationals Park",2023,21929,152,41373,53
"Nationals Park",2022,35390,243,41373,85.54
"Nationals Park",2021,8710,158,41373,21.05
"Nationals Park",2021,26246,184,41373,63.44
"Nationals Park",2022,26535,173,41373,64.14
"Nationals Park",2023,34501,177,41373,83.39
"Nationals Park",2023,16893,143,41373,40.83
"Nationals Park",2023,24743,178,41373,59.8
"Nationals Park",2021,15283,173,41373,36.94
"Nationals Park",2024,21158,137,41373,51.14
"Nationals Park",2022,23158,181,41373,55.97
"Nationals Park",2023,32561,188,41373,78.7
"Nationals Park",2021,15440,221,41373,37.32
"Nationals Park",2021,7542,191,41373,18.23
"Nationals Park",2023,17482,172,41373,42.25
"Nationals Park",2022,24490,194,41373,59.19
"Nationals Park",2022,19870,228,41373,48.03
"Nationals Park",2021,8610,226,41373,20.81
"Nationals Park",2024,23597,140,41373,57.03
"Nationals Park",2024,34394,118,41373,83.13
"Nationals Park",2022,24785,225,41373,59.91
"Nationals Park",2021,17117,154,41373,41.37
"Nationals Park",2024,20584,136,41373,49.75
"Nationals Park",2022,21213,165,41373,51.27
"Nationals Park",2024,31086,162,41373,75.14
"Nationals Park",2022,25577,174,41373,61.82
"Nationals Park",2022,18213,174,41373,44.02
"Nationals Park",2022,22949,207,41373,55.47
"Nationals Park",2023,18747,154,41373,45.31
"Nationals Park",2023,36290,157,41373,87.71
"Nationals Park",2024,25935,155,41373,62.69
"Nationals Park",2023,15903,147,41373,38.44
"Nationals Park",2022,28302,176,41373,68.41
"Nationals Park",2021,8482,157,41373,20.5
"Nationals Park",2024,30791,141,41373,74.42
"Nationals Park",2024,20575,198,41373,49.73
"Nationals Park",2024,14674,142,41373,35.47
"Nationals Park",2022,32497,173,41373,78.55
"Nationals Park",2021,31444,196,41373,76
"Nationals Park",2022,22423,172,41373,54.2
"Nationals Park",2022,22575,171,41373,54.56
"Nationals Park",2024,24765,151,41373,59.86
"Nationals Park",2023,18577,115,41373,44.9
"Nationals Park",2023,18180,152,41373,43.94
"Nationals Park",2023,24336,150,41373,58.82
"Nationals Park",2023,22897,154,41373,55.34
"Nationals Park",2023,19985,167,41373,48.3
"Nationals Park",2022,19944,182,41373,48.21
"Nationals Park",2024,34608,165,41373,83.65
"Nationals Park",2023,17194,175,41373,41.56
"Nationals Park",2024,14357,147,41373,34.7
"Nationals Park",2024,29718,148,41373,71.83
"Nationals Park",2021,20060,205,41373,48.49
"Nationals Park",2023,22379,165,41373,54.09
"Nationals Park",2021,42064,201,41373,101.67
"Nationals Park",2021,37187,217,41373,89.88
"Nationals Park",2023,26747,162,41373,64.65
"Nationals Park",2021,14859,175,41373,35.91
"Nationals Park",2021,14618,194,41373,35.33
"Nationals Park",2021,8305,203,41373,20.07
"Nationals Park",2021,8156,175,41373,19.71
"Nationals Park",2021,7769,181,41373,18.78
"Nationals Park",2021,24066,185,41373,58.17
"Nationals Park",2024,21837,154,41373,52.78
"Nationals Park",2024,19782,179,41373,47.81
"Nationals Park",2022,26362,227,41373,63.72
"Nationals Park",2023,20388,145,41373,49.28
"Nationals Park",2024,13299,145,41373,32.14
"Nationals Park",2021,17030,201,41373,41.16
"Nationals Park",2021,21285,116,41373,51.45
"Nationals Park",2023,22651,172,41373,54.75
"Nationals Park",2024,34078,215,41373,82.37
"Nationals Park",2022,26043,174,41373,62.95
"Nationals Park",2024,18349,159,41373,44.35
"Nationals Park",2021,13916,245,41373,33.64
"Oracle Park",2021,33975,170,41331,82.2
"Oracle Park",2021,26644,195,41331,64.46
"Oracle Park",2023,28557,143,41331,69.09
"Oracle Park",2021,27345,177,41331,66.16
"Oracle Park",2024,40149,136,41331,97.14
"Oracle Park",2022,21535,169,41331,52.1
"Oracle Park",2021,10008,188,41331,24.21
"Oracle Park",2022,29178,171,41331,70.6
"Oracle Park",2023,23819,153,41331,57.63
"Oracle Park",2024,25558,127,41331,61.84
"Oracle Park",2022,35266,179,41331,85.33
"Oracle Park",2021,36928,143,41331,89.35
"Oracle Park",2022,38451,217,41331,93.03
"Oracle Park",2022,30630,190,41331,74.11
"Oracle Park",2022,22562,181,41331,54.59
"Oracle Park",2022,26576,169,41331,64.3
"Oracle Park",2024,35018,144,41331,84.73
"Oracle Park",2021,30780,207,41331,74.47
"Oracle Park",2023,32448,173,41331,78.51
"Oracle Park",2021,23110,172,41331,55.91
"Oracle Park",2021,20897,190,41331,50.56
"Oracle Park",2024,36328,171,41331,87.9
"Oracle Park",2024,32348,149,41331,78.27
"Oracle Park",2022,32137,251,41331,77.76
"Oracle Park",2023,40691,154,41331,98.45
"Oracle Park",2022,30584,169,41331,74
"Oracle Park",2024,34543,131,41331,83.58
"Oracle Park",2024,27460,146,41331,66.44
"Oracle Park",2022,34640,188,41331,83.81
"Oracle Park",2021,32058,160,41331,77.56
"Oracle Park",2022,34824,216,41331,84.26
"Oracle Park",2024,40030,135,41331,96.85
"Oracle Park",2023,34603,171,41331,83.72
"Oracle Park",2022,23341,194,41331,56.47
"Oracle Park",2022,41279,169,41331,99.87
"Oracle Park",2021,4129,147,41331,9.99
"Oracle Park",2022,22185,168,41331,53.68
"Oracle Park",2023,26218,182,41331,63.43
"Oracle Park",2023,30673,144,41331,74.21
"Oracle Park",2024,35922,160,41331,86.91
"Oracle Park",2022,40971,186,41331,99.13
"Oracle Park",2021,9906,179,41331,23.97
"Oracle Park",2021,13346,186,41331,32.29
"Oracle Park",2024,36235,157,41331,87.67
"Oracle Park",2021,32210,171,41331,77.93
"Oracle Park",2021,29655,181,41331,71.75
"Oracle Park",2023,28956,133,41331,70.06
"Oracle Park",2023,28183,139,41331,68.19
"Oracle Park",2023,32151,172,41331,77.79
"Oracle Park",2023,37470,158,41331,90.66
"Oracle Park",2023,33112,164,41331,80.11
"Oracle Park",2022,41236,212,41331,99.77
"Oracle Park",2023,22028,142,41331,53.3
"Oracle Park",2022,38193,188,41331,92.41
"Oracle Park",2023,24304,162,41331,58.8
"Oracle Park",2022,41189,190,41331,99.66
"Oracle Park",2022,38256,226,41331,92.56
"Oracle Park",2023,37026,193,41331,89.58
"Oracle Park",2023,34816,156,41331,84.24
"Oracle Park",2022,28004,196,41331,67.76
"Oracle Park",2024,40428,147,41331,97.82
"Oracle Park",2023,27510,145,41331,66.56
"Oracle Park",2024,40114,130,41331,97.06
"Oracle Park",2021,14089,181,41331,34.09
"Oracle Park",2023,35766,165,41331,86.54
"Oracle Park",2023,35232,151,41331,85.24
"Oracle Park",2023,35376,184,41331,85.59
"Oracle Park",2023,25303,175,41331,61.22
"Oracle Park",2021,24295,164,41331,58.78
"Oracle Park",2022,40853,206,41331,98.84
"Oracle Park",2022,23279,210,41331,56.32
"Oracle Park",2021,6163,200,41331,14.91
"Oracle Park",2024,34841,166,41331,84.3
"Oracle Park",2023,20502,134,41331,49.6
"Oracle Park",2021,9764,182,41331,23.62
"Oracle Park",2024,36380,143,41331,88.02
"Oracle Park",2022,37332,163,41331,90.32
"Oracle Park",2021,28122,222,41331,68.04
"Oracle Park",2022,24218,153,41331,58.6
"Oracle Park",2021,23511,203,41331,56.88
"Oracle Park",2022,25298,193,41331,61.21
"Oracle Park",2023,35126,143,41331,84.99
"Oracle Park",2023,38159,145,41331,92.33
"Oracle Park",2023,36842,186,41331,89.14
"Oracle Park",2023,20797,154,41331,50.32
"Oracle Park",2021,28020,238,41331,67.79
"Oracle Park",2022,37487,179,41331,90.7
"Oracle Park",2023,28404,175,41331,68.72
"Oracle Park",2021,32878,169,41331,79.55
"Oracle Park",2021,8282,166,41331,20.04
"Oracle Park",2023,34290,164,41331,82.96
"Oracle Park",2021,21078,171,41331,51
"Oracle Park",2023,34903,190,41331,84.45
"Oracle Park",2021,27324,191,41331,66.11
"Oracle Park",2022,20694,180,41331,50.07
"Oracle Park",2022,22649,187,41331,54.8
"Oracle Park",2024,41187,158,41331,99.65
"Oracle Park",2022,27432,164,41331,66.37
"Oracle Park",2024,25582,168,41331,61.9
"Oracle Park",2022,33622,178,41331,81.35
"Oracle Park",2023,35452,133,41331,85.78
"Oracle Park",2021,30303,174,41331,73.32
"Oracle Park",2022,33241,200,41331,80.43
"Oracle Park",2024,37885,160,41331,91.66
"Oracle Park",2021,39338,272,41331,95.18
"Oracle Park",2021,4580,146,41331,11.08
"Oracle Park",2022,23780,176,41331,57.54
"Oracle Park",2023,30768,158,41331,74.44
"Oracle Park",2022,25560,193,41331,61.84
"Oracle Park",2023,21748,171,41331,52.62
"Oracle Park",2023,33087,125,41331,80.05
"Oracle Park",2023,32060,160,41331,77.57
"Oracle Park",2024,22042,156,41331,53.33
"Oracle Park",2024,36210,193,41331,87.61
"Oracle Park",2024,30184,155,41331,73.03
"Oracle Park",2024,35101,166,41331,84.93
"Oracle Park",2023,27721,157,41331,67.07
"Oracle Park",2021,41146,208,41331,99.55
"Oracle Park",2021,6560,180,41331,15.87
"Oracle Park",2024,37178,165,41331,89.95
"Oracle Park",2024,22855,162,41331,55.3
"Oracle Park",2022,20897,166,41331,50.56
"Oracle Park",2022,24112,177,41331,58.34
"Oracle Park",2024,39663,225,41331,95.96
"Oracle Park",2021,5595,210,41331,13.54
"Oracle Park",2022,32898,181,41331,79.6
"Oracle Park",2023,25140,152,41331,60.83
"Oracle Park",2021,12753,175,41331,30.86
"Oracle Park",2024,32861,153,41331,79.51
"Oracle Park",2021,32644,184,41331,78.98
"Oracle Park",2021,32282,187,41331,78.11
"Oracle Park",2021,3662,155,41331,8.86
"Oracle Park",2023,33332,168,41331,80.65
"Oracle Park",2022,41197,176,41331,99.68
"Oracle Park",2022,28267,215,41331,68.39
"Oracle Park",2022,30376,197,41331,73.49
"Oracle Park",2024,27871,155,41331,67.43
"Oracle Park",2022,38916,185,41331,94.16
"Oracle Park",2021,7572,190,41331,18.32
"Oracle Park",2022,33328,195,41331,80.64
"Oracle Park",2021,33337,173,41331,80.66
"Oracle Park",2022,20039,195,41331,48.48
"Oracle Park",2024,31063,154,41331,75.16
"Oracle Park",2024,32842,176,41331,79.46
"Oracle Park",2022,26197,175,41331,63.38
"Oracle Park",2021,16774,227,41331,40.58
"Oracle Park",2024,31098,167,41331,75.24
"Oracle Park",2021,26579,208,41331,64.31
"Oracle Park",2023,20203,140,41331,48.88
"Oracle Park",2023,23397,164,41331,56.61
"Oracle Park",2024,34506,127,41331,83.49
"Oracle Park",2024,24380,161,41331,58.99
"Oracle Park",2023,26078,135,41331,63.1
"Oracle Park",2022,21472,190,41331,51.95
"Oracle Park",2022,38049,165,41331,92.06
"Oracle Park",2024,33606,141,41331,81.31
"Oracle Park",2024,40598,164,41331,98.23
"Oracle Park",2021,33168,245,41331,80.25
"Oracle Park",2022,23790,167,41331,57.56
"Oracle Park",2022,27197,131,41331,65.8
"Oracle Park",2022,27055,185,41331,65.46
"Oracle Park",2024,25453,130,41331,61.58
"Oracle Park",2021,13144,178,41331,31.8
"Oracle Park",2024,24138,145,41331,58.4
"Oracle Park",2022,36471,206,41331,88.24
"Oracle Park",2024,30368,146,41331,73.48
"Oracle Park",2023,20705,201,41331,50.1
"Oracle Park",2024,32582,172,41331,78.83
"Oracle Park",2024,36087,142,41331,87.31
"Oracle Park",2022,30155,202,41331,72.96
"Oracle Park",2023,24166,164,41331,58.47
"Oracle Park",2022,24872,181,41331,60.18
"Oracle Park",2024,34487,142,41331,83.44
"Oracle Park",2023,31992,145,41331,77.4
"Oracle Park",2024,29319,143,41331,70.94
"Oracle Park",2021,11524,194,41331,27.88
"Oracle Park",2021,9219,214,41331,22.31
"Oracle Park",2022,38885,177,41331,94.08
"Oracle Park",2023,40711,143,41331,98.5
"Oracle Park",2023,25806,142,41331,62.44
"Oracle Park",2021,41155,202,41331,99.57
"Oracle Park",2024,40645,145,41331,98.34
"Oracle Park",2022,35400,186,41331,85.65
"Oracle Park",2023,29912,155,41331,72.37
"Oracle Park",2023,24452,154,41331,59.16
"Oracle Park",2022,24386,180,41331,59
"Oracle Park",2022,40113,202,41331,97.05
"Oracle Park",2021,6657,161,41331,16.11
"Oracle Park",2023,30207,135,41331,73.09
"Oracle Park",2023,35571,157,41331,86.06
"Oracle Park",2023,34568,158,41331,83.64
"Oracle Park",2021,10546,172,41331,25.52
"Oracle Park",2022,25325,226,41331,61.27
"Oracle Park",2024,31535,171,41331,76.3
"Oracle Park",2024,28375,130,41331,68.65
"Oracle Park",2021,19067,187,41331,46.13
"Oracle Park",2022,23353,165,41331,56.5
"Oracle Park",2024,34766,146,41331,84.12
"Oracle Park",2023,28936,144,41331,70.01
"Oracle Park",2024,34655,152,41331,83.85
"Oracle Park",2022,25690,171,41331,62.16
"Oracle Park",2022,32014,180,41331,77.46
"Oracle Park",2023,26322,135,41331,63.69
"Oracle Park",2023,40014,140,41331,96.81
"Oracle Park",2021,18265,171,41331,44.19
"Oracle Park",2024,40052,135,41331,96.91
"Oracle Park",2021,23379,219,41331,56.57
"Oracle Park",2021,6409,150,41331,15.51
"Oracle Park",2021,13660,174,41331,33.05
"Oracle Park",2024,33575,156,41331,81.23
"Oracle Park",2023,36511,135,41331,88.34
"Oracle Park",2021,26639,173,41331,64.45
"Oracle Park",2021,18785,208,41331,45.45
"Oracle Park",2023,37395,140,41331,90.48
"Oracle Park",2024,26896,132,41331,65.07
"Oracle Park",2021,35920,177,41331,86.91
"Oracle Park",2024,28766,140,41331,69.6
"Oracle Park",2022,25093,165,41331,60.71
"Oracle Park",2021,7450,167,41331,18.03
"Oracle Park",2024,40447,172,41331,97.86
"Oracle Park",2022,28898,172,41331,69.92
"Oracle Park",2021,23610,147,41331,57.12
"Oracle Park",2023,27873,149,41331,67.44
"Oracle Park",2021,21212,246,41331,51.32
"Oracle Park",2024,32853,136,41331,79.49
"Oracle Park",2023,35648,150,41331,86.25
"Oracle Park",2023,33781,152,41331,81.73
"Oracle Park",2023,35689,139,41331,86.35
"Oracle Park",2022,26994,232,41331,65.31
"Oracle Park",2023,24108,146,41331,58.33
"Oracle Park",2022,28478,179,41331,68.9
"Oracle Park",2022,40010,213,41331,96.8
"Oracle Park",2023,28614,157,41331,69.23
"Oracle Park",2021,36126,193,41331,87.41
"Oracle Park",2021,10737,185,41331,25.98
"Oracle Park",2024,37110,143,41331,89.79
"Oracle Park",2024,30468,158,41331,73.72
"Oracle Park",2024,30701,162,41331,74.28
"Oracle Park",2021,40760,221,41331,98.62
"Oracle Park",2021,23192,197,41331,56.11
"Oracle Park",2024,38668,115,41331,93.56
"Oracle Park",2024,32820,166,41331,79.41
"Oracle Park",2021,12792,184,41331,30.95
"Oracle Park",2022,24785,193,41331,59.97
"Oracle Park",2023,31047,167,41331,75.12
"Oracle Park",2023,27551,135,41331,66.66
"Oracle Park",2024,33921,180,41331,82.07
"Oracle Park",2022,34865,170,41331,84.36
"Oracle Park",2021,11004,216,41331,26.62
"Oracle Park",2024,34115,137,41331,82.54
"Oracle Park",2022,40115,163,41331,97.06
"Oracle Park",2021,25901,207,41331,62.67
"Oracle Park",2021,23154,195,41331,56.02
"Oracle Park",2023,32416,155,41331,78.43
"Oracle Park",2023,33886,135,41331,81.99
"Oracle Park",2024,25096,127,41331,60.72
"Oracle Park",2021,25360,242,41331,61.36
"Oracle Park",2022,40171,192,41331,97.19
"Oracle Park",2024,30893,145,41331,74.75
"Oracle Park",2022,32798,183,41331,79.35
"Oracle Park",2023,26387,150,41331,63.84
"Oracle Park",2024,31243,153,41331,75.59
"Oracle Park",2022,30804,198,41331,74.53
"Oracle Park",2021,7268,180,41331,17.58
"Oracle Park",2021,23802,190,41331,57.59
"Oracle Park",2022,32285,178,41331,78.11
"Oracle Park",2024,30183,170,41331,73.03
"Oracle Park",2024,33037,148,41331,79.93
"Oracle Park",2022,32840,185,41331,79.46
"Oracle Park",2021,36901,176,41331,89.28
"Oracle Park",2023,24581,145,41331,59.47
"Oracle Park",2024,32867,150,41331,79.52
"Oracle Park",2024,23545,167,41331,56.97
"Oracle Park",2023,21283,149,41331,51.49
"Oracle Park",2022,25527,172,41331,61.76
"Oracle Park",2023,34343,159,41331,83.09
"Oracle Park",2022,31359,203,41331,75.87
"Oracle Park",2024,33043,162,41331,79.95
"Oracle Park",2023,36050,116,41331,87.22
"Oracle Park",2022,22663,199,41331,54.83
"Oracle Park",2024,39798,153,41331,96.29
"Oracle Park",2021,35136,165,41331,85.01
"Oracle Park",2023,36798,161,41331,89.03
"Oracle Park",2022,32259,180,41331,78.05
"Oracle Park",2023,38638,139,41331,93.48
"Oracle Park",2021,33728,190,41331,81.6
"Oracle Park",2021,9867,183,41331,23.87
"Oracle Park",2021,20037,194,41331,48.48
"Oracle Park",2024,39485,175,41331,95.53
"Oracle Park",2022,27683,230,41331,66.98
"Oracle Park",2022,28244,214,41331,68.34
"Oracle Park",2021,3673,191,41331,8.89
"Oracle Park",2023,23827,152,41331,57.65
"Oracle Park",2024,32924,147,41331,79.66
"Oracle Park",2023,31993,136,41331,77.41
"Oracle Park",2024,30064,152,41331,72.74
"Oracle Park",2024,22184,148,41331,53.67
"Oracle Park",2024,29209,142,41331,70.67
"Oracle Park",2024,36027,143,41331,87.17
"Oracle Park",2024,41008,168,41331,99.22
"Oracle Park",2023,38359,164,41331,92.81
"Oracle Park",2024,34106,144,41331,82.52
"Oracle Park",2023,33755,137,41331,81.67
"Oracle Park",2021,21023,151,41331,50.86
"Oracle Park",2024,37321,155,41331,90.3
"Oracle Park",2022,39701,165,41331,96.06
"Oracle Park",2021,16170,182,41331,39.12
"Oracle Park",2023,36142,148,41331,87.45
"Oracle Park",2022,35363,177,41331,85.56
"Oracle Park",2023,39323,140,41331,95.14
"Oracle Park",2021,13144,174,41331,31.8
"Oracle Park",2021,21189,225,41331,51.27
"Oracle Park",2023,25748,165,41331,62.3
"Oracle Park",2024,31763,158,41331,76.85
"Oracle Park",2023,23541,137,41331,56.96
"Oracle Park",2024,32014,161,41331,77.46
"Oracle Park",2023,39253,127,41331,94.97
"Oracle Park",2022,24815,224,41331,60.04
"Oracle Park",2024,35033,175,41331,84.76
"Oracle Park",2021,7390,174,41331,17.88
"Oracle Park",2024,32025,181,41331,77.48
"Oracle Park",2021,6176,193,41331,14.94
"Oracle Park",2021,27503,208,41331,66.54
"Oriole Park at Camden Yards",2022,8400,187,44970,18.68
"Oriole Park at Camden Yards",2021,10576,212,44970,23.52
"Oriole Park at Camden Yards",2024,35906,194,44970,79.84
"Oriole Park at Camden Yards",2022,13850,154,44970,30.8
"Oriole Park at Camden Yards",2024,21710,167,44970,48.28
"Oriole Park at Camden Yards",2023,12305,188,44970,27.36
"Oriole Park at Camden Yards",2022,19893,163,44970,44.24
"Oriole Park at Camden Yards",2023,37939,148,44970,84.37
"Oriole Park at Camden Yards",2024,44525,170,44970,99.01
"Oriole Park at Camden Yards",2023,21956,171,44970,48.82
"Oriole Park at Camden Yards",2023,12044,157,44970,26.78
"Oriole Park at Camden Yards",2021,9423,190,44970,20.95
"Oriole Park at Camden Yards",2024,25439,150,44970,56.57
"Oriole Park at Camden Yards",2022,30853,197,44970,68.61
"Oriole Park at Camden Yards",2021,10098,186,44970,22.45
"Oriole Park at Camden Yards",2023,20823,141,44970,46.3
"Oriole Park at Camden Yards",2024,24048,147,44970,53.48
"Oriole Park at Camden Yards",2024,27104,161,44970,60.27
"Oriole Park at Camden Yards",2023,19432,132,44970,43.21
"Oriole Park at Camden Yards",2023,22981,158,44970,51.1
"Oriole Park at Camden Yards",2023,16083,155,44970,35.76
"Oriole Park at Camden Yards",2024,20694,165,44970,46.02
"Oriole Park at Camden Yards",2021,6826,165,44970,15.18
"Oriole Park at Camden Yards",2024,30008,166,44970,66.73
"Oriole Park at Camden Yards",2022,25623,200,44970,56.98
"Oriole Park at Camden Yards",2023,14343,164,44970,31.89
"Oriole Park at Camden Yards",2024,28420,175,44970,63.2
"Oriole Park at Camden Yards",2024,44040,160,44970,97.93
"Oriole Park at Camden Yards",2023,22555,165,44970,50.16
"Oriole Park at Camden Yards",2024,38411,199,44970,85.41
"Oriole Park at Camden Yards",2022,15456,172,44970,34.37
"Oriole Park at Camden Yards",2022,22546,238,44970,50.14
"Oriole Park at Camden Yards",2021,5337,201,44970,11.87
"Oriole Park at Camden Yards",2024,17970,164,44970,39.96
"Oriole Park at Camden Yards",2021,8732,182,44970,19.42
"Oriole Park at Camden Yards",2024,28364,130,44970,63.07
"Oriole Park at Camden Yards",2024,9404,137,44970,20.91
"Oriole Park at Camden Yards",2022,15685,177,44970,34.88
"Oriole Park at Camden Yards",2024,30494,147,44970,67.81
"Oriole Park at Camden Yards",2024,26479,143,44970,58.88
"Oriole Park at Camden Yards",2023,44326,171,44970,98.57
"Oriole Park at Camden Yards",2021,6581,192,44970,14.63
"Oriole Park at Camden Yards",2022,19883,179,44970,44.21
"Oriole Park at Camden Yards",2022,10201,178,44970,22.68
"Oriole Park at Camden Yards",2022,8074,171,44970,17.95
"Oriole Park at Camden Yards",2024,24122,139,44970,53.64
"Oriole Park at Camden Yards",2024,27666,149,44970,61.52
"Oriole Park at Camden Yards",2024,33700,163,44970,74.94
"Oriole Park at Camden Yards",2022,25451,177,44970,56.6
"Oriole Park at Camden Yards",2023,19132,165,44970,42.54
"Oriole Park at Camden Yards",2022,19117,199,44970,42.51
"Oriole Park at Camden Yards",2022,13905,209,44970,30.92
"Oriole Park at Camden Yards",2022,22833,160,44970,50.77
"Oriole Park at Camden Yards",2022,13592,226,44970,30.22
"Oriole Park at Camden Yards",2022,12671,175,44970,28.18
"Oriole Park at Camden Yards",2021,10274,177,44970,22.85
"Oriole Park at Camden Yards",2022,44461,204,44970,98.87
"Oriole Park at Camden Yards",2022,7427,176,44970,16.52
"Oriole Park at Camden Yards",2023,37297,186,44970,82.94
"Oriole Park at Camden Yards",2021,6916,194,44970,15.38
"Oriole Park at Camden Yards",2023,9322,168,44970,20.73
"Oriole Park at Camden Yards",2024,21949,139,44970,48.81
"Oriole Park at Camden Yards",2021,10767,183,44970,23.94
"Oriole Park at Camden Yards",2022,16714,178,44970,37.17
"Oriole Park at Camden Yards",2021,13495,191,44970,30.01
"Oriole Park at Camden Yards",2024,23439,167,44970,52.12
"Oriole Park at Camden Yards",2022,15197,166,44970,33.79
"Oriole Park at Camden Yards",2022,16417,157,44970,36.51
"Oriole Park at Camden Yards",2023,20148,171,44970,44.8
"Oriole Park at Camden Yards",2022,12635,186,44970,28.1
"Oriole Park at Camden Yards",2022,23778,271,44970,52.88
"Oriole Park at Camden Yards",2022,11307,163,44970,25.14
"Oriole Park at Camden Yards",2023,17723,189,44970,39.41
"Oriole Park at Camden Yards",2024,29519,167,44970,65.64
"Oriole Park at Camden Yards",2023,15485,192,44970,34.43
"Oriole Park at Camden Yards",2021,15690,198,44970,34.89
"Oriole Park at Camden Yards",2022,11814,218,44970,26.27
"Oriole Park at Camden Yards",2022,36361,215,44970,80.86
"Oriole Park at Camden Yards",2023,29550,187,44970,65.71
"Oriole Park at Camden Yards",2023,18076,149,44970,40.2
"Oriole Park at Camden Yards",2022,8652,183,44970,19.24
"Oriole Park at Camden Yards",2022,25938,196,44970,57.68
"Oriole Park at Camden Yards",2023,10017,142,44970,22.27
"Oriole Park at Camden Yards",2024,40887,173,44970,90.92
"Oriole Park at Camden Yards",2021,4981,167,44970,11.08
"Oriole Park at Camden Yards",2021,11973,182,44970,26.62
"Oriole Park at Camden Yards",2021,10211,187,44970,22.71
"Oriole Park at Camden Yards",2022,41086,197,44970,91.36
"Oriole Park at Camden Yards",2021,9307,214,44970,20.7
"Oriole Park at Camden Yards",2024,35302,150,44970,78.5
"Oriole Park at Camden Yards",2022,33136,246,44970,73.68
"Oriole Park at Camden Yards",2021,8474,206,44970,18.84
"Oriole Park at Camden Yards",2023,14395,143,44970,32.01
"Oriole Park at Camden Yards",2024,32205,166,44970,71.61
"Oriole Park at Camden Yards",2021,8353,189,44970,18.57
"Oriole Park at Camden Yards",2023,14057,160,44970,31.26
"Oriole Park at Camden Yards",2024,39647,200,44970,88.16
"Oriole Park at Camden Yards",2021,10598,205,44970,23.57
"Oriole Park at Camden Yards",2023,11709,164,44970,26.04
"Oriole Park at Camden Yards",2022,9582,178,44970,21.31
"Oriole Park at Camden Yards",2024,31448,163,44970,69.93
"Oriole Park at Camden Yards",2021,8171,226,44970,18.17
"Oriole Park at Camden Yards",2023,18772,145,44970,41.74
"Oriole Park at Camden Yards",2024,15860,156,44970,35.27
"Oriole Park at Camden Yards",2022,19521,168,44970,43.41
"Oriole Park at Camden Yards",2024,24327,180,44970,54.1
"Oriole Park at Camden Yards",2023,12669,155,44970,28.17
"Oriole Park at Camden Yards",2023,28593,175,44970,63.58
"Oriole Park at Camden Yards",2024,18108,154,44970,40.27
"Oriole Park at Camden Yards",2021,5945,174,44970,13.22
"Oriole Park at Camden Yards",2022,32286,179,44970,71.79
"Oriole Park at Camden Yards",2024,39031,201,44970,86.79
"Oriole Park at Camden Yards",2023,16234,176,44970,36.1
"Oriole Park at Camden Yards",2021,10645,174,44970,23.67
"Oriole Park at Camden Yards",2023,45017,184,44970,100.1
"Oriole Park at Camden Yards",2021,8107,176,44970,18.03
"Oriole Park at Camden Yards",2021,5087,164,44970,11.31
"Oriole Park at Camden Yards",2024,30373,159,44970,67.54
"Oriole Park at Camden Yards",2022,16784,174,44970,37.32
"Oriole Park at Camden Yards",2022,11080,182,44970,24.64
"Oriole Park at Camden Yards",2023,10181,170,44970,22.64
"Oriole Park at Camden Yards",2023,30561,167,44970,67.96
"Oriole Park at Camden Yards",2021,9969,208,44970,22.17
"Oriole Park at Camden Yards",2021,30898,161,44970,68.71
"Oriole Park at Camden Yards",2022,15127,262,44970,33.64
"Oriole Park at Camden Yards",2021,13583,149,44970,30.2
"Oriole Park at Camden Yards",2023,23377,153,44970,51.98
"Oriole Park at Camden Yards",2022,27814,210,44970,61.85
"Oriole Park at Camden Yards",2023,14903,185,44970,33.14
"Oriole Park at Camden Yards",2024,22212,164,44970,49.39
"Oriole Park at Camden Yards",2023,19143,141,44970,42.57
"Oriole Park at Camden Yards",2023,25249,139,44970,56.15
"Oriole Park at Camden Yards",2021,11180,175,44970,24.86
"Oriole Park at Camden Yards",2021,11010,173,44970,24.48
"Oriole Park at Camden Yards",2024,34256,172,44970,76.18
"Oriole Park at Camden Yards",2021,13012,160,44970,28.93
"Oriole Park at Camden Yards",2024,43692,172,44970,97.16
"Oriole Park at Camden Yards",2022,9606,191,44970,21.36
"Oriole Park at Camden Yards",2024,17843,174,44970,39.68
"Oriole Park at Camden Yards",2021,7935,213,44970,17.65
"Oriole Park at Camden Yards",2024,44018,155,44970,97.88
"Oriole Park at Camden Yards",2023,32884,194,44970,73.12
"Oriole Park at Camden Yards",2023,40012,140,44970,88.97
"Oriole Park at Camden Yards",2024,20309,159,44970,45.16
"Oriole Park at Camden Yards",2021,15774,181,44970,35.08
"Oriole Park at Camden Yards",2022,10642,136,44970,23.66
"Oriole Park at Camden Yards",2023,22775,198,44970,50.64
"Oriole Park at Camden Yards",2022,25613,162,44970,56.96
"Oriole Park at Camden Yards",2024,17965,139,44970,39.95
"Oriole Park at Camden Yards",2021,14917,185,44970,33.17
"Oriole Park at Camden Yards",2024,15108,164,44970,33.6
"Oriole Park at Camden Yards",2024,23856,156,44970,53.05
"Oriole Park at Camden Yards",2022,6678,180,44970,14.85
"Oriole Park at Camden Yards",2024,44286,173,44970,98.48
"Oriole Park at Camden Yards",2022,23819,241,44970,52.97
"Oriole Park at Camden Yards",2023,25682,167,44970,57.11
"Oriole Park at Camden Yards",2024,39566,182,44970,87.98
"Oriole Park at Camden Yards",2021,8510,175,44970,18.92
"Oriole Park at Camden Yards",2024,43987,179,44970,97.81
"Oriole Park at Camden Yards",2023,11811,149,44970,26.26
"Oriole Park at Camden Yards",2023,25479,198,44970,56.66
"Oriole Park at Camden Yards",2021,7724,205,44970,17.18
"Oriole Park at Camden Yards",2023,21152,234,44970,47.04
"Oriole Park at Camden Yards",2022,32197,255,44970,71.6
"Oriole Park at Camden Yards",2022,17573,173,44970,39.08
"Oriole Park at Camden Yards",2021,7574,173,44970,16.84
"Oriole Park at Camden Yards",2021,10721,190,44970,23.84
"Oriole Park at Camden Yards",2024,11488,155,44970,25.55
"Oriole Park at Camden Yards",2024,23184,150,44970,51.55
"Oriole Park at Camden Yards",2021,4965,212,44970,11.04
"Oriole Park at Camden Yards",2023,11665,178,44970,25.94
"Oriole Park at Camden Yards",2021,15867,202,44970,35.28
"Oriole Park at Camden Yards",2022,19927,189,44970,44.31
"Oriole Park at Camden Yards",2024,22685,133,44970,50.44
"Oriole Park at Camden Yards",2023,42829,189,44970,95.24
"Oriole Park at Camden Yards",2022,7466,163,44970,16.6
"Oriole Park at Camden Yards",2024,14611,154,44970,32.49
"Oriole Park at Camden Yards",2023,24761,166,44970,55.06
"Oriole Park at Camden Yards",2024,24358,162,44970,54.16
"Oriole Park at Camden Yards",2024,34541,216,44970,76.81
"Oriole Park at Camden Yards",2021,8382,180,44970,18.64
"Oriole Park at Camden Yards",2021,10402,198,44970,23.13
"Oriole Park at Camden Yards",2023,36640,164,44970,81.48
"Oriole Park at Camden Yards",2023,36403,157,44970,80.95
"Oriole Park at Camden Yards",2022,13088,180,44970,29.1
"Oriole Park at Camden Yards",2023,16299,160,44970,36.24
"Oriole Park at Camden Yards",2021,7738,210,44970,17.21
"Oriole Park at Camden Yards",2023,36975,164,44970,82.22
"Oriole Park at Camden Yards",2023,29221,148,44970,64.98
"Oriole Park at Camden Yards",2021,5429,222,44970,12.07
"Oriole Park at Camden Yards",2024,28058,157,44970,62.39
"Oriole Park at Camden Yards",2022,18670,213,44970,41.52
"Oriole Park at Camden Yards",2022,16030,177,44970,35.65
"Oriole Park at Camden Yards",2022,7371,226,44970,16.39
"Oriole Park at Camden Yards",2021,8990,181,44970,19.99
"Oriole Park at Camden Yards",2023,16018,190,44970,35.62
"Oriole Park at Camden Yards",2021,11320,227,44970,25.17
"Oriole Park at Camden Yards",2024,38921,163,44970,86.55
"Oriole Park at Camden Yards",2023,43359,155,44970,96.42
"Oriole Park at Camden Yards",2022,9438,173,44970,20.99
"Oriole Park at Camden Yards",2022,11509,173,44970,25.59
"Oriole Park at Camden Yards",2022,17183,153,44970,38.21
"Oriole Park at Camden Yards",2021,7414,220,44970,16.49
"Oriole Park at Camden Yards",2024,35085,163,44970,78.02
"Oriole Park at Camden Yards",2023,14442,161,44970,32.11
"Oriole Park at Camden Yards",2021,17022,167,44970,37.85
"Oriole Park at Camden Yards",2024,24180,149,44970,53.77
"Oriole Park at Camden Yards",2024,18857,146,44970,41.93
"Oriole Park at Camden Yards",2024,40951,151,44970,91.06
"Oriole Park at Camden Yards",2023,38432,134,44970,85.46
"Oriole Park at Camden Yards",2023,42535,171,44970,94.59
"Oriole Park at Camden Yards",2024,23967,169,44970,53.3
"Oriole Park at Camden Yards",2022,12704,184,44970,28.25
"Oriole Park at Camden Yards",2022,8411,233,44970,18.7
"Oriole Park at Camden Yards",2023,34136,171,44970,75.91
"Oriole Park at Camden Yards",2023,15702,150,44970,34.92
"Oriole Park at Camden Yards",2024,29479,148,44970,65.55
"Oriole Park at Camden Yards",2022,26050,205,44970,57.93
"Oriole Park at Camden Yards",2023,34558,155,44970,76.85
"Oriole Park at Camden Yards",2021,11070,193,44970,24.62
"Oriole Park at Camden Yards",2022,12228,179,44970,27.19
"Oriole Park at Camden Yards",2021,7616,199,44970,16.94
"Oriole Park at Camden Yards",2024,27882,191,44970,62
"Oriole Park at Camden Yards",2022,13558,166,44970,30.15
"Oriole Park at Camden Yards",2023,30761,164,44970,68.4
"Oriole Park at Camden Yards",2023,20612,186,44970,45.84
"Oriole Park at Camden Yards",2021,13284,190,44970,29.54
"Oriole Park at Camden Yards",2021,8098,157,44970,18.01
"Oriole Park at Camden Yards",2023,30773,144,44970,68.43
"Oriole Park at Camden Yards",2024,21654,162,44970,48.15
"Oriole Park at Camden Yards",2021,7155,145,44970,15.91
"Oriole Park at Camden Yards",2023,11304,191,44970,25.14
"Oriole Park at Camden Yards",2024,29578,185,44970,65.77
"Oriole Park at Camden Yards",2023,24835,152,44970,55.23
"Oriole Park at Camden Yards",2023,21926,124,44970,48.76
"Oriole Park at Camden Yards",2024,25445,147,44970,56.58
"Oriole Park at Camden Yards",2021,7457,203,44970,16.58
"Oriole Park at Camden Yards",2023,25124,150,44970,55.87
"Oriole Park at Camden Yards",2021,26391,204,44970,58.69
"Oriole Park at Camden Yards",2021,10219,148,44970,22.72
"Oriole Park at Camden Yards",2021,8781,230,44970,19.53
"Oriole Park at Camden Yards",2021,9584,163,44970,21.31
"Oriole Park at Camden Yards",2021,4147,158,44970,9.22
"Oriole Park at Camden Yards",2021,7124,193,44970,15.84
"Oriole Park at Camden Yards",2022,7648,161,44970,17.01
"Oriole Park at Camden Yards",2023,22248,157,44970,49.47
"Oriole Park at Camden Yards",2021,11110,170,44970,24.71
"Oriole Park at Camden Yards",2024,18574,167,44970,41.3
"Oriole Park at Camden Yards",2024,39578,168,44970,88.01
"Oriole Park at Camden Yards",2022,13140,169,44970,29.22
"Oriole Park at Camden Yards",2021,7388,183,44970,16.43
"Oriole Park at Camden Yards",2024,22965,180,44970,51.07
"Oriole Park at Camden Yards",2022,19454,183,44970,43.26
"Oriole Park at Camden Yards",2024,44555,143,44970,99.08
"Oriole Park at Camden Yards",2024,25528,171,44970,56.77
"Oriole Park at Camden Yards",2024,45029,163,44970,100.13
"Oriole Park at Camden Yards",2023,34792,170,44970,77.37
"Oriole Park at Camden Yards",2023,28872,140,44970,64.2
"Oriole Park at Camden Yards",2021,10809,175,44970,24.04
"Oriole Park at Camden Yards",2023,27778,185,44970,61.77
"Oriole Park at Camden Yards",2023,13244,155,44970,29.45
"Oriole Park at Camden Yards",2023,20293,156,44970,45.13
"Oriole Park at Camden Yards",2023,12194,135,44970,27.12
"Oriole Park at Camden Yards",2023,12325,163,44970,27.41
"Oriole Park at Camden Yards",2021,8363,212,44970,18.6
"Oriole Park at Camden Yards",2024,23181,168,44970,51.55
"Oriole Park at Camden Yards",2023,27100,156,44970,60.26
"Oriole Park at Camden Yards",2022,12630,152,44970,28.09
"Oriole Park at Camden Yards",2023,13077,177,44970,29.08
"Oriole Park at Camden Yards",2022,28179,206,44970,62.66
"Oriole Park at Camden Yards",2022,15426,231,44970,34.3
"Oriole Park at Camden Yards",2021,6328,166,44970,14.07
"Oriole Park at Camden Yards",2021,12077,210,44970,26.86
"Oriole Park at Camden Yards",2021,20164,244,44970,44.84
"Oriole Park at Camden Yards",2024,33629,146,44970,74.78
"Oriole Park at Camden Yards",2024,12666,155,44970,28.17
"Oriole Park at Camden Yards",2022,16451,209,44970,36.58
"Oriole Park at Camden Yards",2023,27543,150,44970,61.25
"Oriole Park at Camden Yards",2021,11600,227,44970,25.79
"Oriole Park at Camden Yards",2021,18545,182,44970,41.24
"Oriole Park at Camden Yards",2021,7338,153,44970,16.32
"Oriole Park at Camden Yards",2021,10013,166,44970,22.27
"Oriole Park at Camden Yards",2022,34939,184,44970,77.69
"Oriole Park at Camden Yards",2022,28468,227,44970,63.3
"Oriole Park at Camden Yards",2023,23255,156,44970,51.71
"Oriole Park at Camden Yards",2024,32463,164,44970,72.19
"Oriole Park at Camden Yards",2024,27703,154,44970,61.6
"Oriole Park at Camden Yards",2022,23004,175,44970,51.15
"Oriole Park at Camden Yards",2022,17248,184,44970,38.35
"Oriole Park at Camden Yards",2024,20576,139,44970,45.75
"Oriole Park at Camden Yards",2023,43150,174,44970,95.95
"Oriole Park at Camden Yards",2024,38882,151,44970,86.46
"Oriole Park at Camden Yards",2022,8817,240,44970,19.61
"Oriole Park at Camden Yards",2023,15526,165,44970,34.53
"Oriole Park at Camden Yards",2021,6662,173,44970,14.81
"Oriole Park at Camden Yards",2022,12565,204,44970,27.94
"Oriole Park at Camden Yards",2021,5060,121,44970,11.25
"Oriole Park at Camden Yards",2024,22272,179,44970,49.53
"Oriole Park at Camden Yards",2021,10235,208,44970,22.76
"Oriole Park at Camden Yards",2021,10150,188,44970,22.57
"Oriole Park at Camden Yards",2023,28192,144,44970,62.69
"Oriole Park at Camden Yards",2021,11751,214,44970,26.13
"Oriole Park at Camden Yards",2021,12009,170,44970,26.7
"Oriole Park at Camden Yards",2021,9431,194,44970,20.97
"Oriole Park at Camden Yards",2024,27299,159,44970,60.7
"Oriole Park at Camden Yards",2021,6367,161,44970,14.16
"Oriole Park at Camden Yards",2022,24449,242,44970,54.37
"Oriole Park at Camden Yards",2024,19286,165,44970,42.89
"Oriole Park at Camden Yards",2023,37429,184,44970,83.23
"Oriole Park at Camden Yards",2024,27364,175,44970,60.85
"Oriole Park at Camden Yards",2023,24278,148,44970,53.99
"Oriole Park at Camden Yards",2022,11488,187,44970,25.55
"Oriole Park at Camden Yards",2022,14815,178,44970,32.94
"Oriole Park at Camden Yards",2024,36958,167,44970,82.18
"Oriole Park at Camden Yards",2022,12954,216,44970,28.81
"Oriole Park at Camden Yards",2022,9314,147,44970,20.71
"Petco Park",2023,45103,176,39860,113.15
"Petco Park",2023,40945,149,39860,102.72
"Petco Park",2023,41864,189,39860,105.03
"Petco Park",2024,34499,163,39860,86.55
"Petco Park",2021,10350,215,39860,25.97
"Petco Park",2021,15250,220,39860,38.26
"Petco Park",2023,40395,158,39860,101.34
"Petco Park",2022,38643,175,39860,96.95
"Petco Park",2024,44845,155,39860,112.51
"Petco Park",2023,29581,133,39860,74.21
"Petco Park",2023,41530,145,39860,104.19
"Petco Park",2024,33864,176,39860,84.96
"Petco Park",2023,43448,168,39860,109
"Petco Park",2022,33389,183,39860,83.77
"Petco Park",2023,44455,166,39860,111.53
"Petco Park",2021,16207,171,39860,40.66
"Petco Park",2023,35604,175,39860,89.32
"Petco Park",2023,34542,175,39860,86.66
"Petco Park",2022,41754,161,39860,104.75
"Petco Park",2023,32192,153,39860,80.76
"Petco Park",2022,31528,235,39860,79.1
"Petco Park",2022,41407,186,39860,103.88
"Petco Park",2022,30409,182,39860,76.29
"Petco Park",2022,37467,179,39860,94
"Petco Park",2021,15250,214,39860,38.26
"Petco Park",2022,25359,176,39860,63.62
"Petco Park",2022,31024,213,39860,77.83
"Petco Park",2021,10350,199,39860,25.97
"Petco Park",2021,15250,179,39860,38.26
"Petco Park",2022,38626,212,39860,96.9
"Petco Park",2023,42943,188,39860,107.73
"Petco Park",2021,38548,200,39860,96.71
"Petco Park",2021,15250,170,39860,38.26
"Petco Park",2022,43639,187,39860,109.48
"Petco Park",2021,15250,190,39860,38.26
"Petco Park",2023,42693,152,39860,107.11
"Petco Park",2022,41714,171,39860,104.65
"Petco Park",2021,16482,178,39860,41.35
"Petco Park",2021,10350,178,39860,25.97
"Petco Park",2022,38114,187,39860,95.62
"Petco Park",2024,44890,177,39860,112.62
"Petco Park",2024,35171,171,39860,88.24
"Petco Park",2022,38890,185,39860,97.57
"Petco Park",2021,15250,201,39860,38.26
"Petco Park",2021,15250,176,39860,38.26
"Petco Park",2023,42655,152,39860,107.01
"Petco Park",2023,44404,180,39860,111.4
"Petco Park",2024,42595,153,39860,106.86
"Petco Park",2024,41945,160,39860,105.23
"Petco Park",2023,41074,187,39860,103.05
"Petco Park",2021,16120,197,39860,40.44
"Petco Park",2021,15250,297,39860,38.26
"Petco Park",2024,36769,161,39860,92.25
"Petco Park",2022,38712,186,39860,97.12
"Petco Park",2021,16644,205,39860,41.76
"Petco Park",2024,44957,138,39860,112.79
"Petco Park",2021,38004,180,39860,95.34
"Petco Park",2023,39719,211,39860,99.65
"Petco Park",2022,39538,176,39860,99.19
"Petco Park",2022,41993,202,39860,105.35
"Petco Park",2024,35688,163,39860,89.53
"Petco Park",2022,31380,193,39860,78.73
"Petco Park",2024,41032,121,39860,102.94
"Petco Park",2022,36428,200,39860,91.39
"Petco Park",2021,40557,215,39860,101.75
"Petco Park",2022,39474,226,39860,99.03
"Petco Park",2021,32583,211,39860,81.74
"Petco Park",2021,29977,205,39860,75.21
"Petco Park",2022,31687,192,39860,79.5
"Petco Park",2022,35207,184,39860,88.33
"Petco Park",2024,39658,160,39860,99.49
"Petco Park",2021,10350,201,39860,25.97
"Petco Park",2022,44482,205,39860,111.6
"Petco Park",2022,23828,215,39860,59.78
"Petco Park",2024,40220,135,39860,100.9
"Petco Park",2021,40162,188,39860,100.76
"Petco Park",2023,41983,147,39860,105.33
"Petco Park",2021,15250,169,39860,38.26
"Petco Park",2021,35351,208,39860,88.69
"Petco Park",2022,40686,195,39860,102.07
"Petco Park",2022,42384,182,39860,106.33
"Petco Park",2024,43097,152,39860,108.12
"Petco Park",2024,43505,151,39860,109.14
"Petco Park",2024,42636,169,39860,106.96
"Petco Park",2023,42525,223,39860,106.69
"Petco Park",2024,42037,156,39860,105.46
"Petco Park",2022,41652,181,39860,104.5
"Petco Park",2024,43273,156,39860,108.56
"Petco Park",2024,40134,159,39860,100.69
"Petco Park",2023,42062,193,39860,105.52
"Petco Park",2022,34858,223,39860,87.45
"Petco Park",2023,40215,171,39860,100.89
"Petco Park",2022,29344,206,39860,73.62
"Petco Park",2023,43660,156,39860,109.53
"Petco Park",2022,31034,170,39860,77.86
"Petco Park",2022,32127,249,39860,80.6
"Petco Park",2024,40221,143,39860,100.91
"Petco Park",2023,42677,155,39860,107.07
"Petco Park",2023,37491,161,39860,94.06
"Petco Park",2024,41282,191,39860,103.57
"Petco Park",2024,44029,119,39860,110.46
"Petco Park",2024,44390,132,39860,111.36
"Petco Park",2021,36439,225,39860,91.42
"Petco Park",2021,15250,186,39860,38.26
"Petco Park",2021,35338,201,39860,88.66
"Petco Park",2022,32523,224,39860,81.59
"Petco Park",2021,33456,213,39860,83.93
"Petco Park",2024,38822,172,39860,97.4
"Petco Park",2024,45360,158,39860,113.8
"Petco Park",2024,42949,150,39860,107.75
"Petco Park",2022,30366,221,39860,76.18
"Petco Park",2022,43286,227,39860,108.6
"Petco Park",2023,42284,192,39860,106.08
"Petco Park",2022,37937,187,39860,95.18
"Petco Park",2021,38686,197,39860,97.05
"Petco Park",2024,41673,177,39860,104.55
"Petco Park",2024,33951,146,39860,85.18
"Petco Park",2021,41676,203,39860,104.56
"Petco Park",2021,30989,163,39860,77.74
"Petco Park",2022,38166,200,39860,95.75
"Petco Park",2022,37694,174,39860,94.57
"Petco Park",2024,37104,184,39860,93.09
"Petco Park",2023,43994,192,39860,110.37
"Petco Park",2022,44444,207,39860,111.5
"Petco Park",2023,43364,165,39860,108.79
"Petco Park",2021,43383,223,39860,108.84
"Petco Park",2023,43296,171,39860,108.62
"Petco Park",2021,15250,172,39860,38.26
"Petco Park",2021,34038,189,39860,85.39
"Petco Park",2024,42644,181,39860,106.98
"Petco Park",2021,15250,175,39860,38.26
"Petco Park",2023,41394,142,39860,103.85
"Petco Park",2021,15250,211,39860,38.26
"Petco Park",2021,31884,173,39860,79.99
"Petco Park",2024,40341,179,39860,101.21
"Petco Park",2024,44527,151,39860,111.71
"Petco Park",2021,15250,212,39860,38.26
"Petco Park",2022,41595,179,39860,104.35
"Petco Park",2022,31313,161,39860,78.56
"Petco Park",2024,42996,169,39860,107.87
"Petco Park",2024,43018,129,39860,107.92
"Petco Park",2023,39809,163,39860,99.87
"Petco Park",2022,37490,203,39860,94.05
"Petco Park",2024,43318,145,39860,108.68
"Petco Park",2023,43180,144,39860,108.33
"Petco Park",2023,43629,149,39860,109.46
"Petco Park",2021,40927,218,39860,102.68
"Petco Park",2023,44241,158,39860,110.99
"Petco Park",2021,15250,161,39860,38.26
"Petco Park",2024,41979,181,39860,105.32
"Petco Park",2022,27831,185,39860,69.82
"Petco Park",2022,30759,190,39860,77.17
"Petco Park",2023,37602,149,39860,94.34
"Petco Park",2021,43383,181,39860,108.84
"Petco Park",2022,37336,165,39860,93.67
"Petco Park",2023,40197,138,39860,100.85
"Petco Park",2022,32064,187,39860,80.44
"Petco Park",2022,39834,194,39860,99.93
"Petco Park",2022,31796,168,39860,79.77
"Petco Park",2024,39143,146,39860,98.2
"Petco Park",2022,36948,183,39860,92.69
"Petco Park",2022,44930,182,39860,112.72
"Petco Park",2022,41302,184,39860,103.62
"Petco Park",2021,10350,206,39860,25.97
"Petco Park",2021,26841,186,39860,67.34
"Petco Park",2022,31121,170,39860,78.08
"Petco Park",2022,31415,183,39860,78.81
"Petco Park",2022,38189,223,39860,95.81
"Petco Park",2022,29745,196,39860,74.62
"Petco Park",2024,44393,155,39860,111.37
"Petco Park",2022,34709,174,39860,87.08
"Petco Park",2024,45197,144,39860,113.39
"Petco Park",2021,26353,212,39860,66.11
"Petco Park",2024,43076,143,39860,108.07
"Petco Park",2023,42745,162,39860,107.24
"Petco Park",2023,42318,150,39860,106.17
"Petco Park",2021,10350,173,39860,25.97
"Petco Park",2023,42567,176,39860,106.79
"Petco Park",2021,41765,349,39860,104.78
"Petco Park",2024,45790,173,39860,114.88
"Petco Park",2024,39611,158,39860,99.38
"Petco Park",2024,38835,167,39860,97.43
"Petco Park",2021,38765,204,39860,97.25
"Petco Park",2021,34537,211,39860,86.65
"Petco Park",2021,39134,198,39860,98.18
"Petco Park",2022,32834,212,39860,82.37
"Petco Park",2022,31504,234,39860,79.04
"Petco Park",2021,15250,220,39860,38.26
"Petco Park",2023,38020,141,39860,95.38
"Petco Park",2024,32993,150,39860,82.77
"Petco Park",2021,29753,187,39860,74.64
"Petco Park",2023,35479,146,39860,89.01
"Petco Park",2023,42367,166,39860,106.29
"Petco Park",2024,41669,203,39860,104.54
"Petco Park",2023,41503,189,39860,104.12
"Petco Park",2021,42667,189,39860,107.04
"Petco Park",2024,37566,165,39860,94.24
"Petco Park",2023,43430,151,39860,108.96
"Petco Park",2022,44844,187,39860,112.5
"Petco Park",2021,15250,195,39860,38.26
"Petco Park",2024,39770,145,39860,99.77
"Petco Park",2023,43306,175,39860,108.65
"Petco Park",2024,42132,155,39860,105.7
"Petco Park",2022,42656,202,39860,107.01
"Petco Park",2022,41898,176,39860,105.11
"Petco Park",2022,42861,196,39860,107.53
"Petco Park",2024,36589,175,39860,91.79
"Petco Park",2023,32416,185,39860,81.32
"Petco Park",2022,35636,197,39860,89.4
"Petco Park",2022,37713,171,39860,94.61
"Petco Park",2023,44725,182,39860,112.21
"Petco Park",2021,37033,217,39860,92.91
"Petco Park",2024,43388,132,39860,108.85
"Petco Park",2021,15250,175,39860,38.26
"Petco Park",2022,40992,178,39860,102.84
"Petco Park",2023,43972,123,39860,110.32
"Petco Park",2022,36924,177,39860,92.63
"Petco Park",2023,31846,142,39860,79.89
"Petco Park",2022,39574,214,39860,99.28
"Petco Park",2021,15250,192,39860,38.26
"Petco Park",2023,43419,173,39860,108.93
"Petco Park",2021,16268,187,39860,40.81
"Petco Park",2024,42048,152,39860,105.49
"Petco Park",2023,42505,158,39860,106.64
"Petco Park",2023,36639,171,39860,91.92
"Petco Park",2022,41820,199,39860,104.92
"Petco Park",2023,42402,157,39860,106.38
"Petco Park",2021,39026,247,39860,97.91
"Petco Park",2024,34458,164,39860,86.45
"Petco Park",2021,34405,173,39860,86.31
"Petco Park",2024,41828,164,39860,104.94
"Petco Park",2022,42529,198,39860,106.7
"Petco Park",2022,30040,200,39860,75.36
"Petco Park",2024,44443,164,39860,111.5
"Petco Park",2023,42663,160,39860,107.03
"Petco Park",2021,42351,186,39860,106.25
"Petco Park",2024,45427,145,39860,113.97
"Petco Park",2024,40556,154,39860,101.75
"Petco Park",2022,37040,150,39860,92.93
"Petco Park",2024,39963,171,39860,100.26
"Petco Park",2024,37397,148,39860,93.82
"Petco Park",2021,15250,215,39860,38.26
"Petco Park",2021,15250,192,39860,38.26
"Petco Park",2022,43171,167,39860,108.31
"Petco Park",2024,39164,179,39860,98.25
"Petco Park",2023,45116,157,39860,113.19
"Petco Park",2023,33640,143,39860,84.4
"Petco Park",2022,37585,199,39860,94.29
"Petco Park",2023,35490,166,39860,89.04
"Petco Park",2024,45393,145,39860,113.88
"Petco Park",2023,34220,202,39860,85.85
"Petco Park",2023,43822,162,39860,109.94
"Petco Park",2024,44761,213,39860,112.3
"Petco Park",2023,45101,195,39860,113.15
"Petco Park",2023,42510,149,39860,106.65
"Petco Park",2024,39048,150,39860,97.96
"Petco Park",2021,38189,236,39860,95.81
"Petco Park",2021,32060,204,39860,80.43
"Petco Park",2024,40763,162,39860,102.27
"Petco Park",2024,43881,155,39860,110.09
"Petco Park",2021,16045,222,39860,40.25
"Petco Park",2024,42883,126,39860,107.58
"Petco Park",2021,29434,220,39860,73.84
"Petco Park",2022,44395,170,39860,111.38
"Petco Park",2021,33168,224,39860,83.21
"Petco Park",2023,42930,194,39860,107.7
"Petco Park",2023,43875,142,39860,110.07
"Petco Park",2024,43123,155,39860,108.19
"Petco Park",2023,41050,154,39860,102.99
"Petco Park",2021,31049,250,39860,77.9
"Petco Park",2024,45731,176,39860,114.73
"Petco Park",2022,44652,184,39860,112.02
"Petco Park",2021,35007,178,39860,87.82
"Petco Park",2022,31047,188,39860,77.89
"Petco Park",2022,40355,158,39860,101.24
"Petco Park",2023,42647,148,39860,106.99
"Petco Park",2021,42220,218,39860,105.92
"Petco Park",2024,38745,154,39860,97.2
"Petco Park",2021,36247,182,39860,90.94
"Petco Park",2021,15250,248,39860,38.26
"Petco Park",2023,43593,164,39860,109.37
"Petco Park",2022,29983,171,39860,75.22
"Petco Park",2024,41870,166,39860,105.04
"Petco Park",2024,40825,166,39860,102.42
"Petco Park",2023,43401,152,39860,108.88
"Petco Park",2021,10350,233,39860,25.97
"Petco Park",2022,37913,201,39860,95.12
"Petco Park",2022,35430,156,39860,88.89
"Petco Park",2021,43691,210,39860,109.61
"Petco Park",2024,41112,161,39860,103.14
"Petco Park",2024,44953,154,39860,112.78
"Petco Park",2024,39158,148,39860,98.24
"Petco Park",2021,34905,207,39860,87.57
"Petco Park",2023,34317,180,39860,86.09
"Petco Park",2023,43127,167,39860,108.2
"Petco Park",2023,42983,161,39860,107.83
"Petco Park",2023,42970,134,39860,107.8
"Petco Park",2022,41620,199,39860,104.42
"Petco Park",2024,32227,168,39860,80.85
"Petco Park",2021,41294,228,39860,103.6
"Petco Park",2023,40326,170,39860,101.17
"Petco Park",2023,42825,158,39860,107.44
"Petco Park",2023,44811,150,39860,112.42
"Petco Park",2023,30531,175,39860,76.6
"Petco Park",2023,43828,156,39860,109.95
"Petco Park",2022,32884,164,39860,82.5
"Petco Park",2021,34953,180,39860,87.69
"Petco Park",2021,38235,193,39860,95.92
"Petco Park",2024,44553,195,39860,111.77
"Petco Park",2023,38176,136,39860,95.78
"Petco Park",2023,36060,150,39860,90.47
"Petco Park",2021,33265,148,39860,83.45
"Petco Park",2021,44144,193,39860,110.75
"Petco Park",2021,40362,187,39860,101.26
"Petco Park",2023,43177,147,39860,108.32
"Petco Park",2023,42712,207,39860,107.16
"Petco Park",2024,42284,145,39860,106.08
"PNC Park",2022,15046,202,38747,38.83
"PNC Park",2024,24168,141,38747,62.37
"PNC Park",2024,16635,144,38747,42.93
"PNC Park",2023,22947,134,38747,59.22
"PNC Park",2024,31459,134,38747,81.19
"PNC Park",2023,10045,144,38747,25.92
"PNC Park",2023,34515,180,38747,89.08
"PNC Park",2022,9266,217,38747,23.91
"PNC Park",2023,21622,135,38747,55.8
"PNC Park",2024,15439,169,38747,39.85
"PNC Park",2021,10056,171,38747,25.95
"PNC Park",2022,22042,194,38747,56.89
"PNC Park",2023,23083,176,38747,59.57
"PNC Park",2022,8350,182,38747,21.55
"PNC Park",2023,14051,129,38747,36.26
"PNC Park",2024,9506,115,38747,24.53
"PNC Park",2023,14627,171,38747,37.75
"PNC Park",2023,12152,168,38747,31.36
"PNC Park",2021,7917,216,38747,20.43
"PNC Park",2021,9236,224,38747,23.84
"PNC Park",2024,18653,163,38747,48.14
"PNC Park",2021,4023,195,38747,10.38
"PNC Park",2024,11936,193,38747,30.8
"PNC Park",2022,16444,195,38747,42.44
"PNC Park",2022,9166,184,38747,23.66
"PNC Park",2023,35290,151,38747,91.08
"PNC Park",2022,15188,187,38747,39.2
"PNC Park",2022,14903,182,38747,38.46
"PNC Park",2022,20409,214,38747,52.67
"PNC Park",2022,12060,188,38747,31.12
"PNC Park",2024,35822,158,38747,92.45
"PNC Park",2022,23905,158,38747,61.7
"PNC Park",2021,7749,195,38747,20
"PNC Park",2021,10094,248,38747,26.05
"PNC Park",2024,32422,143,38747,83.68
"PNC Park",2021,6743,200,38747,17.4
"PNC Park",2023,20080,160,38747,51.82
"PNC Park",2022,8676,205,38747,22.39
"PNC Park",2022,9122,169,38747,23.54
"PNC Park",2024,38291,161,38747,98.82
"PNC Park",2023,9596,115,38747,24.77
"PNC Park",2023,9324,162,38747,24.06
"PNC Park",2022,13367,135,38747,34.5
"PNC Park",2022,17578,188,38747,45.37
"PNC Park",2022,14134,180,38747,36.48
"PNC Park",2022,15231,163,38747,39.31
"PNC Park",2022,10214,170,38747,26.36
"PNC Park",2021,4226,235,38747,10.91
"PNC Park",2021,9047,175,38747,23.35
"PNC Park",2024,20652,131,38747,53.3
"PNC Park",2024,34924,176,38747,90.13
"PNC Park",2023,17639,195,38747,45.52
"PNC Park",2024,33040,127,38747,85.27
"PNC Park",2023,21642,187,38747,55.85
"PNC Park",2023,13691,166,38747,35.33
"PNC Park",2022,19075,166,38747,49.23
"PNC Park",2024,24463,204,38747,63.14
"PNC Park",2021,10844,200,38747,27.99
"PNC Park",2023,10560,165,38747,27.25
"PNC Park",2022,19322,187,38747,49.87
"PNC Park",2022,8766,185,38747,22.62
"PNC Park",2022,20991,157,38747,54.17
"PNC Park",2022,26505,176,38747,68.41
"PNC Park",2022,11312,197,38747,29.19
"PNC Park",2022,11583,182,38747,29.89
"PNC Park",2024,15965,131,38747,41.2
"PNC Park",2023,25903,179,38747,66.85
"PNC Park",2021,22910,222,38747,59.13
"PNC Park",2021,10957,212,38747,28.28
"PNC Park",2023,19154,160,38747,49.43
"PNC Park",2022,20701,191,38747,53.43
"PNC Park",2023,15583,178,38747,40.22
"PNC Park",2023,20666,153,38747,53.34
"PNC Park",2024,24903,166,38747,64.27
"PNC Park",2023,16387,180,38747,42.29
"PNC Park",2023,24810,145,38747,64.03
"PNC Park",2022,17273,146,38747,44.58
"PNC Park",2024,16454,157,38747,42.47
"PNC Park",2022,11254,164,38747,29.04
"PNC Park",2023,24388,183,38747,62.94
"PNC Park",2022,14083,187,38747,36.35
"PNC Park",2022,18057,204,38747,46.6
"PNC Park",2022,13076,194,38747,33.75
"PNC Park",2024,10058,140,38747,25.96
"PNC Park",2022,8717,156,38747,22.5
"PNC Park",2023,29429,162,38747,75.95
"PNC Park",2022,9755,199,38747,25.18
"PNC Park",2021,24081,154,38747,62.15
"PNC Park",2021,7833,216,38747,20.22
"PNC Park",2022,38781,174,38747,100.09
"PNC Park",2023,29161,152,38747,75.26
"PNC Park",2023,21162,184,38747,54.62
"PNC Park",2021,7343,161,38747,18.95
"PNC Park",2021,15421,172,38747,39.8
"PNC Park",2023,14370,163,38747,37.09
"PNC Park",2022,11231,160,38747,28.99
"PNC Park",2024,17701,154,38747,45.68
"PNC Park",2021,32071,179,38747,82.77
"PNC Park",2024,23326,168,38747,60.2
"PNC Park",2021,6750,179,38747,17.42
"PNC Park",2024,19951,144,38747,51.49
"PNC Park",2022,11723,177,38747,30.26
"PNC Park",2022,10398,160,38747,26.84
"PNC Park",2023,33813,164,38747,87.27
"PNC Park",2023,22954,137,38747,59.24
"PNC Park",2024,36009,163,38747,92.93
"PNC Park",2021,17875,224,38747,46.13
"PNC Park",2023,16550,166,38747,42.71
"PNC Park",2021,16965,187,38747,43.78
"PNC Park",2024,29700,152,38747,76.65
"PNC Park",2022,13485,202,38747,34.8
"PNC Park",2023,21884,159,38747,56.48
"PNC Park",2023,31523,168,38747,81.36
"PNC Park",2024,22752,188,38747,58.72
"PNC Park",2021,10503,187,38747,27.11
"PNC Park",2024,35515,159,38747,91.66
"PNC Park",2024,14020,161,38747,36.18
"PNC Park",2021,6851,182,38747,17.68
"PNC Park",2024,16880,126,38747,43.56
"PNC Park",2021,20043,225,38747,51.73
"PNC Park",2024,18970,149,38747,48.96
"PNC Park",2021,4065,199,38747,10.49
"PNC Park",2024,10155,167,38747,26.21
"PNC Park",2023,10571,141,38747,27.28
"PNC Park",2021,8714,260,38747,22.49
"PNC Park",2023,10064,171,38747,25.97
"PNC Park",2024,12660,217,38747,32.67
"PNC Park",2023,11916,152,38747,30.75
"PNC Park",2023,16539,162,38747,42.68
"PNC Park",2024,8461,152,38747,21.84
"PNC Park",2024,20091,150,38747,51.85
"PNC Park",2022,12842,233,38747,33.14
"PNC Park",2023,11504,186,38747,29.69
"PNC Park",2024,39530,183,38747,102.02
"PNC Park",2023,9996,150,38747,25.8
"PNC Park",2021,7202,181,38747,18.59
"PNC Park",2022,9009,201,38747,23.25
"PNC Park",2024,12912,138,38747,33.32
"PNC Park",2024,37037,158,38747,95.59
"PNC Park",2022,34458,171,38747,88.93
"PNC Park",2021,12001,189,38747,30.97
"PNC Park",2023,10222,159,38747,26.38
"PNC Park",2024,29716,165,38747,76.69
"PNC Park",2023,38434,183,38747,99.19
"PNC Park",2023,22876,155,38747,59.04
"PNC Park",2021,16830,194,38747,43.44
"PNC Park",2024,20646,156,38747,53.28
"PNC Park",2022,8723,181,38747,22.51
"PNC Park",2024,19952,181,38747,51.49
"PNC Park",2021,5660,174,38747,14.61
"PNC Park",2022,19387,157,38747,50.03
"PNC Park",2023,26770,136,38747,69.09
"PNC Park",2022,8817,190,38747,22.76
"PNC Park",2024,24089,204,38747,62.17
"PNC Park",2022,12588,182,38747,32.49
"PNC Park",2022,11796,176,38747,30.44
"PNC Park",2024,13687,156,38747,35.32
"PNC Park",2023,11566,193,38747,29.85
"PNC Park",2021,9218,184,38747,23.79
"PNC Park",2022,8735,200,38747,22.54
"PNC Park",2022,13510,199,38747,34.87
"PNC Park",2021,8044,202,38747,20.76
"PNC Park",2022,8376,185,38747,21.62
"PNC Park",2021,10290,180,38747,26.56
"PNC Park",2021,8596,220,38747,22.18
"PNC Park",2021,5510,140,38747,14.22
"PNC Park",2022,11105,200,38747,28.66
"PNC Park",2023,14651,164,38747,37.81
"PNC Park",2022,26041,233,38747,67.21
"PNC Park",2023,11372,140,38747,29.35
"PNC Park",2023,19427,124,38747,50.14
"PNC Park",2022,12702,190,38747,32.78
"PNC Park",2021,17451,225,38747,45.04
"PNC Park",2022,10559,154,38747,27.25
"PNC Park",2023,21655,166,38747,55.89
"PNC Park",2023,39167,168,38747,101.08
"PNC Park",2021,7356,193,38747,18.98
"PNC Park",2022,20483,187,38747,52.86
"PNC Park",2024,16158,142,38747,41.7
"PNC Park",2022,8331,181,38747,21.5
"PNC Park",2024,15213,149,38747,39.26
"PNC Park",2024,38400,143,38747,99.1
"PNC Park",2023,17276,141,38747,44.59
"PNC Park",2021,16582,151,38747,42.8
"PNC Park",2022,8527,161,38747,22.01
"PNC Park",2023,28731,153,38747,74.15
"PNC Park",2024,13619,177,38747,35.15
"PNC Park",2022,14529,207,38747,37.5
"PNC Park",2021,5279,153,38747,13.62
"PNC Park",2021,27222,229,38747,70.26
"PNC Park",2022,15718,192,38747,40.57
"PNC Park",2022,8332,188,38747,21.5
"PNC Park",2023,16871,149,38747,43.54
"PNC Park",2024,26600,165,38747,68.65
"PNC Park",2021,8357,198,38747,21.57
"PNC Park",2022,22560,180,38747,58.22
"PNC Park",2021,8548,172,38747,22.06
"PNC Park",2021,9102,185,38747,23.49
"PNC Park",2022,17706,168,38747,45.7
"PNC Park",2021,20591,213,38747,53.14
"PNC Park",2022,32414,201,38747,83.66
"PNC Park",2024,39114,135,38747,100.95
"PNC Park",2023,22522,161,38747,58.13
"PNC Park",2023,29565,142,38747,76.3
"PNC Park",2022,9127,157,38747,23.56
"PNC Park",2024,21528,236,38747,55.56
"PNC Park",2024,24149,133,38747,62.32
"PNC Park",2022,8493,209,38747,21.92
"PNC Park",2022,9824,197,38747,25.35
"PNC Park",2024,26025,168,38747,67.17
"PNC Park",2024,32624,183,38747,84.2
"PNC Park",2023,12575,140,38747,32.45
"PNC Park",2022,19149,166,38747,49.42
"PNC Park",2023,26541,158,38747,68.5
"PNC Park",2022,24644,199,38747,63.6
"PNC Park",2021,5477,160,38747,14.14
"PNC Park",2024,9957,155,38747,25.7
"PNC Park",2022,16192,188,38747,41.79
"PNC Park",2022,9470,172,38747,24.44
"PNC Park",2024,18937,200,38747,48.87
"PNC Park",2021,18119,210,38747,46.76
"PNC Park",2023,35246,170,38747,90.96
"PNC Park",2024,10311,151,38747,26.61
"PNC Park",2023,18347,141,38747,47.35
"PNC Park",2022,12401,182,38747,32.01
"PNC Park",2023,21545,219,38747,55.6
"PNC Park",2021,10152,169,38747,26.2
"PNC Park",2024,17814,157,38747,45.98
"PNC Park",2023,12061,133,38747,31.13
"PNC Park",2024,10370,162,38747,26.76
"PNC Park",2022,23568,186,38747,60.83
"PNC Park",2023,9883,158,38747,25.51
"PNC Park",2024,12369,129,38747,31.92
"PNC Park",2024,18814,172,38747,48.56
"PNC Park",2021,13011,179,38747,33.58
"PNC Park",2023,9222,142,38747,23.8
"PNC Park",2023,31534,195,38747,81.38
"PNC Park",2023,10728,110,38747,27.69
"PNC Park",2021,10406,217,38747,26.86
"PNC Park",2023,34236,145,38747,88.36
"PNC Park",2024,21527,128,38747,55.56
"PNC Park",2023,15879,128,38747,40.98
"PNC Park",2021,5953,199,38747,15.36
"PNC Park",2024,11570,185,38747,29.86
"PNC Park",2021,16991,163,38747,43.85
"PNC Park",2021,4515,235,38747,11.65
"PNC Park",2023,12270,163,38747,31.67
"PNC Park",2024,17959,142,38747,46.35
"PNC Park",2021,4814,247,38747,12.42
"PNC Park",2021,11141,166,38747,28.75
"PNC Park",2024,20078,168,38747,51.82
"PNC Park",2024,19552,137,38747,50.46
"PNC Park",2021,11808,172,38747,30.47
"PNC Park",2024,24748,166,38747,63.87
"PNC Park",2023,11823,154,38747,30.51
"PNC Park",2022,13084,229,38747,33.77
"PNC Park",2021,4099,172,38747,10.58
"PNC Park",2021,8676,219,38747,22.39
"PNC Park",2021,8382,171,38747,21.63
"PNC Park",2023,10574,149,38747,27.29
"PNC Park",2024,23162,165,38747,59.78
"PNC Park",2023,34202,158,38747,88.27
"PNC Park",2024,13830,203,38747,35.69
"PNC Park",2024,27416,154,38747,70.76
"PNC Park",2023,25030,190,38747,64.6
"PNC Park",2024,19941,169,38747,51.46
"PNC Park",2023,14550,179,38747,37.55
"PNC Park",2024,20237,168,38747,52.23
"PNC Park",2022,26946,210,38747,69.54
"PNC Park",2022,37733,179,38747,97.38
"PNC Park",2023,10831,142,38747,27.95
"PNC Park",2022,10014,200,38747,25.84
"PNC Park",2021,9714,186,38747,25.07
"PNC Park",2021,9320,183,38747,24.05
"PNC Park",2021,4192,181,38747,10.82
"PNC Park",2021,8478,166,38747,21.88
"PNC Park",2021,9847,170,38747,25.41
"PNC Park",2022,12959,174,38747,33.45
"PNC Park",2021,8329,196,38747,21.5
"PNC Park",2021,17837,229,38747,46.03
"PNC Park",2021,13582,201,38747,35.05
"PNC Park",2023,29179,190,38747,75.31
"PNC Park",2021,5228,207,38747,13.49
"PNC Park",2024,18554,199,38747,47.88
"PNC Park",2022,14034,218,38747,36.22
"PNC Park",2021,11600,211,38747,29.94
"PNC Park",2021,4068,184,38747,10.5
"PNC Park",2024,9107,134,38747,23.5
"PNC Park",2023,14604,172,38747,37.69
"PNC Park",2024,16797,172,38747,43.35
"PNC Park",2023,13491,188,38747,34.82
"PNC Park",2024,22834,191,38747,58.93
"PNC Park",2021,12662,198,38747,32.68
"PNC Park",2024,10391,159,38747,26.82
"PNC Park",2021,8896,180,38747,22.96
"PNC Park",2021,7052,187,38747,18.2
"PNC Park",2021,9396,170,38747,24.25
"PNC Park",2021,12527,161,38747,32.33
"PNC Park",2023,31922,157,38747,82.39
"PNC Park",2023,34782,188,38747,89.77
"PNC Park",2021,4049,188,38747,10.45
"PNC Park",2021,8618,187,38747,22.24
"PNC Park",2021,10618,174,38747,27.4
"PNC Park",2024,23147,181,38747,59.74
"PNC Park",2023,34882,151,38747,90.03
"PNC Park",2024,10844,151,38747,27.99
"PNC Park",2023,24379,132,38747,62.92
"PNC Park",2022,22316,161,38747,57.59
"PNC Park",2024,29026,142,38747,74.91
"PNC Park",2021,7331,223,38747,18.92
"PNC Park",2021,17993,233,38747,46.44
"PNC Park",2022,11987,213,38747,30.94
"PNC Park",2024,12652,183,38747,32.65
"PNC Park",2022,15319,162,38747,39.54
"PNC Park",2024,10252,150,38747,26.46
"PNC Park",2021,11074,217,38747,28.58
"PNC Park",2023,8594,166,38747,22.18
"PNC Park",2021,7183,123,38747,18.54
"PNC Park",2023,21418,174,38747,55.28
"PNC Park",2024,27058,159,38747,69.83
"PNC Park",2024,38137,148,38747,98.43
"PNC Park",2024,20990,172,38747,54.17
"PNC Park",2021,10204,181,38747,26.33
"PNC Park",2022,31761,214,38747,81.97
"Progressive Field",2023,32349,160,34830,92.88
"Progressive Field",2022,12492,157,34830,35.87
"Progressive Field",2021,6380,211,34830,18.32
"Progressive Field",2023,37056,144,34830,106.39
"Progressive Field",2022,33469,176,34830,96.09
"Progressive Field",2024,35747,166,34830,102.63
"Progressive Field",2022,12995,203,34830,37.31
"Progressive Field",2022,21923,177,34830,62.94
"Progressive Field",2021,11675,190,34830,33.52
"Progressive Field",2023,30864,174,34830,88.61
"Progressive Field",2023,37937,135,34830,108.92
"Progressive Field",2023,12716,228,34830,36.51
"Progressive Field",2024,24633,135,34830,70.72
"Progressive Field",2022,23874,158,34830,68.54
"Progressive Field",2023,17489,155,34830,50.21
"Progressive Field",2022,10763,190,34830,30.9
"Progressive Field",2022,26254,199,34830,75.38
"Progressive Field",2022,10519,170,34830,30.2
"Progressive Field",2022,25327,150,34830,72.72
"Progressive Field",2024,30491,153,34830,87.54
"Progressive Field",2024,35735,155,34830,102.6
"Progressive Field",2024,26194,160,34830,75.21
"Progressive Field",2021,8817,185,34830,25.31
"Progressive Field",2023,13096,150,34830,37.6
"Progressive Field",2022,14787,182,34830,42.45
"Progressive Field",2022,14419,178,34830,41.4
"Progressive Field",2022,11750,195,34830,33.74
"Progressive Field",2023,30056,142,34830,86.29
"Progressive Field",2024,12405,177,34830,35.62
"Progressive Field",2022,8345,187,34830,23.96
"Progressive Field",2021,24485,191,34830,70.3
"Progressive Field",2021,18614,166,34830,53.44
"Progressive Field",2021,10726,141,34830,30.8
"Progressive Field",2022,14471,170,34830,41.55
"Progressive Field",2023,19278,149,34830,55.35
"Progressive Field",2022,16980,181,34830,48.75
"Progressive Field",2021,23324,179,34830,66.97
"Progressive Field",2023,12509,173,34830,35.91
"Progressive Field",2023,17773,177,34830,51.03
"Progressive Field",2024,32867,148,34830,94.36
"Progressive Field",2022,25521,194,34830,73.27
"Progressive Field",2024,32132,166,34830,92.25
"Progressive Field",2021,23180,185,34830,66.55
"Progressive Field",2024,15029,141,34830,43.15
"Progressive Field",2024,19579,135,34830,56.21
"Progressive Field",2021,11690,128,34830,33.56
"Progressive Field",2024,19391,166,34830,55.67
"Progressive Field",2024,33628,194,34830,96.55
"Progressive Field",2022,24712,181,34830,70.95
"Progressive Field",2024,29090,152,34830,83.52
"Progressive Field",2021,21957,218,34830,63.04
"Progressive Field",2022,11783,163,34830,33.83
"Progressive Field",2022,12916,202,34830,37.08
"Progressive Field",2024,37251,176,34830,106.95
"Progressive Field",2021,11369,194,34830,32.64
"Progressive Field",2023,16148,148,34830,46.36
"Progressive Field",2023,34821,154,34830,99.97
"Progressive Field",2023,29990,111,34830,86.1
"Progressive Field",2024,33750,134,34830,96.9
"Progressive Field",2022,18177,152,34830,52.19
"Progressive Field",2022,17066,199,34830,49
"Progressive Field",2021,11037,143,34830,31.69
"Progressive Field",2022,9196,181,34830,26.4
"Progressive Field",2023,27398,158,34830,78.66
"Progressive Field",2024,20788,162,34830,59.68
"Progressive Field",2023,19361,146,34830,55.59
"Progressive Field",2024,36081,155,34830,103.59
"Progressive Field",2021,26221,239,34830,75.28
"Progressive Field",2022,14327,157,34830,41.13
"Progressive Field",2024,25453,195,34830,73.08
"Progressive Field",2022,10244,226,34830,29.41
"Progressive Field",2022,13503,200,34830,38.77
"Progressive Field",2022,12554,175,34830,36.04
"Progressive Field",2023,13878,136,34830,39.84
"Progressive Field",2023,20224,184,34830,58.06
"Progressive Field",2024,20046,136,34830,57.55
"Progressive Field",2024,13916,148,34830,39.95
"Progressive Field",2023,24808,182,34830,71.23
"Progressive Field",2021,10448,219,34830,30
"Progressive Field",2022,20669,166,34830,59.34
"Progressive Field",2024,32012,156,34830,91.91
"Progressive Field",2022,21311,170,34830,61.19
"Progressive Field",2024,37133,142,34830,106.61
"Progressive Field",2024,26107,139,34830,74.96
"Progressive Field",2023,25911,144,34830,74.39
"Progressive Field",2024,33786,165,34830,97
"Progressive Field",2021,13560,194,34830,38.93
"Progressive Field",2021,7775,160,34830,22.32
"Progressive Field",2024,26292,135,34830,75.49
"Progressive Field",2021,19927,188,34830,57.21
"Progressive Field",2022,19753,147,34830,56.71
"Progressive Field",2023,25226,191,34830,72.43
"Progressive Field",2024,16856,155,34830,48.4
"Progressive Field",2022,13987,177,34830,40.16
"Progressive Field",2024,19487,156,34830,55.95
"Progressive Field",2023,32641,168,34830,93.72
"Progressive Field",2023,23905,180,34830,68.63
"Progressive Field",2023,14478,156,34830,41.57
"Progressive Field",2021,5903,180,34830,16.95
"Progressive Field",2021,24961,204,34830,71.67
"Progressive Field",2021,22883,202,34830,65.7
"Progressive Field",2021,10708,189,34830,30.74
"Progressive Field",2024,28970,143,34830,83.18
"Progressive Field",2021,21395,146,34830,61.43
"Progressive Field",2023,23862,176,34830,68.51
"Progressive Field",2021,11846,166,34830,34.01
"Progressive Field",2022,13655,171,34830,39.2
"Progressive Field",2023,25263,157,34830,72.53
"Progressive Field",2021,8024,176,34830,23.04
"Progressive Field",2024,16905,159,34830,48.54
"Progressive Field",2023,20164,144,34830,57.89
"Progressive Field",2022,13187,199,34830,37.86
"Progressive Field",2024,22451,158,34830,64.46
"Progressive Field",2021,11459,157,34830,32.9
"Progressive Field",2023,28915,147,34830,83.02
"Progressive Field",2023,26824,137,34830,77.01
"Progressive Field",2024,26739,147,34830,76.77
"Progressive Field",2023,28271,143,34830,81.17
"Progressive Field",2023,17767,128,34830,51.01
"Progressive Field",2024,16262,135,34830,46.69
"Progressive Field",2024,21144,146,34830,60.71
"Progressive Field",2024,37485,155,34830,107.62
"Progressive Field",2021,22755,182,34830,65.33
"Progressive Field",2022,12442,179,34830,35.72
"Progressive Field",2021,5908,173,34830,16.96
"Progressive Field",2022,9620,177,34830,27.62
"Progressive Field",2022,19601,163,34830,56.28
"Progressive Field",2023,31556,164,34830,90.6
"Progressive Field",2021,9198,175,34830,26.41
"Progressive Field",2021,20100,159,34830,57.71
"Progressive Field",2023,20287,165,34830,58.25
"Progressive Field",2023,25556,191,34830,73.37
"Progressive Field",2023,16128,121,34830,46.3
"Progressive Field",2024,24470,146,34830,70.26
"Progressive Field",2022,26789,166,34830,76.91
"Progressive Field",2023,23164,164,34830,66.51
"Progressive Field",2024,37151,155,34830,106.66
"Progressive Field",2023,27644,175,34830,79.37
"Progressive Field",2024,36769,177,34830,105.57
"Progressive Field",2023,17359,176,34830,49.84
"Progressive Field",2024,31362,136,34830,90.04
"Progressive Field",2021,23341,155,34830,67.01
"Progressive Field",2021,24077,200,34830,69.13
"Progressive Field",2021,12675,172,34830,36.39
"Progressive Field",2021,16332,179,34830,46.89
"Progressive Field",2023,17849,131,34830,51.25
"Progressive Field",2024,25619,172,34830,73.55
"Progressive Field",2021,7132,180,34830,20.48
"Progressive Field",2023,21473,156,34830,61.65
"Progressive Field",2021,4176,219,34830,11.99
"Progressive Field",2022,22688,149,34830,65.14
"Progressive Field",2022,17776,151,34830,51.04
"Progressive Field",2024,19188,165,34830,55.09
"Progressive Field",2024,15531,165,34830,44.59
"Progressive Field",2023,27788,198,34830,79.78
"Progressive Field",2023,17464,170,34830,50.14
"Progressive Field",2021,24082,160,34830,69.14
"Progressive Field",2024,31066,148,34830,89.19
"Progressive Field",2021,8589,230,34830,24.66
"Progressive Field",2023,22177,119,34830,63.67
"Progressive Field",2022,27239,175,34830,78.21
"Progressive Field",2023,21471,171,34830,61.65
"Progressive Field",2024,23260,142,34830,66.78
"Progressive Field",2022,12895,168,34830,37.02
"Progressive Field",2021,11627,147,34830,33.38
"Progressive Field",2021,20116,221,34830,57.75
"Progressive Field",2021,11851,166,34830,34.03
"Progressive Field",2024,35137,167,34830,100.88
"Progressive Field",2023,22173,150,34830,63.66
"Progressive Field",2021,7803,154,34830,22.4
"Progressive Field",2024,28119,188,34830,80.73
"Progressive Field",2021,19338,219,34830,55.52
"Progressive Field",2023,9493,142,34830,27.26
"Progressive Field",2023,18198,148,34830,52.25
"Progressive Field",2022,15271,169,34830,43.84
"Progressive Field",2023,22567,206,34830,64.79
"Progressive Field",2024,33037,160,34830,94.85
"Progressive Field",2021,17371,197,34830,49.87
"Progressive Field",2023,14524,149,34830,41.7
"Progressive Field",2021,13772,184,34830,39.54
"Progressive Field",2021,12825,185,34830,36.82
"Progressive Field",2021,17412,196,34830,49.99
"Progressive Field",2024,37242,181,34830,106.93
"Progressive Field",2024,35868,153,34830,102.98
"Progressive Field",2021,4555,190,34830,13.08
"Progressive Field",2022,16808,183,34830,48.26
"Progressive Field",2023,38260,174,34830,109.85
"Progressive Field",2024,14887,165,34830,42.74
"Progressive Field",2023,19467,134,34830,55.89
"Progressive Field",2023,9841,152,34830,28.25
"Progressive Field",2021,15121,183,34830,43.41
"Progressive Field",2021,6859,184,34830,19.69
"Progressive Field",2024,25136,136,34830,72.17
"Progressive Field",2021,11181,166,34830,32.1
"Progressive Field",2024,22322,165,34830,64.09
"Progressive Field",2021,19480,171,34830,55.93
"Progressive Field",2024,21707,184,34830,62.32
"Progressive Field",2024,16082,169,34830,46.17
"Progressive Field",2023,20795,143,34830,59.7
"Progressive Field",2022,11827,161,34830,33.96
"Progressive Field",2021,6303,187,34830,18.1
"Progressive Field",2024,33609,166,34830,96.49
"Progressive Field",2022,12168,190,34830,34.94
"Progressive Field",2024,30121,152,34830,86.48
"Progressive Field",2024,25860,132,34830,74.25
"Progressive Field",2023,23969,148,34830,68.82
"Progressive Field",2024,17738,156,34830,50.93
"Progressive Field",2021,20881,178,34830,59.95
"Progressive Field",2024,19820,161,34830,56.9
"Progressive Field",2024,13543,138,34830,38.88
"Progressive Field",2024,19570,187,34830,56.19
"Progressive Field",2024,27479,181,34830,78.89
"Progressive Field",2021,16559,207,34830,47.54
"Progressive Field",2023,17477,129,34830,50.18
"Progressive Field",2024,20977,155,34830,60.23
"Progressive Field",2022,20663,202,34830,59.33
"Progressive Field",2024,19698,161,34830,56.55
"Progressive Field",2024,17391,157,34830,49.93
"Progressive Field",2022,16819,175,34830,48.29
"Progressive Field",2023,31806,190,34830,91.32
"Progressive Field",2022,29236,189,34830,83.94
"Progressive Field",2022,11342,129,34830,32.56
"Progressive Field",2022,12983,159,34830,37.28
"Progressive Field",2021,13041,222,34830,37.44
"Progressive Field",2022,8510,168,34830,24.43
"Progressive Field",2023,29189,191,34830,83.8
"Progressive Field",2023,35823,179,34830,102.85
"Progressive Field",2024,34149,195,34830,98.04
"Progressive Field",2022,29106,199,34830,83.57
"Progressive Field",2024,19752,142,34830,56.71
"Progressive Field",2021,13272,190,34830,38.11
"Progressive Field",2023,26318,139,34830,75.56
"Progressive Field",2021,17667,204,34830,50.72
"Progressive Field",2023,38106,146,34830,109.41
"Progressive Field",2023,21043,166,34830,60.42
"Progressive Field",2021,12025,201,34830,34.52
"Progressive Field",2021,11336,154,34830,32.55
"Progressive Field",2024,19722,173,34830,56.62
"Progressive Field",2023,17853,165,34830,51.26
"Progressive Field",2023,21227,146,34830,60.94
"Progressive Field",2024,25654,145,34830,73.65
"Progressive Field",2022,17809,227,34830,51.13
"Progressive Field",2022,26179,159,34830,75.16
"Progressive Field",2021,7570,173,34830,21.73
"Progressive Field",2022,12145,180,34830,34.87
"Progressive Field",2024,17559,171,34830,50.41
"Progressive Field",2022,26113,175,34830,74.97
"Progressive Field",2021,18576,168,34830,53.33
"Progressive Field",2023,23175,133,34830,66.54
"Progressive Field",2021,11398,176,34830,32.72
"Progressive Field",2022,14529,176,34830,41.71
"Progressive Field",2021,8766,187,34830,25.17
"Progressive Field",2022,20622,180,34830,59.21
"Progressive Field",2024,25521,138,34830,73.27
"Progressive Field",2023,31303,150,34830,89.87
"Progressive Field",2022,18688,182,34830,53.65
"Progressive Field",2021,13128,178,34830,37.69
"Progressive Field",2023,19444,152,34830,55.83
"Progressive Field",2024,24160,141,34830,69.37
"Progressive Field",2023,22550,173,34830,64.74
"Progressive Field",2022,15554,166,34830,44.66
"Progressive Field",2021,9968,188,34830,28.62
"Progressive Field",2022,12221,174,34830,35.09
"Progressive Field",2021,24560,159,34830,70.51
"Progressive Field",2023,31787,243,34830,91.26
"Progressive Field",2023,32224,181,34830,92.52
"Progressive Field",2021,10827,192,34830,31.09
"Progressive Field",2024,26344,179,34830,75.64
"Progressive Field",2024,36725,146,34830,105.44
"Progressive Field",2022,26982,201,34830,77.47
"Progressive Field",2023,27305,158,34830,78.4
"Progressive Field",2023,19630,139,34830,56.36
"Progressive Field",2021,13121,164,34830,37.67
"Progressive Field",2023,35087,172,34830,100.74
"Progressive Field",2023,25685,137,34830,73.74
"Progressive Field",2022,14335,194,34830,41.16
"Progressive Field",2023,26699,187,34830,76.66
"Progressive Field",2023,23533,165,34830,67.57
"Progressive Field",2022,10775,246,34830,30.94
"Progressive Field",2022,19455,153,34830,55.86
"Progressive Field",2024,30243,144,34830,86.83
"Progressive Field",2021,9805,224,34830,28.15
"Progressive Field",2021,24337,209,34830,69.87
"Progressive Field",2022,18642,183,34830,53.52
"Progressive Field",2022,12840,199,34830,36.86
"Progressive Field",2021,22970,176,34830,65.95
"Progressive Field",2024,17089,177,34830,49.06
"Progressive Field",2021,8914,172,34830,25.59
"Progressive Field",2021,8662,197,34830,24.87
"Progressive Field",2023,12664,147,34830,36.36
"Progressive Field",2021,19899,182,34830,57.13
"Progressive Field",2024,35545,165,34830,102.05
"Progressive Field",2022,22674,188,34830,65.1
"Progressive Field",2024,35526,141,34830,102
"Progressive Field",2022,24449,324,34830,70.2
"Progressive Field",2024,29404,165,34830,84.42
"Progressive Field",2022,10674,199,34830,30.65
"Progressive Field",2022,27846,179,34830,79.95
"Progressive Field",2022,9104,183,34830,26.14
"Progressive Field",2023,24701,181,34830,70.92
"Progressive Field",2022,12461,188,34830,35.78
"Progressive Field",2023,9258,145,34830,26.58
"Progressive Field",2022,10965,127,34830,31.48
"Progressive Field",2021,31406,170,34830,90.17
"Progressive Field",2022,13707,222,34830,39.35
"Progressive Field",2024,23277,154,34830,66.83
"Progressive Field",2022,11186,184,34830,32.12
"Progressive Field",2022,21203,208,34830,60.88
"Progressive Field",2021,11505,214,34830,33.03
"Rogers Centre",2021,14640,164,41500,35.28
"Rogers Centre",2023,35112,182,41500,84.61
"Rogers Centre",2021,14653,194,41500,35.31
"Rogers Centre",2023,36004,165,41500,86.76
"Rogers Centre",2021,28769,216,41500,69.32
"Rogers Centre",2021,14406,175,41500,34.71
"Rogers Centre",2024,36484,148,41500,87.91
"Rogers Centre",2023,42205,164,41500,101.7
"Rogers Centre",2021,13103,140,41500,31.57
"Rogers Centre",2024,34205,144,41500,82.42
"Rogers Centre",2022,39426,167,41500,95
"Rogers Centre",2022,27601,234,41500,66.51
"Rogers Centre",2023,27761,135,41500,66.89
"Rogers Centre",2021,29601,172,41500,71.33
"Rogers Centre",2023,41341,170,41500,99.62
"Rogers Centre",2022,35757,207,41500,86.16
"Rogers Centre",2021,14958,194,41500,36.04
"Rogers Centre",2024,36423,152,41500,87.77
"Rogers Centre",2022,19961,173,41500,48.1
"Rogers Centre",2023,28810,167,41500,69.42
"Rogers Centre",2024,35733,153,41500,86.1
"Rogers Centre",2023,23451,174,41500,56.51
"Rogers Centre",2024,27470,159,41500,66.19
"Rogers Centre",2023,35047,132,41500,84.45
"Rogers Centre",2022,27140,201,41500,65.4
"Rogers Centre",2022,23312,194,41500,56.17
"Rogers Centre",2022,36987,181,41500,89.13
"Rogers Centre",2023,41794,189,41500,100.71
"Rogers Centre",2022,44395,221,41500,106.98
"Rogers Centre",2022,36681,141,41500,88.39
"Rogers Centre",2023,41960,176,41500,101.11
"Rogers Centre",2024,29035,173,41500,69.96
"Rogers Centre",2024,30233,190,41500,72.85
"Rogers Centre",2024,32276,139,41500,77.77
"Rogers Centre",2024,30380,185,41500,73.2
"Rogers Centre",2024,28570,168,41500,68.84
"Rogers Centre",2024,34887,177,41500,84.07
"Rogers Centre",2022,20981,136,41500,50.56
"Rogers Centre",2022,28572,187,41500,68.85
"Rogers Centre",2022,40141,167,41500,96.73
"Rogers Centre",2022,40135,209,41500,96.71
"Rogers Centre",2023,35300,160,41500,85.06
"Rogers Centre",2022,41301,198,41500,99.52
"Rogers Centre",2023,41673,185,41500,100.42
"Rogers Centre",2024,40052,153,41500,96.51
"Rogers Centre",2022,36832,178,41500,88.75
"Rogers Centre",2023,37594,198,41500,90.59
"Rogers Centre",2022,45055,185,41500,108.57
"Rogers Centre",2021,14262,185,41500,34.37
"Rogers Centre",2023,33290,149,41500,80.22
"Rogers Centre",2023,39303,143,41500,94.71
"Rogers Centre",2022,41002,174,41500,98.8
"Rogers Centre",2022,42323,197,41500,101.98
"Rogers Centre",2022,22988,140,41500,55.39
"Rogers Centre",2024,38766,146,41500,93.41
"Rogers Centre",2024,38575,169,41500,92.95
"Rogers Centre",2021,14798,182,41500,35.66
"Rogers Centre",2024,32640,160,41500,78.65
"Rogers Centre",2024,27694,150,41500,66.73
"Rogers Centre",2023,31923,133,41500,76.92
"Rogers Centre",2023,32485,169,41500,78.28
"Rogers Centre",2024,34662,139,41500,83.52
"Rogers Centre",2024,38583,156,41500,92.97
"Rogers Centre",2023,36924,154,41500,88.97
"Rogers Centre",2024,38797,155,41500,93.49
"Rogers Centre",2024,31175,176,41500,75.12
"Rogers Centre",2022,36666,177,41500,88.35
"Rogers Centre",2024,40043,168,41500,96.49
"Rogers Centre",2022,20472,167,41500,49.33
"Rogers Centre",2024,35917,145,41500,86.55
"Rogers Centre",2023,43196,173,41500,104.09
"Rogers Centre",2022,23106,192,41500,55.68
"Rogers Centre",2021,13963,175,41500,33.65
"Rogers Centre",2021,14722,178,41500,35.47
"Rogers Centre",2022,24180,161,41500,58.27
"Rogers Centre",2023,39722,175,41500,95.72
"Rogers Centre",2023,40691,163,41500,98.05
"Rogers Centre",2023,27431,190,41500,66.1
"Rogers Centre",2023,35069,152,41500,84.5
"Rogers Centre",2023,41997,179,41500,101.2
"Rogers Centre",2022,44688,201,41500,107.68
"Rogers Centre",2024,33356,226,41500,80.38
"Rogers Centre",2023,26493,190,41500,63.84
"Rogers Centre",2024,29178,195,41500,70.31
"Rogers Centre",2023,42328,156,41500,102
"Rogers Centre",2021,12119,173,41500,29.2
"Rogers Centre",2022,44318,196,41500,106.79
"Rogers Centre",2021,14601,178,41500,35.18
"Rogers Centre",2024,38234,157,41500,92.13
"Rogers Centre",2023,34988,147,41500,84.31
"Rogers Centre",2022,32795,172,41500,79.02
"Rogers Centre",2022,25103,183,41500,60.49
"Rogers Centre",2023,23982,181,41500,57.79
"Rogers Centre",2023,41679,154,41500,100.43
"Rogers Centre",2023,30079,143,41500,72.48
"Rogers Centre",2024,32307,139,41500,77.85
"Rogers Centre",2024,26308,144,41500,63.39
"Rogers Centre",2023,35222,179,41500,84.87
"Rogers Centre",2024,28816,159,41500,69.44
"Rogers Centre",2022,44445,178,41500,107.1
"Rogers Centre",2024,28109,176,41500,67.73
"Rogers Centre",2024,25431,145,41500,61.28
"Rogers Centre",2024,35069,188,41500,84.5
"Rogers Centre",2022,41677,153,41500,100.43
"Rogers Centre",2023,30479,159,41500,73.44
"Rogers Centre",2021,14649,186,41500,35.3
"Rogers Centre",2022,26769,200,41500,64.5
"Rogers Centre",2023,39179,160,41500,94.41
"Rogers Centre",2023,42059,140,41500,101.35
"Rogers Centre",2022,25250,185,41500,60.84
"Rogers Centre",2022,43386,159,41500,104.54
"Rogers Centre",2024,31688,157,41500,76.36
"Rogers Centre",2021,14843,186,41500,35.77
"Rogers Centre",2024,27929,152,41500,67.3
"Rogers Centre",2024,34011,129,41500,81.95
"Rogers Centre",2021,14276,186,41500,34.4
"Rogers Centre",2023,41455,179,41500,99.89
"Rogers Centre",2023,25495,147,41500,61.43
"Rogers Centre",2024,39405,169,41500,94.95
"Rogers Centre",2022,44977,175,41500,108.38
"Rogers Centre",2024,38534,174,41500,92.85
"Rogers Centre",2022,24426,180,41500,58.86
"Rogers Centre",2023,42394,165,41500,102.15
"Rogers Centre",2022,25498,179,41500,61.44
"Rogers Centre",2022,25424,204,41500,61.26
"Rogers Centre",2022,27753,182,41500,66.87
"Rogers Centre",2023,40454,147,41500,97.48
"Rogers Centre",2024,25900,142,41500,62.41
"Rogers Centre",2023,42680,182,41500,102.84
"Rogers Centre",2024,25603,153,41500,61.69
"Rogers Centre",2024,23796,203,41500,57.34
"Rogers Centre",2021,13446,170,41500,32.4
"Rogers Centre",2024,34312,140,41500,82.68
"Rogers Centre",2022,45022,206,41500,108.49
"Rogers Centre",2024,37547,165,41500,90.47
"Rogers Centre",2022,26422,168,41500,63.67
"Rogers Centre",2021,14766,244,41500,35.58
"Rogers Centre",2022,19716,197,41500,47.51
"Rogers Centre",2023,35680,137,41500,85.98
"Rogers Centre",2022,24282,155,41500,58.51
"Rogers Centre",2023,41443,140,41500,99.86
"Rogers Centre",2023,40755,163,41500,98.2
"Rogers Centre",2021,14553,192,41500,35.07
"Rogers Centre",2023,42948,167,41500,103.49
"Rogers Centre",2023,27940,171,41500,67.33
"Rogers Centre",2023,41813,186,41500,100.75
"Rogers Centre",2021,13953,139,41500,33.62
"Rogers Centre",2023,38617,175,41500,93.05
"Rogers Centre",2023,26724,123,41500,64.4
"Rogers Centre",2023,36657,157,41500,88.33
"Rogers Centre",2022,30853,151,41500,74.34
"Rogers Centre",2022,43877,170,41500,105.73
"Rogers Centre",2024,31597,187,41500,76.14
"Rogers Centre",2023,41990,164,41500,101.18
"Rogers Centre",2022,31549,204,41500,76.02
"Rogers Centre",2024,28176,141,41500,67.89
"Rogers Centre",2023,40895,184,41500,98.54
"Rogers Centre",2022,28207,203,41500,67.97
"Rogers Centre",2023,42276,241,41500,101.87
"Rogers Centre",2021,14410,196,41500,34.72
"Rogers Centre",2022,32330,185,41500,77.9
"Rogers Centre",2023,41475,141,41500,99.94
"Rogers Centre",2021,14427,176,41500,34.76
"Rogers Centre",2022,37940,174,41500,91.42
"Rogers Centre",2024,39265,136,41500,94.61
"Rogers Centre",2023,42585,166,41500,102.61
"Rogers Centre",2022,29057,164,41500,70.02
"Rogers Centre",2023,42097,175,41500,101.44
"Rogers Centre",2023,41814,166,41500,100.76
"Rogers Centre",2021,28855,175,41500,69.53
"Rogers Centre",2022,29300,162,41500,70.6
"Rogers Centre",2024,37036,153,41500,89.24
"Rogers Centre",2024,38906,174,41500,93.75
"Rogers Centre",2022,23497,179,41500,56.62
"Rogers Centre",2022,35066,222,41500,84.5
"Rogers Centre",2024,22960,160,41500,55.33
"Rogers Centre",2022,40754,200,41500,98.2
"Rogers Centre",2022,27490,185,41500,66.24
"Rogers Centre",2022,40732,163,41500,98.15
"Rogers Centre",2023,41810,186,41500,100.75
"Rogers Centre",2022,45311,200,41500,109.18
"Rogers Centre",2022,28046,200,41500,67.58
"Rogers Centre",2024,36993,155,41500,89.14
"Rogers Centre",2023,35275,167,41500,85
"Rogers Centre",2023,26192,173,41500,63.11
"Rogers Centre",2021,14719,214,41500,35.47
"Rogers Centre",2024,23768,150,41500,57.27
"Rogers Centre",2023,28917,144,41500,69.68
"Rogers Centre",2022,44448,180,41500,107.1
"Rogers Centre",2023,42701,171,41500,102.89
"Rogers Centre",2024,22254,155,41500,53.62
"Rogers Centre",2022,31802,172,41500,76.63
"Rogers Centre",2022,42933,166,41500,103.45
"Rogers Centre",2022,22987,175,41500,55.39
"Rogers Centre",2022,22491,177,41500,54.2
"Rogers Centre",2024,34416,162,41500,82.93
"Rogers Centre",2021,14865,239,41500,35.82
"Rogers Centre",2022,34088,200,41500,82.14
"Rogers Centre",2022,23820,186,41500,57.4
"Rogers Centre",2023,34822,157,41500,83.91
"Rogers Centre",2022,44612,189,41500,107.5
"Rogers Centre",2024,27189,139,41500,65.52
"Rogers Centre",2024,31310,173,41500,75.45
"Rogers Centre",2023,28284,154,41500,68.15
"Rogers Centre",2021,14768,115,41500,35.59
"Rogers Centre",2024,40069,153,41500,96.55
"Rogers Centre",2024,23842,150,41500,57.45
"Rogers Centre",2023,42106,165,41500,101.46
"Rogers Centre",2023,41876,163,41500,100.91
"Rogers Centre",2023,26293,160,41500,63.36
"Rogers Centre",2023,42058,167,41500,101.34
"Rogers Centre",2024,35065,192,41500,84.49
"Rogers Centre",2022,37008,200,41500,89.18
"Rogers Centre",2023,41069,156,41500,98.96
"Rogers Centre",2023,42615,150,41500,102.69
"Rogers Centre",2022,34307,209,41500,82.67
"Rogers Centre",2021,29916,167,41500,72.09
"Rogers Centre",2023,36685,131,41500,88.4
"Rogers Centre",2024,39215,146,41500,94.49
"Rogers Centre",2022,20468,185,41500,49.32
"Rogers Centre",2022,35415,180,41500,85.34
"Rogers Centre",2022,40298,139,41500,97.1
"Rogers Centre",2024,36790,142,41500,88.65
"Rogers Centre",2022,26473,223,41500,63.79
"Rogers Centre",2024,39318,143,41500,94.74
"Rogers Centre",2024,35051,149,41500,84.46
"Rogers Centre",2023,42053,149,41500,101.33
"Rogers Centre",2024,38595,176,41500,93
"Rogers Centre",2022,39756,194,41500,95.8
"Rogers Centre",2022,40528,175,41500,97.66
"Rogers Centre",2021,29942,202,41500,72.15
"Rogers Centre",2023,40158,190,41500,96.77
"Rogers Centre",2021,14887,137,41500,35.87
"Rogers Centre",2023,42672,180,41500,102.82
"Rogers Centre",2024,30962,143,41500,74.61
"Rogers Centre",2023,41978,214,41500,101.15
"Rogers Centre",2024,31472,152,41500,75.84
"Rogers Centre",2022,22611,227,41500,54.48
"Rogers Centre",2023,41611,212,41500,100.27
"Rogers Centre",2023,41720,163,41500,100.53
"Rogers Centre",2022,33759,183,41500,81.35
"Rogers Centre",2024,39697,157,41500,95.66
"Rogers Centre",2023,31122,180,41500,74.99
"Rogers Centre",2024,29879,176,41500,72
"Rogers Centre",2023,41924,159,41500,101.02
"Rogers Centre",2021,14270,166,41500,34.39
"Rogers Centre",2024,27481,152,41500,66.22
"Rogers Centre",2022,23144,162,41500,55.77
"Rogers Centre",2022,39393,139,41500,94.92
"Rogers Centre",2021,12659,179,41500,30.5
"Rogers Centre",2023,41414,148,41500,99.79
"Rogers Centre",2022,23002,159,41500,55.43
"Rogers Centre",2024,39894,140,41500,96.13
"Rogers Centre",2021,29659,209,41500,71.47
"Rogers Centre",2022,27080,172,41500,65.25
"Rogers Centre",2024,29399,157,41500,70.84
"Rogers Centre",2024,28670,163,41500,69.08
"Rogers Centre",2022,37283,184,41500,89.84
"Rogers Centre",2024,33999,152,41500,81.93
"Rogers Centre",2024,35840,147,41500,86.36
"Rogers Centre",2021,14289,145,41500,34.43
"Rogers Centre",2024,34793,146,41500,83.84
"Rogers Centre",2022,36573,160,41500,88.13
"Rogers Centre",2024,37448,171,41500,90.24
"Rogers Centre",2024,41148,172,41500,99.15
"Rogers Centre",2024,32200,140,41500,77.59
"Rogers Centre",2024,39053,140,41500,94.1
"Rogers Centre",2024,29907,163,41500,72.07
"Rogers Centre",2024,34791,188,41500,83.83
"Rogers Centre",2022,18577,174,41500,44.76
"Rogers Centre",2021,14988,182,41500,36.12
"Rogers Centre",2024,27057,196,41500,65.2
"Rogers Centre",2023,32930,151,41500,79.35
"Rogers Centre",2024,27910,155,41500,67.25
"Rogers Centre",2024,39688,159,41500,95.63
"Rogers Centre",2023,41643,211,41500,100.34
"Rogers Centre",2021,14947,193,41500,36.02
"Rogers Centre",2021,12153,149,41500,29.28
"Rogers Centre",2023,37218,150,41500,89.68
"Sutter Health Park",2024,9299,150,14014,66.36
"Sutter Health Park",2022,3203,164,14014,22.86
"Sutter Health Park",2022,6330,159,14014,45.17
"Sutter Health Park",2022,9367,147,14014,66.84
"Sutter Health Park",2023,8680,170,14014,61.94
"Sutter Health Park",2021,5777,160,14014,41.22
"Sutter Health Park",2024,14524,155,14014,103.64
"Sutter Health Park",2021,5487,179,14014,39.15
"Sutter Health Park",2023,7133,175,14014,50.9
"Sutter Health Park",2024,10380,188,14014,74.07
"Sutter Health Park",2021,12288,217,14014,87.68
"Sutter Health Park",2022,12910,201,14014,92.12
"Sutter Health Park",2023,8942,176,14014,63.81
"Sutter Health Park",2021,13070,172,14014,93.26
"Sutter Health Park",2021,8147,170,14014,58.13
"Sutter Health Park",2021,10648,203,14014,75.98
"Sutter Health Park",2021,10436,208,14014,74.47
"Sutter Health Park",2021,10029,200,14014,71.56
"Sutter Health Park",2021,6469,190,14014,46.16
"Sutter Health Park",2023,5116,139,14014,36.51
"Sutter Health Park",2021,6653,215,14014,47.47
"Sutter Health Park",2022,5440,134,14014,38.82
"Sutter Health Park",2022,13992,150,14014,99.84
"Sutter Health Park",2023,14181,154,14014,101.19
"Sutter Health Park",2022,14668,209,14014,104.67
"Sutter Health Park",2023,13102,154,14014,93.49
"Sutter Health Park",2022,3748,191,14014,26.74
"Sutter Health Park",2023,3871,139,14014,27.62
"Sutter Health Park",2024,8533,140,14014,60.89
"Sutter Health Park",2024,3938,142,14014,28.1
"Sutter Health Park",2021,2944,165,14014,21.01
"Sutter Health Park",2024,12769,178,14014,91.12
"Sutter Health Park",2021,13037,169,14014,93.03
"Sutter Health Park",2024,6964,134,14014,49.69
"Sutter Health Park",2023,2583,150,14014,18.43
"Sutter Health Park",2022,7282,165,14014,51.96
"Sutter Health Park",2022,3901,160,14014,27.84
"Sutter Health Park",2024,5896,144,14014,42.07
"Sutter Health Park",2024,3965,187,14014,28.29
"Sutter Health Park",2024,5508,139,14014,39.3
"Sutter Health Park",2022,4696,202,14014,33.51
"Sutter Health Park",2024,4118,150,14014,29.38
"Sutter Health Park",2023,9776,158,14014,69.76
"Sutter Health Park",2021,8147,223,14014,58.13
"Sutter Health Park",2023,6160,153,14014,43.96
"Sutter Health Park",2023,4757,132,14014,33.94
"Sutter Health Park",2022,2815,201,14014,20.09
"Sutter Health Park",2022,7737,167,14014,55.21
"Sutter Health Park",2023,11231,156,14014,80.14
"Sutter Health Park",2024,4557,155,14014,32.52
"Sutter Health Park",2024,15961,147,14014,113.89
"Sutter Health Park",2022,11232,164,14014,80.15
"Sutter Health Park",2023,7793,166,14014,55.61
"Sutter Health Park",2023,4714,167,14014,33.64
"Sutter Health Park",2023,8230,138,14014,58.73
"Sutter Health Park",2024,5581,171,14014,39.82
"Sutter Health Park",2024,9158,140,14014,65.35
"Sutter Health Park",2024,14978,150,14014,106.88
"Sutter Health Park",2024,9676,151,14014,69.05
"Sutter Health Park",2024,9551,150,14014,68.15
"Sutter Health Park",2022,11701,164,14014,83.5
"Sutter Health Park",2024,7809,163,14014,55.72
"Sutter Health Park",2024,3617,189,14014,25.81
"Sutter Health Park",2023,6575,211,14014,46.92
"Sutter Health Park",2021,4140,187,14014,29.54
"Sutter Health Park",2021,5182,172,14014,36.98
"Sutter Health Park",2021,4149,178,14014,29.61
"Sutter Health Park",2024,14669,225,14014,104.67
"Sutter Health Park",2023,3095,161,14014,22.09
"Sutter Health Park",2022,12719,198,14014,90.76
"Sutter Health Park",2021,4838,189,14014,34.52
"Sutter Health Park",2023,13709,151,14014,97.82
"Sutter Health Park",2022,8772,208,14014,62.59
"Sutter Health Park",2022,10936,166,14014,78.04
"Sutter Health Park",2021,4102,203,14014,29.27
"Sutter Health Park",2021,4966,196,14014,35.44
"Sutter Health Park",2024,9654,148,14014,68.89
"Sutter Health Park",2021,6917,162,14014,49.36
"Sutter Health Park",2023,2064,155,14014,14.73
"Sutter Health Park",2023,6429,139,14014,45.88
"Sutter Health Park",2021,12361,178,14014,88.2
"Sutter Health Park",2024,4390,167,14014,31.33
"Sutter Health Park",2023,6423,176,14014,45.83
"Sutter Health Park",2021,14856,171,14014,106.01
"Sutter Health Park",2021,2865,189,14014,20.44
"Sutter Health Park",2022,5332,186,14014,38.05
"Sutter Health Park",2023,12112,173,14014,86.43
"Sutter Health Park",2022,8753,178,14014,62.46
"Sutter Health Park",2023,15757,144,14014,112.44
"Sutter Health Park",2024,5112,184,14014,36.48
"Sutter Health Park",2024,9735,134,14014,69.47
"Sutter Health Park",2024,2895,146,14014,20.66
"Sutter Health Park",2021,6228,176,14014,44.44
"Sutter Health Park",2024,8526,179,14014,60.84
"Sutter Health Park",2024,12167,160,14014,86.82
"Sutter Health Park",2022,11494,173,14014,82.02
"Sutter Health Park",2022,4251,169,14014,30.33
"Sutter Health Park",2021,3322,128,14014,23.7
"Sutter Health Park",2023,6810,160,14014,48.59
"Sutter Health Park",2022,2630,164,14014,18.77
"Sutter Health Park",2024,13522,142,14014,96.49
"Sutter Health Park",2021,6931,169,14014,49.46
"Sutter Health Park",2024,10617,144,14014,75.76
"Sutter Health Park",2024,3330,155,14014,23.76
"Sutter Health Park",2024,3924,135,14014,28
"Sutter Health Park",2022,10058,153,14014,71.77
"Sutter Health Park",2023,9293,161,14014,66.31
"Sutter Health Park",2023,4972,161,14014,35.48
"Sutter Health Park",2022,4028,166,14014,28.74
"Sutter Health Park",2021,5446,214,14014,38.86
"Sutter Health Park",2022,11107,223,14014,79.26
"Sutter Health Park",2021,3611,190,14014,25.77
"Sutter Health Park",2022,5414,193,14014,38.63
"Sutter Health Park",2024,6618,151,14014,47.22
"Sutter Health Park",2023,12425,189,14014,88.66
"Sutter Health Park",2024,14031,171,14014,100.12
"Sutter Health Park",2023,13025,154,14014,92.94
"Sutter Health Park",2024,4971,135,14014,35.47
"Sutter Health Park",2023,4159,171,14014,29.68
"Sutter Health Park",2021,9022,210,14014,64.38
"Sutter Health Park",2023,7923,208,14014,56.54
"Sutter Health Park",2021,5803,204,14014,41.41
"Sutter Health Park",2022,11083,176,14014,79.09
"Sutter Health Park",2021,7060,188,14014,50.38
"Sutter Health Park",2024,4005,137,14014,28.58
"Sutter Health Park",2022,12084,181,14014,86.23
"Sutter Health Park",2021,4538,151,14014,32.38
"Sutter Health Park",2023,14876,195,14014,106.15
"Sutter Health Park",2023,7052,174,14014,50.32
"Sutter Health Park",2021,3019,184,14014,21.54
"Sutter Health Park",2021,7707,192,14014,55
"Sutter Health Park",2022,4838,159,14014,34.52
"Sutter Health Park",2024,7013,151,14014,50.04
"Sutter Health Park",2023,7055,176,14014,50.34
"Sutter Health Park",2023,13050,156,14014,93.12
"Sutter Health Park",2023,4930,178,14014,35.18
"Sutter Health Park",2022,16041,175,14014,114.46
"Sutter Health Park",2021,4739,161,14014,33.82
"Sutter Health Park",2021,7157,205,14014,51.07
"Sutter Health Park",2023,2685,187,14014,19.16
"Sutter Health Park",2021,3925,198,14014,28.01
"Sutter Health Park",2023,8809,157,14014,62.86
"Sutter Health Park",2022,6620,173,14014,47.24
"Sutter Health Park",2022,8342,218,14014,59.53
"Sutter Health Park",2024,3296,149,14014,23.52
"Sutter Health Park",2021,3405,256,14014,24.3
"Sutter Health Park",2022,8189,187,14014,58.43
"Sutter Health Park",2022,13942,187,14014,99.49
"Sutter Health Park",2021,7678,198,14014,54.79
"Sutter Health Park",2024,5624,168,14014,40.13
"Sutter Health Park",2021,8757,171,14014,62.49
"Sutter Health Park",2024,8753,143,14014,62.46
"Sutter Health Park",2022,10190,194,14014,72.71
"Sutter Health Park",2022,6502,195,14014,46.4
"Sutter Health Park",2022,5130,184,14014,36.61
"Sutter Health Park",2021,2970,138,14014,21.19
"Sutter Health Park",2023,9987,157,14014,71.26
"Sutter Health Park",2024,14694,143,14014,104.85
"Sutter Health Park",2022,9314,208,14014,66.46
"Sutter Health Park",2021,4562,206,14014,32.55
"Sutter Health Park",2023,14718,167,14014,105.02
"Sutter Health Park",2024,5425,181,14014,38.71
"Sutter Health Park",2023,3407,161,14014,24.31
"Sutter Health Park",2024,3876,142,14014,27.66
"Sutter Health Park",2023,4751,154,14014,33.9
"Sutter Health Park",2021,11985,200,14014,85.52
"Sutter Health Park",2022,14945,193,14014,106.64
"Sutter Health Park",2024,11276,152,14014,80.46
"Sutter Health Park",2021,4504,195,14014,32.14
"Sutter Health Park",2024,5142,150,14014,36.69
"Sutter Health Park",2023,10534,186,14014,75.17
"Sutter Health Park",2022,10876,214,14014,77.61
"Sutter Health Park",2021,9154,181,14014,65.32
"Sutter Health Park",2024,6436,141,14014,45.93
"Sutter Health Park",2024,8637,165,14014,61.63
"Sutter Health Park",2022,14341,166,14014,102.33
"Sutter Health Park",2024,5867,138,14014,41.87
"Sutter Health Park",2021,4508,189,14014,32.17
"Sutter Health Park",2023,14507,177,14014,103.52
"Sutter Health Park",2021,8572,175,14014,61.17
"Sutter Health Park",2023,6372,137,14014,45.47
"Sutter Health Park",2022,9626,199,14014,68.69
"Sutter Health Park",2024,14574,149,14014,104
"Sutter Health Park",2024,6886,192,14014,49.14
"Sutter Health Park",2023,9235,200,14014,65.9
"Sutter Health Park",2022,9351,195,14014,66.73
"Sutter Health Park",2023,13345,143,14014,95.23
"Sutter Health Park",2023,12479,150,14014,89.05
"Sutter Health Park",2024,11596,159,14014,82.75
"Sutter Health Park",2024,9285,147,14014,66.26
"Sutter Health Park",2022,4591,196,14014,32.76
"Sutter Health Park",2023,4013,162,14014,28.64
"Sutter Health Park",2022,6707,162,14014,47.86
"Sutter Health Park",2022,7106,205,14014,50.71
"Sutter Health Park",2023,2949,136,14014,21.04
"Sutter Health Park",2024,5777,156,14014,41.22
"Sutter Health Park",2024,14837,134,14014,105.87
"Sutter Health Park",2021,3211,161,14014,22.91
"Sutter Health Park",2021,2893,184,14014,20.64
"Sutter Health Park",2024,11250,181,14014,80.28
"Sutter Health Park",2024,3528,138,14014,25.17
"Sutter Health Park",2021,3571,181,14014,25.48
"Sutter Health Park",2023,10115,135,14014,72.18
"Sutter Health Park",2022,3469,203,14014,24.75
"Sutter Health Park",2022,6978,229,14014,49.79
"Sutter Health Park",2021,8131,226,14014,58.02
"Sutter Health Park",2024,11956,158,14014,85.31
"Sutter Health Park",2022,4030,159,14014,28.76
"Sutter Health Park",2021,4090,179,14014,29.19
"Sutter Health Park",2023,9335,168,14014,66.61
"Sutter Health Park",2021,3004,197,14014,21.44
"Sutter Health Park",2021,5078,161,14014,36.24
"Sutter Health Park",2021,4942,174,14014,35.26
"Sutter Health Park",2022,4429,170,14014,31.6
"Sutter Health Park",2021,4320,154,14014,30.83
"Sutter Health Park",2022,5189,187,14014,37.03
"Sutter Health Park",2022,2703,182,14014,19.29
"Sutter Health Park",2023,15023,163,14014,107.2
"Sutter Health Park",2023,9062,180,14014,64.66
"Sutter Health Park",2024,5447,160,14014,38.87
"Sutter Health Park",2024,6571,155,14014,46.89
"Sutter Health Park",2023,3261,249,14014,23.27
"Sutter Health Park",2023,11102,209,14014,79.22
"Sutter Health Park",2023,12107,176,14014,86.39
"Sutter Health Park",2021,5058,148,14014,36.09
"Sutter Health Park",2024,12212,172,14014,87.14
"Sutter Health Park",2023,12015,207,14014,85.74
"Sutter Health Park",2022,8215,174,14014,58.62
"Sutter Health Park",2022,5010,174,14014,35.75
"Sutter Health Park",2023,8751,162,14014,62.44
"Sutter Health Park",2024,3837,159,14014,27.38
"Sutter Health Park",2024,4517,127,14014,32.23
"Sutter Health Park",2022,4733,183,14014,33.77
"Sutter Health Park",2023,5196,174,14014,37.08
"Sutter Health Park",2022,8268,225,14014,59
"Sutter Health Park",2022,10195,159,14014,72.75
"Sutter Health Park",2021,6964,180,14014,49.69
"Sutter Health Park",2023,3035,199,14014,21.66
"Sutter Health Park",2023,12073,171,14014,86.15
"Sutter Health Park",2022,3640,200,14014,25.97
"Sutter Health Park",2024,10927,140,14014,77.97
"Sutter Health Park",2021,4556,200,14014,32.51
"Sutter Health Park",2021,4068,167,14014,29.03
"Sutter Health Park",2024,16046,127,14014,114.5
"Sutter Health Park",2021,6911,160,14014,49.31
"Sutter Health Park",2022,6012,177,14014,42.9
"Sutter Health Park",2022,14796,187,14014,105.58
"Sutter Health Park",2021,9433,177,14014,67.31
"Sutter Health Park",2024,4377,114,14014,31.23
"Sutter Health Park",2021,10082,184,14014,71.94
"Sutter Health Park",2023,5419,153,14014,38.67
"Sutter Health Park",2024,8230,213,14014,58.73
"Sutter Health Park",2021,7672,165,14014,54.75
"Sutter Health Park",2022,9120,161,14014,65.08
"Sutter Health Park",2021,6983,184,14014,49.83
"Sutter Health Park",2023,5602,163,14014,39.97
"Sutter Health Park",2023,5075,163,14014,36.21
"Sutter Health Park",2022,7012,185,14014,50.04
"Sutter Health Park",2022,2488,157,14014,17.75
"Sutter Health Park",2021,9548,180,14014,68.13
"Sutter Health Park",2022,4105,175,14014,29.29
"Sutter Health Park",2022,6062,189,14014,43.26
"Sutter Health Park",2022,9835,202,14014,70.18
"Sutter Health Park",2023,4021,157,14014,28.69
"Sutter Health Park",2022,4846,160,14014,34.58
"Sutter Health Park",2023,12967,166,14014,92.53
"Sutter Health Park",2021,4246,179,14014,30.3
"Sutter Health Park",2023,14638,152,14014,104.45
"Sutter Health Park",2021,5862,183,14014,41.83
"Sutter Health Park",2024,4679,141,14014,33.39
"Sutter Health Park",2023,16084,141,14014,114.77
"Sutter Health Park",2024,10339,152,14014,73.78
"Sutter Health Park",2023,4848,151,14014,34.59
"Sutter Health Park",2021,3695,164,14014,26.37
"Sutter Health Park",2023,6294,172,14014,44.91
"Sutter Health Park",2021,7945,166,14014,56.69
"Sutter Health Park",2022,3138,174,14014,22.39
"Sutter Health Park",2021,11374,191,14014,81.16
"Sutter Health Park",2023,8556,151,14014,61.05
"T-Mobile Park",2024,38017,164,47929,79.32
"T-Mobile Park",2024,25567,148,47929,53.34
"T-Mobile Park",2024,38104,144,47929,79.5
"T-Mobile Park",2023,17638,140,47929,36.8
"T-Mobile Park",2022,34740,184,47929,72.48
"T-Mobile Park",2022,39870,209,47929,83.19
"T-Mobile Park",2021,6436,203,47929,13.43
"T-Mobile Park",2023,44624,152,47929,93.1
"T-Mobile Park",2024,26033,153,47929,54.32
"T-Mobile Park",2023,45818,208,47929,95.6
"T-Mobile Park",2022,42900,172,47929,89.51
"T-Mobile Park",2024,16008,150,47929,33.4
"T-Mobile Park",2023,32944,143,47929,68.74
"T-Mobile Park",2023,26846,174,47929,56.01
"T-Mobile Park",2024,17291,171,47929,36.08
"T-Mobile Park",2021,30843,206,47929,64.35
"T-Mobile Park",2024,35131,138,47929,73.3
"T-Mobile Park",2024,41609,138,47929,86.81
"T-Mobile Park",2023,32698,154,47929,68.22
"T-Mobile Park",2023,15282,136,47929,31.88
"T-Mobile Park",2021,5776,175,47929,12.05
"T-Mobile Park",2023,28677,158,47929,59.83
"T-Mobile Park",2024,45337,165,47929,94.59
"T-Mobile Park",2022,26583,176,47929,55.46
"T-Mobile Park",2022,23333,148,47929,48.68
"T-Mobile Park",2024,33500,155,47929,69.9
"T-Mobile Park",2024,20005,152,47929,41.74
"T-Mobile Park",2021,20044,171,47929,41.82
"T-Mobile Park",2023,41744,148,47929,87.1
"T-Mobile Park",2023,39920,141,47929,83.29
"T-Mobile Park",2024,14984,152,47929,31.26
"T-Mobile Park",2023,29633,133,47929,61.83
"T-Mobile Park",2024,20646,147,47929,43.08
"T-Mobile Park",2021,21501,187,47929,44.86
"T-Mobile Park",2021,17860,238,47929,37.26
"T-Mobile Park",2022,37691,217,47929,78.64
"T-Mobile Park",2021,8632,200,47929,18.01
"T-Mobile Park",2024,29331,152,47929,61.2
"T-Mobile Park",2024,36137,137,47929,75.4
"T-Mobile Park",2024,38264,173,47929,79.83
"T-Mobile Park",2024,22528,158,47929,47
"T-Mobile Park",2024,40001,152,47929,83.46
"T-Mobile Park",2021,27353,170,47929,57.07
"T-Mobile Park",2021,44414,217,47929,92.67
"T-Mobile Park",2021,23348,212,47929,48.71
"T-Mobile Park",2022,14415,204,47929,30.08
"T-Mobile Park",2023,37807,199,47929,78.88
"T-Mobile Park",2023,38829,137,47929,81.01
"T-Mobile Park",2022,34837,174,47929,72.68
"T-Mobile Park",2021,19887,239,47929,41.49
"T-Mobile Park",2022,38254,168,47929,79.81
"T-Mobile Park",2023,44250,124,47929,92.32
"T-Mobile Park",2024,25012,177,47929,52.19
"T-Mobile Park",2022,45023,184,47929,93.94
"T-Mobile Park",2023,45175,190,47929,94.25
"T-Mobile Park",2024,32347,161,47929,67.49
"T-Mobile Park",2024,17225,140,47929,35.94
"T-Mobile Park",2021,8651,179,47929,18.05
"T-Mobile Park",2021,10287,216,47929,21.46
"T-Mobile Park",2023,35546,159,47929,74.16
"T-Mobile Park",2021,11141,180,47929,23.24
"T-Mobile Park",2022,34827,190,47929,72.66
"T-Mobile Park",2023,43997,121,47929,91.8
"T-Mobile Park",2022,37500,157,47929,78.24
"T-Mobile Park",2021,12879,159,47929,26.87
"T-Mobile Park",2024,33629,162,47929,70.16
"T-Mobile Park",2024,35990,159,47929,75.09
"T-Mobile Park",2021,17205,182,47929,35.9
"T-Mobile Park",2024,38027,184,47929,79.34
"T-Mobile Park",2023,29247,146,47929,61.02
"T-Mobile Park",2021,11198,180,47929,23.36
"T-Mobile Park",2023,36541,162,47929,76.24
"T-Mobile Park",2022,41507,168,47929,86.6
"T-Mobile Park",2022,16387,191,47929,34.19
"T-Mobile Park",2023,29443,155,47929,61.43
"T-Mobile Park",2022,24071,204,47929,50.22
"T-Mobile Park",2022,21615,159,47929,45.1
"T-Mobile Park",2023,22671,208,47929,47.3
"T-Mobile Park",2023,40231,145,47929,83.94
"T-Mobile Park",2021,18930,206,47929,39.5
"T-Mobile Park",2021,10519,197,47929,21.95
"T-Mobile Park",2023,45477,161,47929,94.88
"T-Mobile Park",2021,9008,155,47929,18.79
"T-Mobile Park",2021,14031,128,47929,29.27
"T-Mobile Park",2021,8999,191,47929,18.78
"T-Mobile Park",2023,45268,134,47929,94.45
"T-Mobile Park",2023,39014,164,47929,81.4
"T-Mobile Park",2021,21312,197,47929,44.47
"T-Mobile Park",2023,23463,134,47929,48.95
"T-Mobile Park",2023,18206,187,47929,37.99
"T-Mobile Park",2023,15418,164,47929,32.17
"T-Mobile Park",2023,25825,162,47929,53.88
"T-Mobile Park",2023,38019,195,47929,79.32
"T-Mobile Park",2021,8993,196,47929,18.76
"T-Mobile Park",2023,37434,149,47929,78.1
"T-Mobile Park",2024,38762,185,47929,80.87
"T-Mobile Park",2021,8174,225,47929,17.05
"T-Mobile Park",2022,21863,154,47929,45.62
"T-Mobile Park",2024,35038,155,47929,73.1
"T-Mobile Park",2024,30013,144,47929,62.62
"T-Mobile Park",2022,9374,176,47929,19.56
"T-Mobile Park",2022,45245,204,47929,94.4
"T-Mobile Park",2024,42177,149,47929,88
"T-Mobile Park",2024,32149,166,47929,67.08
"T-Mobile Park",2024,37998,146,47929,79.28
"T-Mobile Park",2022,13019,156,47929,27.16
"T-Mobile Park",2021,22679,185,47929,47.32
"T-Mobile Park",2023,34154,170,47929,71.26
"T-Mobile Park",2023,44280,168,47929,92.39
"T-Mobile Park",2023,44818,192,47929,93.51
"T-Mobile Park",2024,40739,151,47929,85
"T-Mobile Park",2021,15412,208,47929,32.16
"T-Mobile Park",2022,14797,205,47929,30.87
"T-Mobile Park",2021,11169,200,47929,23.3
"T-Mobile Park",2023,38683,142,47929,80.71
"T-Mobile Park",2021,12635,188,47929,26.36
"T-Mobile Park",2021,9092,188,47929,18.97
"T-Mobile Park",2024,33367,168,47929,69.62
"T-Mobile Park",2023,28141,182,47929,58.71
"T-Mobile Park",2024,39743,164,47929,82.92
"T-Mobile Park",2021,16882,206,47929,35.22
"T-Mobile Park",2021,10311,189,47929,21.51
"T-Mobile Park",2021,8960,156,47929,18.69
"T-Mobile Park",2023,32665,165,47929,68.15
"T-Mobile Park",2022,17027,170,47929,35.53
"T-Mobile Park",2023,42352,177,47929,88.36
"T-Mobile Park",2023,44694,192,47929,93.25
"T-Mobile Park",2024,39588,155,47929,82.6
"T-Mobile Park",2024,36173,159,47929,75.47
"T-Mobile Park",2022,12749,190,47929,26.6
"T-Mobile Park",2022,24564,202,47929,51.25
"T-Mobile Park",2023,44772,141,47929,93.41
"T-Mobile Park",2021,22953,280,47929,47.89
"T-Mobile Park",2024,25437,160,47929,53.07
"T-Mobile Park",2022,24998,161,47929,52.16
"T-Mobile Park",2023,23585,139,47929,49.21
"T-Mobile Park",2023,24596,152,47929,51.32
"T-Mobile Park",2021,18553,203,47929,38.71
"T-Mobile Park",2022,21035,177,47929,43.89
"T-Mobile Park",2022,28548,252,47929,59.56
"T-Mobile Park",2024,41814,145,47929,87.24
"T-Mobile Park",2022,15881,181,47929,33.13
"T-Mobile Park",2024,25527,143,47929,53.26
"T-Mobile Park",2024,23814,150,47929,49.69
"T-Mobile Park",2023,19255,151,47929,40.17
"T-Mobile Park",2021,15146,142,47929,31.6
"T-Mobile Park",2024,27119,150,47929,56.58
"T-Mobile Park",2021,24575,193,47929,51.27
"T-Mobile Park",2022,23221,202,47929,48.45
"T-Mobile Park",2023,31250,152,47929,65.2
"T-Mobile Park",2023,45274,169,47929,94.46
"T-Mobile Park",2022,42114,186,47929,87.87
"T-Mobile Park",2021,9185,190,47929,19.16
"T-Mobile Park",2022,20860,173,47929,43.52
"T-Mobile Park",2021,9000,185,47929,18.78
"T-Mobile Park",2022,15329,180,47929,31.98
"T-Mobile Park",2024,17701,136,47929,36.93
"T-Mobile Park",2021,6742,145,47929,14.07
"T-Mobile Park",2022,23463,191,47929,48.95
"T-Mobile Park",2021,7429,229,47929,15.5
"T-Mobile Park",2023,37063,190,47929,77.33
"T-Mobile Park",2021,28638,259,47929,59.75
"T-Mobile Park",2024,44924,158,47929,93.73
"T-Mobile Park",2023,14899,159,47929,31.09
"T-Mobile Park",2023,45823,161,47929,95.61
"T-Mobile Park",2022,28583,246,47929,59.64
"T-Mobile Park",2022,44965,169,47929,93.82
"T-Mobile Park",2024,21689,154,47929,45.25
"T-Mobile Park",2024,34885,202,47929,72.78
"T-Mobile Park",2022,27314,228,47929,56.99
"T-Mobile Park",2023,19268,120,47929,40.2
"T-Mobile Park",2022,16024,159,47929,33.43
"T-Mobile Park",2022,26154,234,47929,54.57
"T-Mobile Park",2023,42277,162,47929,88.21
"T-Mobile Park",2024,32423,155,47929,67.65
"T-Mobile Park",2024,35551,168,47929,74.17
"T-Mobile Park",2024,39932,167,47929,83.31
"T-Mobile Park",2021,8462,191,47929,17.66
"T-Mobile Park",2022,21094,228,47929,44.01
"T-Mobile Park",2023,17461,140,47929,36.43
"T-Mobile Park",2023,19510,167,47929,40.71
"T-Mobile Park",2021,7980,225,47929,16.65
"T-Mobile Park",2022,24238,173,47929,50.57
"T-Mobile Park",2021,18908,254,47929,39.45
"T-Mobile Park",2023,43817,154,47929,91.42
"T-Mobile Park",2021,8967,184,47929,18.71
"T-Mobile Park",2023,32209,157,47929,67.2
"T-Mobile Park",2021,28207,180,47929,58.85
"T-Mobile Park",2021,8098,174,47929,16.9
"T-Mobile Park",2022,38504,156,47929,80.34
"T-Mobile Park",2023,14276,163,47929,29.79
"T-Mobile Park",2022,25837,179,47929,53.91
"T-Mobile Park",2021,8998,148,47929,18.77
"T-Mobile Park",2021,9160,213,47929,19.11
"T-Mobile Park",2024,34889,151,47929,72.79
"T-Mobile Park",2023,20498,164,47929,42.77
"T-Mobile Park",2023,34045,177,47929,71.03
"T-Mobile Park",2022,45190,151,47929,94.29
"T-Mobile Park",2023,25648,175,47929,53.51
"T-Mobile Park",2024,41429,146,47929,86.44
"T-Mobile Park",2021,14379,158,47929,30
"T-Mobile Park",2024,31674,186,47929,66.09
"T-Mobile Park",2021,17524,147,47929,36.56
"T-Mobile Park",2024,22212,169,47929,46.34
"T-Mobile Park",2021,15789,192,47929,32.94
"T-Mobile Park",2023,31516,185,47929,65.76
"T-Mobile Park",2024,45584,138,47929,95.11
"T-Mobile Park",2022,42654,216,47929,88.99
"T-Mobile Park",2024,31407,148,47929,65.53
"T-Mobile Park",2024,26496,133,47929,55.28
"T-Mobile Park",2021,26020,212,47929,54.29
"T-Mobile Park",2021,9880,156,47929,20.61
"T-Mobile Park",2021,17366,186,47929,36.23
"T-Mobile Park",2023,26437,145,47929,55.16
"T-Mobile Park",2021,10605,166,47929,22.13
"T-Mobile Park",2021,8959,199,47929,18.69
"T-Mobile Park",2024,35460,161,47929,73.98
"T-Mobile Park",2022,37694,165,47929,78.65
"T-Mobile Park",2022,23581,182,47929,49.2
"T-Mobile Park",2021,6504,195,47929,13.57
"T-Mobile Park",2023,38732,149,47929,80.81
"T-Mobile Park",2023,36249,167,47929,75.63
"T-Mobile Park",2023,38219,174,47929,79.74
"T-Mobile Park",2024,23312,153,47929,48.64
"T-Mobile Park",2021,11112,211,47929,23.18
"T-Mobile Park",2022,38804,247,47929,80.96
"T-Mobile Park",2023,25770,178,47929,53.77
"T-Mobile Park",2022,17412,185,47929,36.33
"T-Mobile Park",2022,16422,216,47929,34.26
"T-Mobile Park",2021,7201,154,47929,15.02
"T-Mobile Park",2024,36629,197,47929,76.42
"T-Mobile Park",2024,23534,136,47929,49.1
"T-Mobile Park",2024,21129,152,47929,44.08
"T-Mobile Park",2023,40035,186,47929,83.53
"T-Mobile Park",2022,21485,173,47929,44.83
"T-Mobile Park",2022,24028,166,47929,50.13
"T-Mobile Park",2022,35843,204,47929,74.78
"T-Mobile Park",2024,38956,136,47929,81.28
"T-Mobile Park",2021,18219,191,47929,38.01
"T-Mobile Park",2022,43280,164,47929,90.3
"T-Mobile Park",2021,44169,193,47929,92.16
"T-Mobile Park",2024,32398,141,47929,67.6
"T-Mobile Park",2022,39052,164,47929,81.48
"T-Mobile Park",2023,33771,145,47929,70.46
"T-Mobile Park",2023,40328,155,47929,84.14
"T-Mobile Park",2021,8392,196,47929,17.51
"T-Mobile Park",2024,23027,161,47929,48.04
"T-Mobile Park",2021,16046,192,47929,33.48
"T-Mobile Park",2023,27549,169,47929,57.48
"T-Mobile Park",2021,13551,183,47929,28.27
"T-Mobile Park",2022,42512,156,47929,88.7
"T-Mobile Park",2024,33007,177,47929,68.87
"T-Mobile Park",2023,44921,174,47929,93.72
"T-Mobile Park",2021,20381,211,47929,42.52
"T-Mobile Park",2023,22480,153,47929,46.9
"T-Mobile Park",2021,10452,193,47929,21.81
"T-Mobile Park",2024,31668,182,47929,66.07
"T-Mobile Park",2024,34493,147,47929,71.97
"T-Mobile Park",2022,37109,168,47929,77.42
"T-Mobile Park",2024,27927,140,47929,58.27
"T-Mobile Park",2022,24007,181,47929,50.09
"T-Mobile Park",2023,37942,169,47929,79.16
"T-Mobile Park",2022,25509,160,47929,53.22
"T-Mobile Park",2022,24206,162,47929,50.5
"T-Mobile Park",2022,31589,181,47929,65.91
"T-Mobile Park",2024,39953,170,47929,83.36
"T-Mobile Park",2022,45586,168,47929,95.11
"T-Mobile Park",2024,43448,166,47929,90.65
"T-Mobile Park",2024,20665,151,47929,43.12
"T-Mobile Park",2023,43823,167,47929,91.43
"T-Mobile Park",2021,44229,236,47929,92.28
"T-Mobile Park",2024,40948,137,47929,85.43
"T-Mobile Park",2021,14772,182,47929,30.82
"T-Mobile Park",2022,15264,212,47929,31.85
"T-Mobile Park",2021,18172,188,47929,37.91
"T-Mobile Park",2023,45188,218,47929,94.28
"T-Mobile Park",2024,35062,159,47929,73.15
"T-Mobile Park",2022,32501,184,47929,67.81
"T-Mobile Park",2024,22583,142,47929,47.12
"T-Mobile Park",2023,32368,131,47929,67.53
"T-Mobile Park",2021,7669,173,47929,16
"T-Mobile Park",2021,16547,217,47929,34.52
"T-Mobile Park",2022,27065,167,47929,56.47
"T-Mobile Park",2024,29755,130,47929,62.08
"T-Mobile Park",2021,6883,164,47929,14.36
"T-Mobile Park",2024,33474,146,47929,69.84
"T-Mobile Park",2023,36061,172,47929,75.24
"T-Mobile Park",2022,12570,227,47929,26.23
"T-Mobile Park",2021,12654,168,47929,26.4
"T-Mobile Park",2022,15856,190,47929,33.08
"T-Mobile Park",2022,44754,167,47929,93.38
"T-Mobile Park",2023,39546,173,47929,82.51
"T-Mobile Park",2022,42465,191,47929,88.6
"T-Mobile Park",2022,23907,170,47929,49.88
"T-Mobile Park",2023,18877,169,47929,39.39
"T-Mobile Park",2022,27589,180,47929,57.56
"T-Mobile Park",2023,42430,179,47929,88.53
"T-Mobile Park",2022,26017,165,47929,54.28
"T-Mobile Park",2022,28986,180,47929,60.48
"T-Mobile Park",2023,15646,139,47929,32.64
"T-Mobile Park",2021,15162,234,47929,31.63
"T-Mobile Park",2022,11067,157,47929,23.09
"T-Mobile Park",2024,22233,177,47929,46.39
"T-Mobile Park",2022,17958,182,47929,37.47
"T-Mobile Park",2024,26153,156,47929,54.57
"T-Mobile Park",2024,34255,162,47929,71.47
"T-Mobile Park",2022,43197,166,47929,90.13
"T-Mobile Park",2021,11071,163,47929,23.1
"T-Mobile Park",2022,41210,162,47929,85.98
"T-Mobile Park",2021,9588,157,47929,20
"T-Mobile Park",2023,23329,162,47929,48.67
"T-Mobile Park",2023,36203,140,47929,75.53
"T-Mobile Park",2022,20804,177,47929,43.41
"T-Mobile Park",2021,10014,186,47929,20.89
"T-Mobile Park",2024,32996,161,47929,68.84
"T-Mobile Park",2024,26452,149,47929,55.19
"T-Mobile Park",2021,15483,177,47929,32.3
"T-Mobile Park",2024,33997,129,47929,70.93
"T-Mobile Park",2022,45290,184,47929,94.49
"T-Mobile Park",2022,32398,248,47929,67.6
"T-Mobile Park",2022,22053,168,47929,46.01
"T-Mobile Park",2021,11630,215,47929,24.27
"T-Mobile Park",2024,21322,155,47929,44.49
"Target Field",2023,26716,191,38544,69.31
"Target Field",2022,27021,189,38544,70.1
"Target Field",2021,20676,207,38544,53.64
"Target Field",2021,9993,179,38544,25.93
"Target Field",2024,25806,171,38544,66.95
"Target Field",2021,18812,178,38544,48.81
"Target Field",2022,26073,207,38544,67.64
"Target Field",2022,18595,178,38544,48.24
"Target Field",2024,23587,154,38544,61.19
"Target Field",2023,22650,157,38544,58.76
"Target Field",2023,19201,136,38544,49.82
"Target Field",2022,25246,175,38544,65.5
"Target Field",2022,38802,200,38544,100.67
"Target Field",2024,30314,118,38544,78.65
"Target Field",2022,19581,207,38544,50.8
"Target Field",2023,16242,174,38544,42.14
"Target Field",2022,12932,180,38544,33.55
"Target Field",2021,8608,155,38544,22.33
"Target Field",2022,16361,175,38544,42.45
"Target Field",2022,16732,240,38544,43.41
"Target Field",2024,23805,158,38544,61.76
"Target Field",2021,10270,213,38544,26.64
"Target Field",2022,20867,189,38544,54.14
"Target Field",2022,19909,207,38544,51.65
"Target Field",2022,25044,160,38544,64.98
"Target Field",2023,16882,161,38544,43.8
"Target Field",2023,27570,151,38544,71.53
"Target Field",2021,17923,199,38544,46.5
"Target Field",2021,20803,217,38544,53.97
"Target Field",2024,12443,139,38544,32.28
"Target Field",2022,39030,214,38544,101.26
"Target Field",2024,15660,153,38544,40.63
"Target Field",2021,21384,187,38544,55.48
"Target Field",2022,23647,158,38544,61.35
"Target Field",2022,22249,192,38544,57.72
"Target Field",2024,15177,135,38544,39.38
"Target Field",2024,30517,150,38544,79.17
"Target Field",2021,22240,154,38544,57.7
"Target Field",2021,19605,181,38544,50.86
"Target Field",2022,22332,186,38544,57.94
"Target Field",2022,16686,212,38544,43.29
"Target Field",2021,8071,185,38544,20.94
"Target Field",2022,19016,199,38544,49.34
"Target Field",2023,31403,155,38544,81.47
"Target Field",2023,28218,164,38544,73.21
"Target Field",2024,31569,135,38544,81.9
"Target Field",2021,9982,189,38544,25.9
"Target Field",2022,29593,204,38544,76.78
"Target Field",2024,33835,163,38544,87.78
"Target Field",2023,27100,177,38544,70.31
"Target Field",2024,19142,159,38544,49.66
"Target Field",2022,19005,163,38544,49.31
"Target Field",2024,23229,143,38544,60.27
"Target Field",2023,27617,147,38544,71.65
"Target Field",2024,14710,181,38544,38.16
"Target Field",2021,7853,184,38544,20.37
"Target Field",2022,11829,143,38544,30.69
"Target Field",2023,38465,167,38544,99.8
"Target Field",2023,24390,142,38544,63.28
"Target Field",2023,28553,135,38544,74.08
"Target Field",2024,29638,170,38544,76.89
"Target Field",2021,9969,203,38544,25.86
"Target Field",2022,27570,237,38544,71.53
"Target Field",2021,21034,171,38544,54.57
"Target Field",2024,24488,141,38544,63.53
"Target Field",2024,20363,150,38544,52.83
"Target Field",2024,22545,169,38544,58.49
"Target Field",2021,14222,169,38544,36.9
"Target Field",2022,28514,192,38544,73.98
"Target Field",2023,19692,137,38544,51.09
"Target Field",2021,18861,158,38544,48.93
"Target Field",2021,18302,163,38544,47.48
"Target Field",2022,23225,189,38544,60.26
"Target Field",2022,19365,189,38544,50.24
"Target Field",2022,17101,154,38544,44.37
"Target Field",2023,20511,147,38544,53.21
"Target Field",2024,19609,141,38544,50.87
"Target Field",2023,17150,170,38544,44.49
"Target Field",2022,14295,199,38544,37.09
"Target Field",2021,9792,208,38544,25.4
"Target Field",2024,30957,156,38544,80.32
"Target Field",2024,23217,146,38544,60.24
"Target Field",2021,20744,249,38544,53.82
"Target Field",2021,17643,232,38544,45.77
"Target Field",2024,13849,152,38544,35.93
"Target Field",2022,24643,137,38544,63.93
"Target Field",2021,26186,172,38544,67.94
"Target Field",2024,20712,192,38544,53.74
"Target Field",2024,25885,142,38544,67.16
"Target Field",2021,29342,167,38544,76.13
"Target Field",2024,28605,154,38544,74.21
"Target Field",2023,33419,165,38544,86.7
"Target Field",2022,18711,206,38544,48.54
"Target Field",2024,14445,144,38544,37.48
"Target Field",2023,16627,159,38544,43.14
"Target Field",2023,12078,159,38544,31.34
"Target Field",2022,23397,191,38544,60.7
"Target Field",2021,23158,162,38544,60.08
"Target Field",2024,11223,166,38544,29.12
"Target Field",2022,16918,200,38544,43.89
"Target Field",2024,27170,141,38544,70.49
"Target Field",2024,27560,152,38544,71.5
"Target Field",2022,16197,230,38544,42.02
"Target Field",2022,17657,185,38544,45.81
"Target Field",2022,11803,185,38544,30.62
"Target Field",2023,12469,153,38544,32.35
"Target Field",2021,16892,166,38544,43.83
"Target Field",2021,10574,159,38544,27.43
"Target Field",2024,35183,140,38544,91.28
"Target Field",2022,22272,175,38544,57.78
"Target Field",2021,17713,226,38544,45.96
"Target Field",2023,18342,172,38544,47.59
"Target Field",2021,8431,191,38544,21.87
"Target Field",2024,17342,165,38544,44.99
"Target Field",2022,25285,207,38544,65.6
"Target Field",2023,26950,126,38544,69.92
"Target Field",2021,18444,184,38544,47.85
"Target Field",2022,18595,216,38544,48.24
"Target Field",2021,23125,194,38544,60
"Target Field",2023,24431,250,38544,63.38
"Target Field",2024,15174,157,38544,39.37
"Target Field",2022,22341,226,38544,57.96
"Target Field",2023,29111,170,38544,75.53
"Target Field",2023,30150,156,38544,78.22
"Target Field",2022,25350,197,38544,65.77
"Target Field",2021,16329,183,38544,42.36
"Target Field",2022,37183,182,38544,96.47
"Target Field",2021,8530,189,38544,22.13
"Target Field",2023,12862,142,38544,33.37
"Target Field",2022,35462,173,38544,92
"Target Field",2023,25843,162,38544,67.05
"Target Field",2023,30687,170,38544,79.62
"Target Field",2022,28048,186,38544,72.77
"Target Field",2021,15509,214,38544,40.24
"Target Field",2022,17509,164,38544,45.43
"Target Field",2021,18905,137,38544,49.05
"Target Field",2022,19850,158,38544,51.5
"Target Field",2023,32724,176,38544,84.9
"Target Field",2023,20323,156,38544,52.73
"Target Field",2024,36327,182,38544,94.25
"Target Field",2024,20064,147,38544,52.05
"Target Field",2021,17728,211,38544,45.99
"Target Field",2024,18974,156,38544,49.23
"Target Field",2021,17530,314,38544,45.48
"Target Field",2024,21857,155,38544,56.71
"Target Field",2023,26818,153,38544,69.58
"Target Field",2024,28881,151,38544,74.93
"Target Field",2023,23629,138,38544,61.3
"Target Field",2022,22741,210,38544,59
"Target Field",2024,22154,159,38544,57.48
"Target Field",2021,9817,194,38544,25.47
"Target Field",2022,20618,181,38544,53.49
"Target Field",2024,20200,198,38544,52.41
"Target Field",2024,14384,129,38544,37.32
"Target Field",2022,20375,225,38544,52.86
"Target Field",2024,22173,150,38544,57.53
"Target Field",2022,17882,173,38544,46.39
"Target Field",2024,26041,142,38544,67.56
"Target Field",2021,17858,168,38544,46.33
"Target Field",2021,7074,151,38544,18.35
"Target Field",2021,21784,148,38544,56.52
"Target Field",2022,26155,221,38544,67.86
"Target Field",2023,30037,162,38544,77.93
"Target Field",2024,21983,167,38544,57.03
"Target Field",2022,22627,174,38544,58.7
"Target Field",2023,18467,171,38544,47.91
"Target Field",2023,22969,157,38544,59.59
"Target Field",2024,28056,153,38544,72.79
"Target Field",2022,25540,161,38544,66.26
"Target Field",2024,35595,177,38544,92.35
"Target Field",2022,24802,174,38544,64.35
"Target Field",2024,27917,175,38544,72.43
"Target Field",2022,21781,207,38544,56.51
"Target Field",2024,18162,164,38544,47.12
"Target Field",2022,23761,178,38544,61.65
"Target Field",2024,21998,155,38544,57.07
"Target Field",2023,23822,185,38544,61.8
"Target Field",2023,20790,160,38544,53.94
"Target Field",2023,25033,140,38544,64.95
"Target Field",2024,18311,149,38544,47.51
"Target Field",2024,28129,201,38544,72.98
"Target Field",2024,17341,256,38544,44.99
"Target Field",2023,27170,140,38544,70.49
"Target Field",2021,9504,228,38544,24.66
"Target Field",2022,22003,177,38544,57.09
"Target Field",2023,16788,154,38544,43.56
"Target Field",2022,22286,180,38544,57.82
"Target Field",2021,21030,206,38544,54.56
"Target Field",2021,19147,191,38544,49.68
"Target Field",2022,24929,174,38544,64.68
"Target Field",2021,15319,126,38544,39.74
"Target Field",2022,16595,169,38544,43.05
"Target Field",2024,24623,146,38544,63.88
"Target Field",2023,34044,148,38544,88.33
"Target Field",2021,6724,197,38544,17.44
"Target Field",2021,15622,223,38544,40.53
"Target Field",2021,22467,201,38544,58.29
"Target Field",2023,23464,172,38544,60.88
"Target Field",2022,30959,169,38544,80.32
"Target Field",2024,17757,157,38544,46.07
"Target Field",2023,31339,140,38544,81.31
"Target Field",2021,20321,218,38544,52.72
"Target Field",2022,24424,168,38544,63.37
"Target Field",2024,31431,157,38544,81.55
"Target Field",2023,32270,172,38544,83.72
"Target Field",2023,24232,150,38544,62.87
"Target Field",2024,24863,196,38544,64.51
"Target Field",2024,19901,129,38544,51.63
"Target Field",2021,12212,171,38544,31.68
"Target Field",2021,8760,205,38544,22.73
"Target Field",2021,20280,202,38544,52.62
"Target Field",2022,23543,169,38544,61.08
"Target Field",2023,20520,180,38544,53.24
"Target Field",2022,24133,227,38544,62.61
"Target Field",2023,30894,159,38544,80.15
"Target Field",2021,7925,205,38544,20.56
"Target Field",2021,18767,200,38544,48.69
"Target Field",2024,33813,179,38544,87.73
"Target Field",2023,32006,170,38544,83.04
"Target Field",2021,8022,204,38544,20.81
"Target Field",2024,30801,149,38544,79.91
"Target Field",2022,24896,201,38544,64.59
"Target Field",2024,30084,181,38544,78.05
"Target Field",2023,34514,173,38544,89.54
"Target Field",2023,22081,170,38544,57.29
"Target Field",2021,19187,209,38544,49.78
"Target Field",2023,25061,166,38544,65.02
"Target Field",2021,22224,214,38544,57.66
"Target Field",2021,19664,189,38544,51.02
"Target Field",2023,29001,208,38544,75.24
"Target Field",2021,18437,177,38544,47.83
"Target Field",2023,11754,158,38544,30.5
"Target Field",2021,17817,243,38544,46.23
"Target Field",2023,25728,161,38544,66.75
"Target Field",2023,14763,133,38544,38.3
"Target Field",2021,9541,137,38544,24.75
"Target Field",2021,22370,168,38544,58.04
"Target Field",2021,17949,212,38544,46.57
"Target Field",2024,20893,137,38544,54.21
"Target Field",2023,22329,170,38544,57.93
"Target Field",2023,16153,143,38544,41.91
"Target Field",2022,26907,199,38544,69.81
"Target Field",2024,26058,169,38544,67.61
"Target Field",2023,19466,163,38544,50.5
"Target Field",2021,21186,213,38544,54.97
"Target Field",2022,14927,163,38544,38.73
"Target Field",2023,23045,189,38544,59.79
"Target Field",2024,41679,224,38544,108.13
"Target Field",2021,27183,198,38544,70.52
"Target Field",2022,22939,211,38544,59.51
"Target Field",2022,25604,215,38544,66.43
"Target Field",2023,23912,173,38544,62.04
"Target Field",2023,14316,153,38544,37.14
"Target Field",2023,27153,156,38544,70.45
"Target Field",2023,25144,145,38544,65.23
"Target Field",2022,27643,230,38544,71.72
"Target Field",2022,24578,174,38544,63.77
"Target Field",2021,21725,177,38544,56.36
"Target Field",2022,21841,220,38544,56.67
"Target Field",2021,23337,158,38544,60.55
"Target Field",2021,14260,192,38544,37
"Target Field",2021,19532,193,38544,50.67
"Target Field",2022,16156,190,38544,41.92
"Target Field",2024,35631,172,38544,92.44
"Target Field",2023,31025,167,38544,80.49
"Target Field",2022,27471,212,38544,71.27
"Target Field",2024,22542,150,38544,58.48
"Target Field",2023,22890,166,38544,59.39
"Target Field",2023,26330,147,38544,68.31
"Target Field",2024,12546,149,38544,32.55
"Target Field",2023,23365,154,38544,60.62
"Target Field",2024,17508,144,38544,45.42
"Target Field",2021,9396,211,38544,24.38
"Target Field",2024,15685,147,38544,40.69
"Target Field",2021,19496,211,38544,50.58
"Target Field",2021,9675,207,38544,25.1
"Target Field",2022,17018,191,38544,44.15
"Target Field",2023,18683,191,38544,48.47
"Target Field",2022,26646,212,38544,69.13
"Target Field",2021,17223,178,38544,44.68
"Target Field",2023,23333,153,38544,60.54
"Target Field",2021,9718,163,38544,25.21
"Target Field",2023,20169,190,38544,52.33
"Target Field",2024,28302,202,38544,73.43
"Target Field",2024,30558,156,38544,79.28
"Target Field",2021,17078,188,38544,44.31
"Target Field",2021,17254,185,38544,44.76
"Target Field",2023,26824,175,38544,69.59
"Target Field",2023,30673,158,38544,79.58
"Target Field",2022,14257,184,38544,36.99
"Target Field",2023,24778,160,38544,64.28
"Target Field",2021,20215,178,38544,52.45
"Target Field",2024,18875,188,38544,48.97
"Target Field",2024,29634,173,38544,76.88
"Target Field",2021,9997,182,38544,25.94
"Target Field",2023,26154,154,38544,67.85
"Target Field",2024,18130,146,38544,47.04
"Target Field",2021,19949,256,38544,51.76
"Target Field",2024,28018,144,38544,72.69
"Target Field",2024,25053,142,38544,65
"Target Field",2023,32222,143,38544,83.6
"Target Field",2023,22883,170,38544,59.37
"Target Field",2024,32774,163,38544,85.03
"Target Field",2023,29408,167,38544,76.3
"Target Field",2022,23394,190,38544,60.69
"Target Field",2023,23433,166,38544,60.8
"Target Field",2022,23093,181,38544,59.91
"Target Field",2024,31272,170,38544,81.13
"Target Field",2021,9778,180,38544,25.37
"Target Field",2024,29904,156,38544,77.58
"Target Field",2023,17658,157,38544,45.81
"Target Field",2022,19337,199,38544,50.17
"Target Field",2024,17024,143,38544,44.17
"Target Field",2021,18192,143,38544,47.2
"Target Field",2022,27195,185,38544,70.56
"Target Field",2024,20787,161,38544,53.93
"Target Field",2023,31221,168,38544,81
"Target Field",2022,20231,197,38544,52.49
"Target Field",2024,18640,151,38544,48.36
"Target Field",2023,25987,142,38544,67.42
"Target Field",2024,22235,158,38544,57.69
"Target Field",2024,38289,140,38544,99.34
"Truist Park",2024,37015,141,41084,90.1
"Truist Park",2021,35250,203,41084,85.8
"Truist Park",2024,38701,165,41084,94.2
"Truist Park",2022,35656,187,41084,86.79
"Truist Park",2024,38276,165,41084,93.17
"Truist Park",2021,28820,195,41084,70.15
"Truist Park",2021,41136,196,41084,100.13
"Truist Park",2023,42399,142,41084,103.2
"Truist Park",2024,33281,183,41084,81.01
"Truist Park",2024,36859,160,41084,89.72
"Truist Park",2021,11830,225,41084,28.79
"Truist Park",2021,27664,185,41084,67.34
"Truist Park",2024,42155,159,41084,102.61
"Truist Park",2024,34245,154,41084,83.35
"Truist Park",2021,39847,250,41084,96.99
"Truist Park",2021,39439,201,41084,96
"Truist Park",2022,37240,193,41084,90.64
"Truist Park",2021,40377,171,41084,98.28
"Truist Park",2023,42866,192,41084,104.34
"Truist Park",2023,36841,172,41084,89.67
"Truist Park",2024,34582,151,41084,84.17
"Truist Park",2022,42867,179,41084,104.34
"Truist Park",2023,40932,152,41084,99.63
"Truist Park",2021,35586,174,41084,86.62
"Truist Park",2023,40695,150,41084,99.05
"Truist Park",2024,35113,163,41084,85.47
"Truist Park",2021,28405,201,41084,69.14
"Truist Park",2021,40868,153,41084,99.47
"Truist Park",2021,34454,191,41084,83.86
"Truist Park",2023,41777,150,41084,101.69
"Truist Park",2024,40810,150,41084,99.33
"Truist Park",2024,37538,207,41084,91.37
"Truist Park",2023,42665,144,41084,103.85
"Truist Park",2023,41992,146,41084,102.21
"Truist Park",2021,33203,146,41084,80.82
"Truist Park",2023,41397,170,41084,100.76
"Truist Park",2024,32327,161,41084,78.69
"Truist Park",2022,40545,181,41084,98.69
"Truist Park",2023,39216,151,41084,95.45
"Truist Park",2021,37616,193,41084,91.56
"Truist Park",2021,33850,204,41084,82.39
"Truist Park",2024,37203,160,41084,90.55
"Truist Park",2022,38478,172,41084,93.66
"Truist Park",2024,34401,139,41084,83.73
"Truist Park",2021,38526,194,41084,93.77
"Truist Park",2024,40693,150,41084,99.05
"Truist Park",2024,40186,174,41084,97.81
"Truist Park",2021,40068,171,41084,97.53
"Truist Park",2023,40884,143,41084,99.51
"Truist Park",2023,40205,174,41084,97.86
"Truist Park",2023,40262,150,41084,98
"Truist Park",2024,33654,172,41084,81.92
"Truist Park",2024,32672,151,41084,79.52
"Truist Park",2023,38555,153,41084,93.84
"Truist Park",2024,39043,165,41084,95.03
"Truist Park",2023,38791,149,41084,94.42
"Truist Park",2021,39558,173,41084,96.29
"Truist Park",2024,41696,167,41084,101.49
"Truist Park",2022,34183,169,41084,83.2
"Truist Park",2021,40514,225,41084,98.61
"Truist Park",2024,40230,152,41084,97.92
"Truist Park",2021,22619,170,41084,55.06
"Truist Park",2023,40452,134,41084,98.46
"Truist Park",2022,29339,210,41084,71.41
"Truist Park",2021,28829,164,41084,70.17
"Truist Park",2023,36744,143,41084,89.44
"Truist Park",2021,12036,231,41084,29.3
"Truist Park",2023,40151,169,41084,97.73
"Truist Park",2022,37449,171,41084,91.15
"Truist Park",2024,37230,143,41084,90.62
"Truist Park",2021,38203,204,41084,92.99
"Truist Park",2021,20544,194,41084,50
"Truist Park",2021,21667,156,41084,52.74
"Truist Park",2022,36718,152,41084,89.37
"Truist Park",2021,14394,170,41084,35.04
"Truist Park",2024,38950,160,41084,94.81
"Truist Park",2023,43344,164,41084,105.5
"Truist Park",2022,38233,194,41084,93.06
"Truist Park",2022,38440,222,41084,93.56
"Truist Park",2021,33469,158,41084,81.46
"Truist Park",2024,37042,170,41084,90.16
"Truist Park",2023,42803,194,41084,104.18
"Truist Park",2022,42161,192,41084,102.62
"Truist Park",2021,11739,204,41084,28.57
"Truist Park",2024,41744,152,41084,101.61
"Truist Park",2023,40174,164,41084,97.79
"Truist Park",2024,33533,114,41084,81.62
"Truist Park",2022,38932,207,41084,94.76
"Truist Park",2022,36307,195,41084,88.37
"Truist Park",2021,29238,166,41084,71.17
"Truist Park",2021,19661,195,41084,47.86
"Truist Park",2024,41181,173,41084,100.24
"Truist Park",2023,40799,142,41084,99.31
"Truist Park",2024,37853,148,41084,92.14
"Truist Park",2022,41219,162,41084,100.33
"Truist Park",2023,40533,175,41084,98.66
"Truist Park",2022,42217,263,41084,102.76
"Truist Park",2024,37784,155,41084,91.97
"Truist Park",2021,23657,227,41084,57.58
"Truist Park",2022,37857,177,41084,92.15
"Truist Park",2024,34753,138,41084,84.59
"Truist Park",2022,41536,160,41084,101.1
"Truist Park",2024,32065,162,41084,78.05
"Truist Park",2023,41530,172,41084,101.09
"Truist Park",2022,39378,161,41084,95.85
"Truist Park",2023,33559,164,41084,81.68
"Truist Park",2022,35446,168,41084,86.28
"Truist Park",2024,40204,127,41084,97.86
"Truist Park",2021,14221,183,41084,34.61
"Truist Park",2024,40103,136,41084,97.61
"Truist Park",2023,33553,163,41084,81.67
"Truist Park",2021,21171,162,41084,51.53
"Truist Park",2024,38142,151,41084,92.84
"Truist Park",2021,34485,248,41084,83.94
"Truist Park",2024,36808,146,41084,89.59
"Truist Park",2022,38378,227,41084,93.41
"Truist Park",2022,41762,217,41084,101.65
"Truist Park",2022,42405,185,41084,103.22
"Truist Park",2022,33443,166,41084,81.4
"Truist Park",2024,36055,147,41084,87.76
"Truist Park",2023,30648,152,41084,74.6
"Truist Park",2024,33146,159,41084,80.68
"Truist Park",2022,34308,202,41084,83.51
"Truist Park",2022,39669,189,41084,96.56
"Truist Park",2022,42893,239,41084,104.4
"Truist Park",2021,36977,118,41084,90
"Truist Park",2023,40800,209,41084,99.31
"Truist Park",2023,41889,151,41084,101.96
"Truist Park",2023,41963,181,41084,102.14
"Truist Park",2024,40864,178,41084,99.46
"Truist Park",2021,36638,212,41084,89.18
"Truist Park",2022,40310,170,41084,98.12
"Truist Park",2023,30237,167,41084,73.6
"Truist Park",2024,34407,169,41084,83.75
"Truist Park",2023,43276,156,41084,105.34
"Truist Park",2022,42075,167,41084,102.41
"Truist Park",2022,41725,171,41084,101.56
"Truist Park",2023,40697,189,41084,99.06
"Truist Park",2024,41006,136,41084,99.81
"Truist Park",2023,36731,168,41084,89.4
"Truist Park",2022,42827,181,41084,104.24
"Truist Park",2021,38300,181,41084,93.22
"Truist Park",2023,35674,155,41084,86.83
"Truist Park",2024,37561,139,41084,91.42
"Truist Park",2022,29554,149,41084,71.94
"Truist Park",2021,39852,287,41084,97
"Truist Park",2023,40154,175,41084,97.74
"Truist Park",2021,29274,195,41084,71.25
"Truist Park",2023,41100,185,41084,100.04
"Truist Park",2024,40672,144,41084,99
"Truist Park",2022,42837,184,41084,104.27
"Truist Park",2022,42015,186,41084,102.27
"Truist Park",2023,42320,150,41084,103.01
"Truist Park",2021,23375,238,41084,56.9
"Truist Park",2024,34704,140,41084,84.47
"Truist Park",2022,41931,224,41084,102.06
"Truist Park",2022,42578,195,41084,103.64
"Truist Park",2021,22579,192,41084,54.96
"Truist Park",2021,29101,162,41084,70.83
"Truist Park",2022,33188,163,41084,80.78
"Truist Park",2023,28241,141,41084,68.74
"Truist Park",2022,42360,179,41084,103.11
"Truist Park",2023,41652,180,41084,101.38
"Truist Park",2022,42263,213,41084,102.87
"Truist Park",2021,37426,215,41084,91.1
"Truist Park",2024,42732,150,41084,104.01
"Truist Park",2022,40589,174,41084,98.8
"Truist Park",2024,40942,181,41084,99.65
"Truist Park",2022,42161,177,41084,102.62
"Truist Park",2022,37756,230,41084,91.9
"Truist Park",2023,40178,174,41084,97.79
"Truist Park",2021,37668,185,41084,91.69
"Truist Park",2024,29935,202,41084,72.86
"Truist Park",2024,38273,140,41084,93.16
"Truist Park",2022,38380,198,41084,93.42
"Truist Park",2022,42713,201,41084,103.97
"Truist Park",2024,34352,170,41084,83.61
"Truist Park",2022,36870,188,41084,89.74
"Truist Park",2023,40213,125,41084,97.88
"Truist Park",2021,32659,182,41084,79.49
"Truist Park",2022,42402,174,41084,103.21
"Truist Park",2022,40635,222,41084,98.91
"Truist Park",2024,33221,153,41084,80.86
"Truist Park",2024,36394,184,41084,88.58
"Truist Park",2024,32811,129,41084,79.86
"Truist Park",2023,36495,159,41084,88.83
"Truist Park",2023,40291,191,41084,98.07
"Truist Park",2022,35384,208,41084,86.13
"Truist Park",2021,22691,194,41084,55.23
"Truist Park",2024,41561,134,41084,101.16
"Truist Park",2023,42717,170,41084,103.97
"Truist Park",2021,32752,204,41084,79.72
"Truist Park",2021,38235,173,41084,93.07
"Truist Park",2023,36805,162,41084,89.58
"Truist Park",2022,33981,139,41084,82.71
"Truist Park",2023,37838,162,41084,92.1
"Truist Park",2022,40490,175,41084,98.55
"Truist Park",2022,40234,187,41084,97.93
"Truist Park",2023,32196,154,41084,78.37
"Truist Park",2024,40211,152,41084,97.88
"Truist Park",2022,31990,151,41084,77.86
"Truist Park",2021,28621,156,41084,69.66
"Truist Park",2023,40412,149,41084,98.36
"Truist Park",2023,40297,166,41084,98.08
"Truist Park",2023,34059,152,41084,82.9
"Truist Park",2023,40249,163,41084,97.97
"Truist Park",2024,40210,155,41084,97.87
"Truist Park",2023,42744,145,41084,104.04
"Truist Park",2022,41975,181,41084,102.17
"Truist Park",2023,42782,152,41084,104.13
"Truist Park",2022,40114,213,41084,97.64
"Truist Park",2022,39005,172,41084,94.94
"Truist Park",2022,32274,238,41084,78.56
"Truist Park",2021,20693,131,41084,50.37
"Truist Park",2022,30380,160,41084,73.95
"Truist Park",2022,34879,185,41084,84.9
"Truist Park",2022,42105,189,41084,102.49
"Truist Park",2023,40454,138,41084,98.47
"Truist Park",2022,39336,146,41084,95.75
"Truist Park",2021,21688,195,41084,52.79
"Truist Park",2024,36581,148,41084,89.04
"Truist Park",2022,42663,197,41084,103.84
"Truist Park",2021,27847,197,41084,67.78
"Truist Park",2022,42925,183,41084,104.48
"Truist Park",2024,40480,158,41084,98.53
"Truist Park",2023,30282,148,41084,73.71
"Truist Park",2024,38779,147,41084,94.39
"Truist Park",2024,37598,124,41084,91.51
"Truist Park",2021,17956,209,41084,43.71
"Truist Park",2024,34047,165,41084,82.87
"Truist Park",2023,41161,181,41084,100.19
"Truist Park",2021,24432,182,41084,59.47
"Truist Park",2022,31959,177,41084,77.79
"Truist Park",2021,12480,206,41084,30.38
"Truist Park",2024,40339,146,41084,98.19
"Truist Park",2023,33216,182,41084,80.85
"Truist Park",2021,17603,166,41084,42.85
"Truist Park",2023,37365,158,41084,90.95
"Truist Park",2022,31203,143,41084,75.95
"Truist Park",2024,39198,162,41084,95.41
"Truist Park",2024,34883,140,41084,84.91
"Truist Park",2023,42502,175,41084,103.45
"Truist Park",2023,40743,128,41084,99.17
"Truist Park",2022,40064,182,41084,97.52
"Truist Park",2023,41558,151,41084,101.15
"Truist Park",2021,21382,256,41084,52.04
"Truist Park",2022,42531,191,41084,103.52
"Truist Park",2021,35777,185,41084,87.08
"Truist Park",2023,35514,173,41084,86.44
"Truist Park",2021,23395,192,41084,56.94
"Truist Park",2022,42542,198,41084,103.55
"Truist Park",2024,36348,140,41084,88.47
"Truist Park",2023,40270,163,41084,98.02
"Truist Park",2022,34237,214,41084,83.33
"Truist Park",2022,31462,217,41084,76.58
"Truist Park",2023,39347,213,41084,95.77
"Truist Park",2021,36621,170,41084,89.14
"Truist Park",2021,39176,178,41084,95.36
"Truist Park",2024,36212,119,41084,88.14
"Truist Park",2022,40682,168,41084,99.02
"Truist Park",2023,39071,145,41084,95.1
"Truist Park",2021,38680,217,41084,94.15
"Truist Park",2024,39203,173,41084,95.42
"Truist Park",2023,38856,186,41084,94.58
"Truist Park",2024,41278,169,41084,100.47
"Truist Park",2021,19258,167,41084,46.87
"Truist Park",2022,40402,184,41084,98.34
"Truist Park",2021,21430,223,41084,52.16
"Truist Park",2024,31572,136,41084,76.85
"Truist Park",2024,42168,148,41084,102.64
"Truist Park",2023,37246,171,41084,90.66
"Truist Park",2023,40250,166,41084,97.97
"Truist Park",2024,38858,159,41084,94.58
"Truist Park",2024,38775,140,41084,94.38
"Truist Park",2024,38834,147,41084,94.52
"Truist Park",2022,37200,191,41084,90.55
"Truist Park",2022,40224,198,41084,97.91
"Truist Park",2021,39088,207,41084,95.14
"Truist Park",2022,36551,172,41084,88.97
"Truist Park",2022,32053,233,41084,78.02
"Truist Park",2022,41404,184,41084,100.78
"Truist Park",2023,41481,196,41084,100.97
"Truist Park",2023,43216,164,41084,105.19
"Truist Park",2023,41214,134,41084,100.32
"Truist Park",2021,24083,234,41084,58.62
"Truist Park",2021,18709,176,41084,45.54
"Truist Park",2024,37357,132,41084,90.93
"Truist Park",2021,21653,194,41084,52.7
"Truist Park",2021,38952,203,41084,94.81
"Truist Park",2022,42217,184,41084,102.76
"Truist Park",2024,36623,150,41084,89.14
"Truist Park",2023,41454,172,41084,100.9
"Truist Park",2021,25595,167,41084,62.3
"Truist Park",2024,40749,164,41084,99.18
"Truist Park",2023,40138,170,41084,97.7
"Truist Park",2021,37545,189,41084,91.39
"Truist Park",2023,34349,165,41084,83.61
"Truist Park",2021,34544,191,41084,84.08
"Truist Park",2023,43109,172,41084,104.93
"Truist Park",2021,20074,215,41084,48.86
"Truist Park",2022,41682,171,41084,101.46
"Truist Park",2021,33412,174,41084,81.33
"Truist Park",2023,42635,154,41084,103.78
"Truist Park",2024,37109,157,41084,90.32
"Truist Park",2022,30362,244,41084,73.9
"Truist Park",2023,41173,156,41084,100.22
"Truist Park",2021,14342,183,41084,34.91
"Truist Park",2023,40176,165,41084,97.79
"Truist Park",2021,33781,136,41084,82.22
"Truist Park",2024,41046,156,41084,99.91
"Truist Park",2024,40758,175,41084,99.21
"Truist Park",2021,39874,150,41084,97.05
"Truist Park",2023,38260,144,41084,93.13
"Truist Park",2024,37726,134,41084,91.83
"Truist Park",2024,36679,151,41084,89.28
"Truist Park",2022,42561,174,41084,103.6
"Truist Park",2024,41426,190,41084,100.83
"Truist Park",2023,40688,152,41084,99.04
"Truist Park",2021,40485,226,41084,98.54
"Truist Park",2022,40632,156,41084,98.9
"Wrigley Field",2021,11142,202,41649,26.75
"Wrigley Field",2022,35112,198,41649,84.3
"Wrigley Field",2024,40505,150,41649,97.25
"Wrigley Field",2022,30096,183,41649,72.26
"Wrigley Field",2021,30155,252,41649,72.4
"Wrigley Field",2024,36379,158,41649,87.35
"Wrigley Field",2022,30904,168,41649,74.2
"Wrigley Field",2024,36420,149,41649,87.45
"Wrigley Field",2021,34723,227,41649,83.37
"Wrigley Field",2023,31769,151,41649,76.28
"Wrigley Field",2024,38180,133,41649,91.67
"Wrigley Field",2024,31479,171,41649,75.58
"Wrigley Field",2022,31520,185,41649,75.68
"Wrigley Field",2024,31119,145,41649,74.72
"Wrigley Field",2024,36948,127,41649,88.71
"Wrigley Field",2022,31629,165,41649,75.94
"Wrigley Field",2022,32318,194,41649,77.6
"Wrigley Field",2024,37969,155,41649,91.16
"Wrigley Field",2024,37037,183,41649,88.93
"Wrigley Field",2023,28814,154,41649,69.18
"Wrigley Field",2021,24402,182,41649,58.59
"Wrigley Field",2023,38819,168,41649,93.21
"Wrigley Field",2024,40072,146,41649,96.21
"Wrigley Field",2021,32505,201,41649,78.05
"Wrigley Field",2021,27289,165,41649,65.52
"Wrigley Field",2024,27806,160,41649,66.76
"Wrigley Field",2024,25900,180,41649,62.19
"Wrigley Field",2024,40143,143,41649,96.38
"Wrigley Field",2022,31673,251,41649,76.05
"Wrigley Field",2024,38819,143,41649,93.21
"Wrigley Field",2021,40077,190,41649,96.23
"Wrigley Field",2021,26963,235,41649,64.74
"Wrigley Field",2021,10343,203,41649,24.83
"Wrigley Field",2021,30095,225,41649,72.26
"Wrigley Field",2023,28197,175,41649,67.7
"Wrigley Field",2024,32386,142,41649,77.76
"Wrigley Field",2022,30177,156,41649,72.46
"Wrigley Field",2021,32918,198,41649,79.04
"Wrigley Field",2023,37812,159,41649,90.79
"Wrigley Field",2021,10343,212,41649,24.83
"Wrigley Field",2021,36192,237,41649,86.9
"Wrigley Field",2023,31491,178,41649,75.61
"Wrigley Field",2024,36430,166,41649,87.47
"Wrigley Field",2023,31946,161,41649,76.7
"Wrigley Field",2022,35627,187,41649,85.54
"Wrigley Field",2024,37613,162,41649,90.31
"Wrigley Field",2021,34005,182,41649,81.65
"Wrigley Field",2022,37193,197,41649,89.3
"Wrigley Field",2021,29439,184,41649,70.68
"Wrigley Field",2024,30138,149,41649,72.36
"Wrigley Field",2024,35372,177,41649,84.93
"Wrigley Field",2021,39095,199,41649,93.87
"Wrigley Field",2021,10343,221,41649,24.83
"Wrigley Field",2021,35225,154,41649,84.58
"Wrigley Field",2024,33557,157,41649,80.57
"Wrigley Field",2021,29030,159,41649,69.7
"Wrigley Field",2023,33494,142,41649,80.42
"Wrigley Field",2023,34202,158,41649,82.12
"Wrigley Field",2022,34051,181,41649,81.76
"Wrigley Field",2024,35382,136,41649,84.95
"Wrigley Field",2022,39305,197,41649,94.37
"Wrigley Field",2022,28803,172,41649,69.16
"Wrigley Field",2023,40869,147,41649,98.13
"Wrigley Field",2023,40224,155,41649,96.58
"Wrigley Field",2021,10343,206,41649,24.83
"Wrigley Field",2023,36054,141,41649,86.57
"Wrigley Field",2022,29719,136,41649,71.36
"Wrigley Field",2023,38392,178,41649,92.18
"Wrigley Field",2024,36281,185,41649,87.11
"Wrigley Field",2023,36372,177,41649,87.33
"Wrigley Field",2023,35958,166,41649,86.34
"Wrigley Field",2023,38163,125,41649,91.63
"Wrigley Field",2022,35676,160,41649,85.66
"Wrigley Field",2022,23910,194,41649,57.41
"Wrigley Field",2023,27956,172,41649,67.12
"Wrigley Field",2023,30081,182,41649,72.23
"Wrigley Field",2023,34688,171,41649,83.29
"Wrigley Field",2024,35741,150,41649,85.81
"Wrigley Field",2024,38397,148,41649,92.19
"Wrigley Field",2022,31235,186,41649,75
"Wrigley Field",2023,39015,172,41649,93.68
"Wrigley Field",2022,30478,158,41649,73.18
"Wrigley Field",2022,28987,202,41649,69.6
"Wrigley Field",2021,28674,175,41649,68.85
"Wrigley Field",2023,34342,173,41649,82.46
"Wrigley Field",2022,40755,175,41649,97.85
"Wrigley Field",2021,10137,212,41649,24.34
"Wrigley Field",2024,36653,138,41649,88
"Wrigley Field",2022,30004,201,41649,72.04
"Wrigley Field",2022,32012,166,41649,76.86
"Wrigley Field",2022,27273,189,41649,65.48
"Wrigley Field",2022,29233,193,41649,70.19
"Wrigley Field",2023,35431,137,41649,85.07
"Wrigley Field",2023,38223,153,41649,91.77
"Wrigley Field",2021,24275,193,41649,58.28
"Wrigley Field",2021,30020,222,41649,72.08
"Wrigley Field",2021,35112,184,41649,84.3
"Wrigley Field",2024,36117,152,41649,86.72
"Wrigley Field",2021,32793,192,41649,78.74
"Wrigley Field",2021,10343,187,41649,24.83
"Wrigley Field",2022,34366,213,41649,82.51
"Wrigley Field",2022,32858,183,41649,78.89
"Wrigley Field",2023,28955,167,41649,69.52
"Wrigley Field",2023,33991,175,41649,81.61
"Wrigley Field",2023,31181,129,41649,74.87
"Wrigley Field",2022,34424,189,41649,82.65
"Wrigley Field",2023,31846,136,41649,76.46
"Wrigley Field",2023,40605,152,41649,97.49
"Wrigley Field",2024,40101,162,41649,96.28
"Wrigley Field",2021,34059,191,41649,81.78
"Wrigley Field",2021,24925,169,41649,59.85
"Wrigley Field",2024,40073,141,41649,96.22
"Wrigley Field",2022,37594,163,41649,90.26
"Wrigley Field",2022,28620,172,41649,68.72
"Wrigley Field",2024,36048,186,41649,86.55
"Wrigley Field",2021,24824,173,41649,59.6
"Wrigley Field",2023,40391,192,41649,96.98
"Wrigley Field",2022,35994,231,41649,86.42
"Wrigley Field",2022,27945,174,41649,67.1
"Wrigley Field",2023,26944,151,41649,64.69
"Wrigley Field",2021,24824,207,41649,59.6
"Wrigley Field",2022,28387,217,41649,68.16
"Wrigley Field",2022,31570,226,41649,75.8
"Wrigley Field",2024,31940,158,41649,76.69
"Wrigley Field",2021,35020,161,41649,84.08
"Wrigley Field",2022,26615,163,41649,63.9
"Wrigley Field",2024,33583,138,41649,80.63
"Wrigley Field",2021,10343,183,41649,24.83
"Wrigley Field",2021,10343,193,41649,24.83
"Wrigley Field",2024,40160,148,41649,96.42
"Wrigley Field",2021,32934,192,41649,79.08
"Wrigley Field",2021,18478,177,41649,44.37
"Wrigley Field",2022,30369,208,41649,72.92
"Wrigley Field",2021,10343,188,41649,24.83
"Wrigley Field",2021,10343,186,41649,24.83
"Wrigley Field",2022,36787,166,41649,88.33
"Wrigley Field",2024,32083,108,41649,77.03
"Wrigley Field",2023,28684,191,41649,68.87
"Wrigley Field",2021,29031,158,41649,69.7
"Wrigley Field",2023,39525,154,41649,94.9
"Wrigley Field",2022,23425,175,41649,56.24
"Wrigley Field",2022,39219,226,41649,94.17
"Wrigley Field",2023,30832,169,41649,74.03
"Wrigley Field",2023,33578,175,41649,80.62
"Wrigley Field",2021,10343,189,41649,24.83
"Wrigley Field",2021,11143,187,41649,26.75
"Wrigley Field",2021,29215,240,41649,70.15
"Wrigley Field",2021,37158,172,41649,89.22
"Wrigley Field",2023,28636,170,41649,68.76
"Wrigley Field",2021,39368,212,41649,94.52
"Wrigley Field",2022,34525,184,41649,82.9
"Wrigley Field",2021,29619,178,41649,71.12
"Wrigley Field",2021,24936,258,41649,59.87
"Wrigley Field",2022,32069,135,41649,77
"Wrigley Field",2022,32606,163,41649,78.29
"Wrigley Field",2023,31544,182,41649,75.74
"Wrigley Field",2022,33398,183,41649,80.19
"Wrigley Field",2022,28163,195,41649,67.62
"Wrigley Field",2022,32792,185,41649,78.73
"Wrigley Field",2021,39412,186,41649,94.63
"Wrigley Field",2022,32341,215,41649,77.65
"Wrigley Field",2021,10343,169,41649,24.83
"Wrigley Field",2022,24297,149,41649,58.34
"Wrigley Field",2024,39364,138,41649,94.51
"Wrigley Field",2021,25594,245,41649,61.45
"Wrigley Field",2023,35097,138,41649,84.27
"Wrigley Field",2021,10343,226,41649,24.83
"Wrigley Field",2022,32732,204,41649,78.59
"Wrigley Field",2021,11144,173,41649,26.76
"Wrigley Field",2022,30466,184,41649,73.15
"Wrigley Field",2023,37597,167,41649,90.27
"Wrigley Field",2024,34532,153,41649,82.91
"Wrigley Field",2023,40551,195,41649,97.36
"Wrigley Field",2022,40185,265,41649,96.48
"Wrigley Field",2023,33452,174,41649,80.32
"Wrigley Field",2023,29383,164,41649,70.55
"Wrigley Field",2024,33792,181,41649,81.14
"Wrigley Field",2022,29019,165,41649,69.68
"Wrigley Field",2024,38129,144,41649,91.55
"Wrigley Field",2023,34251,178,41649,82.24
"Wrigley Field",2024,34981,177,41649,83.99
"Wrigley Field",2022,37342,172,41649,89.66
"Wrigley Field",2022,30596,213,41649,73.46
"Wrigley Field",2023,32817,173,41649,78.79
"Wrigley Field",2021,10343,263,41649,24.83
"Wrigley Field",2021,29640,205,41649,71.17
"Wrigley Field",2023,36418,165,41649,87.44
"Wrigley Field",2023,36949,122,41649,88.72
"Wrigley Field",2022,39962,174,41649,95.95
"Wrigley Field",2022,32631,190,41649,78.35
"Wrigley Field",2023,32150,158,41649,77.19
"Wrigley Field",2023,31762,140,41649,76.26
"Wrigley Field",2023,37072,144,41649,89.01
"Wrigley Field",2024,36067,154,41649,86.6
"Wrigley Field",2024,41040,165,41649,98.54
"Wrigley Field",2023,40425,195,41649,97.06
"Wrigley Field",2024,39118,168,41649,93.92
"Wrigley Field",2022,35689,200,41649,85.69
"Wrigley Field",2024,39595,166,41649,95.07
"Wrigley Field",2024,39162,150,41649,94.03
"Wrigley Field",2021,25577,178,41649,61.41
"Wrigley Field",2022,31079,174,41649,74.62
"Wrigley Field",2023,33740,161,41649,81.01
"Wrigley Field",2021,32602,193,41649,78.28
"Wrigley Field",2021,35493,171,41649,85.22
"Wrigley Field",2023,37060,151,41649,88.98
"Wrigley Field",2024,38755,151,41649,93.05
"Wrigley Field",2023,26588,150,41649,63.84
"Wrigley Field",2024,39299,143,41649,94.36
"Wrigley Field",2021,10343,186,41649,24.83
"Wrigley Field",2021,10343,203,41649,24.83
"Wrigley Field",2022,34530,168,41649,82.91
"Wrigley Field",2023,30937,177,41649,74.28
"Wrigley Field",2024,40080,154,41649,96.23
"Wrigley Field",2021,11145,228,41649,26.76
"Wrigley Field",2023,35615,163,41649,85.51
"Wrigley Field",2021,24824,172,41649,59.6
"Wrigley Field",2021,10343,212,41649,24.83
"Wrigley Field",2021,35846,187,41649,86.07
"Wrigley Field",2021,28860,174,41649,69.29
"Wrigley Field",2024,30086,154,41649,72.24
"Wrigley Field",2024,36297,130,41649,87.15
"Wrigley Field",2023,33266,177,41649,79.87
"Wrigley Field",2022,31309,172,41649,75.17
"Wrigley Field",2022,32482,194,41649,77.99
"Wrigley Field",2022,34931,211,41649,83.87
"Wrigley Field",2024,40088,150,41649,96.25
"Wrigley Field",2022,31119,149,41649,74.72
"Wrigley Field",2022,31631,182,41649,75.95
"Wrigley Field",2023,38196,229,41649,91.71
"Wrigley Field",2024,37679,154,41649,90.47
"Wrigley Field",2024,35059,164,41649,84.18
"Wrigley Field",2023,37936,163,41649,91.09
"Wrigley Field",2024,32718,168,41649,78.56
"Wrigley Field",2022,40086,163,41649,96.25
"Wrigley Field",2021,10196,207,41649,24.48
"Wrigley Field",2024,38322,152,41649,92.01
"Wrigley Field",2023,32881,166,41649,78.95
"Wrigley Field",2021,32502,240,41649,78.04
"Wrigley Field",2021,22056,196,41649,52.96
"Wrigley Field",2022,39917,167,41649,95.84
"Wrigley Field",2023,38608,175,41649,92.7
"Wrigley Field",2021,28153,192,41649,67.6
"Wrigley Field",2021,30134,217,41649,72.35
"Wrigley Field",2021,24161,129,41649,58.01
"Wrigley Field",2021,10343,242,41649,24.83
"Wrigley Field",2024,35646,154,41649,85.59
"Wrigley Field",2022,40369,161,41649,96.93
"Wrigley Field",2021,39539,267,41649,94.93
"Wrigley Field",2022,29529,191,41649,70.9
"Wrigley Field",2022,34206,181,41649,82.13
"Wrigley Field",2022,27600,188,41649,66.27
"Wrigley Field",2021,10295,137,41649,24.72
"Wrigley Field",2024,30369,130,41649,72.92
"Wrigley Field",2023,35076,175,41649,84.22
"Wrigley Field",2022,31256,152,41649,75.05
"Wrigley Field",2022,25005,188,41649,60.04
"Wrigley Field",2022,26167,127,41649,62.83
"Wrigley Field",2023,40201,190,41649,96.52
"Wrigley Field",2024,26555,157,41649,63.76
"Wrigley Field",2022,30029,173,41649,72.1
"Wrigley Field",2024,40691,174,41649,97.7
"Wrigley Field",2021,32021,182,41649,76.88
"Wrigley Field",2024,35560,181,41649,85.38
"Wrigley Field",2023,40121,166,41649,96.33
"Wrigley Field",2023,39452,119,41649,94.72
"Wrigley Field",2022,26568,189,41649,63.79
"Wrigley Field",2022,36755,185,41649,88.25
"Wrigley Field",2023,29360,173,41649,70.49
"Wrigley Field",2023,36413,151,41649,87.43
"Wrigley Field",2024,39319,150,41649,94.41
"Wrigley Field",2024,36692,163,41649,88.1
"Wrigley Field",2024,29590,139,41649,71.05
"Wrigley Field",2024,37584,128,41649,90.24
"Wrigley Field",2023,32230,156,41649,77.38
"Wrigley Field",2022,29368,179,41649,70.51
"Wrigley Field",2024,34355,138,41649,82.49
"Wrigley Field",2023,31363,152,41649,75.3
"Wrigley Field",2024,37673,165,41649,90.45
"Wrigley Field",2021,31835,175,41649,76.44
"Wrigley Field",2024,37651,157,41649,90.4
"Wrigley Field",2021,37190,195,41649,89.29
"Wrigley Field",2024,36202,147,41649,86.92
"Wrigley Field",2024,29595,145,41649,71.06
"Wrigley Field",2024,38133,151,41649,91.56
"Wrigley Field",2023,26766,158,41649,64.27
"Wrigley Field",2024,39857,130,41649,95.7
"Wrigley Field",2022,40298,168,41649,96.76
"Wrigley Field",2024,30643,157,41649,73.57
"Wrigley Field",2023,27443,138,41649,65.89
"Wrigley Field",2023,35090,131,41649,84.25
"Wrigley Field",2023,37515,166,41649,90.07
"Wrigley Field",2023,32379,180,41649,77.74
"Wrigley Field",2021,24441,182,41649,58.68
"Wrigley Field",2024,39417,190,41649,94.64
"Wrigley Field",2023,40389,162,41649,96.97
"Wrigley Field",2023,33636,139,41649,80.76
"Wrigley Field",2023,33294,150,41649,79.94
"Wrigley Field",2024,32327,165,41649,77.62
"Wrigley Field",2022,31424,224,41649,75.45
"Wrigley Field",2024,29876,163,41649,71.73
"Wrigley Field",2024,36121,194,41649,86.73
"Wrigley Field",2022,30978,150,41649,74.38
"Wrigley Field",2024,34593,150,41649,83.06
"Wrigley Field",2023,30381,159,41649,72.95
"Wrigley Field",2021,25861,169,41649,62.09
"Wrigley Field",2021,30727,195,41649,73.78
"Wrigley Field",2021,10343,240,41649,24.83
"Wrigley Field",2023,36225,129,41649,86.98
"Wrigley Field",2022,32269,222,41649,77.48
"Wrigley Field",2024,38670,147,41649,92.85
"Wrigley Field",2024,29450,150,41649,70.71
"Wrigley Field",2023,35446,163,41649,85.11
"Wrigley Field",2024,39614,173,41649,95.11
"Wrigley Field",2023,32693,180,41649,78.5
"Wrigley Field",2023,28807,151,41649,69.17
"Wrigley Field",2021,26547,216,41649,63.74
"Wrigley Field",2021,37165,213,41649,89.23
"Wrigley Field",2024,33536,133,41649,80.52
"Wrigley Field",2024,40073,175,41649,96.22
"Wrigley Field",2022,31775,130,41649,76.29
"Wrigley Field",2022,31424,177,41649,75.45
"Wrigley Field",2023,29094,137,41649,69.86
"Wrigley Field",2024,39008,165,41649,93.66
"Yankee Stadium",2023,40687,167,46537,87.43
"Yankee Stadium",2023,46064,169,46537,98.98
"Yankee Stadium",2021,34112,257,46537,73.3
"Yankee Stadium",2024,40569,190,46537,87.18
"Yankee Stadium",2022,32289,216,46537,69.38
"Yankee Stadium",2023,38740,156,46537,83.25
"Yankee Stadium",2023,38047,158,46537,81.76
"Yankee Stadium",2024,37660,155,46537,80.92
"Yankee Stadium",2022,47573,240,46537,102.23
"Yankee Stadium",2023,39018,182,46537,83.84
"Yankee Stadium",2024,37126,166,46537,79.78
"Yankee Stadium",2021,39124,182,46537,84.07
"Yankee Stadium",2022,35551,201,46537,76.39
"Yankee Stadium",2021,14011,173,46537,30.11
"Yankee Stadium",2022,39154,187,46537,84.14
"Yankee Stadium",2022,47997,189,46537,103.14
"Yankee Stadium",2023,38525,163,46537,82.78
"Yankee Stadium",2022,38446,178,46537,82.61
"Yankee Stadium",2021,35247,184,46537,75.74
"Yankee Stadium",2021,40409,183,46537,86.83
"Yankee Stadium",2021,25873,234,46537,55.6
"Yankee Stadium",2021,35165,191,46537,75.56
"Yankee Stadium",2024,40824,161,46537,87.72
"Yankee Stadium",2023,33569,164,46537,72.13
"Yankee Stadium",2021,35237,151,46537,75.72
"Yankee Stadium",2023,39025,150,46537,83.86
"Yankee Stadium",2021,27807,181,46537,59.75
"Yankee Stadium",2024,48048,201,46537,103.25
"Yankee Stadium",2024,34485,148,46537,74.1
"Yankee Stadium",2023,44714,189,46537,96.08
"Yankee Stadium",2023,38105,150,46537,81.88
"Yankee Stadium",2024,47812,174,46537,102.74
"Yankee Stadium",2024,42022,170,46537,90.3
"Yankee Stadium",2024,36295,170,46537,77.99
"Yankee Stadium",2024,45456,180,46537,97.68
"Yankee Stadium",2023,43876,172,46537,94.28
"Yankee Stadium",2024,45292,172,46537,97.32
"Yankee Stadium",2021,18040,169,46537,38.76
"Yankee Stadium",2021,31196,165,46537,67.03
"Yankee Stadium",2022,44028,225,46537,94.61
"Yankee Stadium",2023,39293,143,46537,84.43
"Yankee Stadium",2022,46194,172,46537,99.26
"Yankee Stadium",2023,40659,147,46537,87.37
"Yankee Stadium",2023,43130,129,46537,92.68
"Yankee Stadium",2024,38910,143,46537,83.61
"Yankee Stadium",2022,38030,204,46537,81.72
"Yankee Stadium",2024,30366,152,46537,65.25
"Yankee Stadium",2023,33414,126,46537,71.8
"Yankee Stadium",2021,14056,136,46537,30.2
"Yankee Stadium",2023,35587,171,46537,76.47
"Yankee Stadium",2023,43761,186,46537,94.03
"Yankee Stadium",2023,36060,161,46537,77.49
"Yankee Stadium",2022,38735,223,46537,83.23
"Yankee Stadium",2024,47429,173,46537,101.92
"Yankee Stadium",2022,40235,201,46537,86.46
"Yankee Stadium",2022,39180,170,46537,84.19
"Yankee Stadium",2022,46160,212,46537,99.19
"Yankee Stadium",2022,31122,177,46537,66.88
"Yankee Stadium",2023,37646,152,46537,80.89
"Yankee Stadium",2022,38106,148,46537,81.88
"Yankee Stadium",2023,39024,140,46537,83.86
"Yankee Stadium",2024,45178,181,46537,97.08
"Yankee Stadium",2022,42512,228,46537,91.35
"Yankee Stadium",2023,39342,127,46537,84.54
"Yankee Stadium",2024,31071,121,46537,66.77
"Yankee Stadium",2024,40744,164,46537,87.55
"Yankee Stadium",2024,45552,171,46537,97.88
"Yankee Stadium",2024,30060,149,46537,64.59
"Yankee Stadium",2023,39143,141,46537,84.11
"Yankee Stadium",2023,42116,171,46537,90.5
"Yankee Stadium",2021,30055,176,46537,64.58
"Yankee Stadium",2021,37095,163,46537,79.71
"Yankee Stadium",2024,45504,177,46537,97.78
"Yankee Stadium",2023,39315,169,46537,84.48
"Yankee Stadium",2022,31242,174,46537,67.13
"Yankee Stadium",2024,37680,155,46537,80.97
"Yankee Stadium",2021,10015,205,46537,21.52
"Yankee Stadium",2022,43836,158,46537,94.2
"Yankee Stadium",2021,40130,183,46537,86.23
"Yankee Stadium",2023,46540,191,46537,100.01
"Yankee Stadium",2024,47036,159,46537,101.07
"Yankee Stadium",2023,44566,166,46537,95.76
"Yankee Stadium",2021,9523,183,46537,20.46
"Yankee Stadium",2024,45250,143,46537,97.23
"Yankee Stadium",2021,34571,234,46537,74.29
"Yankee Stadium",2021,30164,176,46537,64.82
"Yankee Stadium",2023,43613,146,46537,93.72
"Yankee Stadium",2022,46097,236,46537,99.05
"Yankee Stadium",2021,10092,184,46537,21.69
"Yankee Stadium",2021,10017,186,46537,21.52
"Yankee Stadium",2021,33211,193,46537,71.36
"Yankee Stadium",2021,37010,169,46537,79.53
"Yankee Stadium",2023,46761,152,46537,100.48
"Yankee Stadium",2021,25032,220,46537,53.79
"Yankee Stadium",2023,30673,172,46537,65.91
"Yankee Stadium",2022,45076,194,46537,96.86
"Yankee Stadium",2021,33091,241,46537,71.11
"Yankee Stadium",2023,47295,162,46537,101.63
"Yankee Stadium",2023,42440,176,46537,91.2
"Yankee Stadium",2021,41648,206,46537,89.49
"Yankee Stadium",2024,46683,134,46537,100.31
"Yankee Stadium",2021,14665,186,46537,31.51
"Yankee Stadium",2021,21350,183,46537,45.88
"Yankee Stadium",2021,12025,182,46537,25.84
"Yankee Stadium",2021,40309,224,46537,86.62
"Yankee Stadium",2021,10850,224,46537,23.31
"Yankee Stadium",2023,44068,168,46537,94.69
"Yankee Stadium",2024,47646,157,46537,102.38
"Yankee Stadium",2023,46724,166,46537,100.4
"Yankee Stadium",2024,43194,149,46537,92.82
"Yankee Stadium",2022,41062,178,46537,88.24
"Yankee Stadium",2023,41039,131,46537,88.19
"Yankee Stadium",2024,47103,145,46537,101.22
"Yankee Stadium",2021,10254,234,46537,22.03
"Yankee Stadium",2021,12537,225,46537,26.94
"Yankee Stadium",2024,40080,197,46537,86.13
"Yankee Stadium",2023,46018,148,46537,98.88
"Yankee Stadium",2021,30815,184,46537,66.22
"Yankee Stadium",2023,41702,213,46537,89.61
"Yankee Stadium",2022,36167,171,46537,77.72
"Yankee Stadium",2023,46130,156,46537,99.13
"Yankee Stadium",2023,46015,169,46537,98.88
"Yankee Stadium",2024,36055,160,46537,77.48
"Yankee Stadium",2024,40224,163,46537,86.43
"Yankee Stadium",2022,39114,203,46537,84.05
"Yankee Stadium",2024,40229,174,46537,86.45
"Yankee Stadium",2024,41454,157,46537,89.08
"Yankee Stadium",2024,44237,216,46537,95.06
"Yankee Stadium",2022,41083,171,46537,88.28
"Yankee Stadium",2022,28596,199,46537,61.45
"Yankee Stadium",2023,46172,153,46537,99.22
"Yankee Stadium",2021,22160,201,46537,47.62
"Yankee Stadium",2024,40681,178,46537,87.42
"Yankee Stadium",2024,43121,163,46537,92.66
"Yankee Stadium",2021,10606,176,46537,22.79
"Yankee Stadium",2024,41426,245,46537,89.02
"Yankee Stadium",2021,24037,183,46537,51.65
"Yankee Stadium",2021,12614,178,46537,27.11
"Yankee Stadium",2023,42763,135,46537,91.89
"Yankee Stadium",2021,9008,178,46537,19.36
"Yankee Stadium",2022,45428,158,46537,97.62
"Yankee Stadium",2024,40141,144,46537,86.26
"Yankee Stadium",2024,46025,152,46537,98.9
"Yankee Stadium",2024,44108,175,46537,94.78
"Yankee Stadium",2021,42714,196,46537,91.79
"Yankee Stadium",2021,23985,194,46537,51.54
"Yankee Stadium",2024,37386,164,46537,80.34
"Yankee Stadium",2021,21130,218,46537,45.4
"Yankee Stadium",2024,40438,180,46537,86.89
"Yankee Stadium",2021,36106,226,46537,77.59
"Yankee Stadium",2022,29268,231,46537,62.89
"Yankee Stadium",2021,30019,174,46537,64.51
"Yankee Stadium",2024,31179,153,46537,67
"Yankee Stadium",2022,41311,224,46537,88.77
"Yankee Stadium",2022,39647,172,46537,85.19
"Yankee Stadium",2021,28879,192,46537,62.06
"Yankee Stadium",2023,46138,171,46537,99.14
"Yankee Stadium",2024,41149,191,46537,88.42
"Yankee Stadium",2023,39681,174,46537,85.27
"Yankee Stadium",2024,35308,171,46537,75.87
"Yankee Stadium",2024,41041,153,46537,88.19
"Yankee Stadium",2021,10583,208,46537,22.74
"Yankee Stadium",2024,47158,169,46537,101.33
"Yankee Stadium",2022,46707,127,46537,100.37
"Yankee Stadium",2024,43173,160,46537,92.77
"Yankee Stadium",2024,45056,156,46537,96.82
"Yankee Stadium",2021,10042,194,46537,21.58
"Yankee Stadium",2021,10850,230,46537,23.31
"Yankee Stadium",2024,41219,163,46537,88.57
"Yankee Stadium",2022,30157,197,46537,64.8
"Yankee Stadium",2021,31403,170,46537,67.48
"Yankee Stadium",2023,37202,161,46537,79.94
"Yankee Stadium",2024,41010,191,46537,88.12
"Yankee Stadium",2022,45538,191,46537,97.85
"Yankee Stadium",2024,37590,154,46537,80.77
"Yankee Stadium",2023,43946,188,46537,94.43
"Yankee Stadium",2023,40652,185,46537,87.35
"Yankee Stadium",2024,41263,140,46537,88.67
"Yankee Stadium",2024,47629,145,46537,102.35
"Yankee Stadium",2023,42599,158,46537,91.54
"Yankee Stadium",2023,37883,165,46537,81.4
"Yankee Stadium",2021,42107,134,46537,90.48
"Yankee Stadium",2023,32521,153,46537,69.88
"Yankee Stadium",2022,46958,179,46537,100.9
"Yankee Stadium",2021,25054,186,46537,53.84
"Yankee Stadium",2024,37257,178,46537,80.06
"Yankee Stadium",2021,34085,228,46537,73.24
"Yankee Stadium",2021,10202,202,46537,21.92
"Yankee Stadium",2023,46963,152,46537,100.92
"Yankee Stadium",2021,30714,224,46537,66
"Yankee Stadium",2024,46378,171,46537,99.66
"Yankee Stadium",2023,33011,154,46537,70.93
"Yankee Stadium",2021,10021,134,46537,21.53
"Yankee Stadium",2022,47583,192,46537,102.25
"Yankee Stadium",2023,42053,147,46537,90.36
"Yankee Stadium",2023,46242,142,46537,99.37
"Yankee Stadium",2023,31553,152,46537,67.8
"Yankee Stadium",2022,47528,185,46537,102.13
"Yankee Stadium",2023,37115,182,46537,79.75
"Yankee Stadium",2024,41324,175,46537,88.8
"Yankee Stadium",2021,40047,220,46537,86.05
"Yankee Stadium",2021,41469,205,46537,89.11
"Yankee Stadium",2023,35847,150,46537,77.03
"Yankee Stadium",2023,39455,166,46537,84.78
"Yankee Stadium",2023,38363,147,46537,82.44
"Yankee Stadium",2024,47155,220,46537,101.33
"Yankee Stadium",2022,40714,187,46537,87.49
"Yankee Stadium",2022,26211,183,46537,56.32
"Yankee Stadium",2022,43123,214,46537,92.66
"Yankee Stadium",2023,38049,148,46537,81.76
"Yankee Stadium",2022,49217,203,46537,105.76
"Yankee Stadium",2023,41520,173,46537,89.22
"Yankee Stadium",2022,38051,183,46537,81.77
"Yankee Stadium",2023,44130,167,46537,94.83
"Yankee Stadium",2021,9634,196,46537,20.7
"Yankee Stadium",2021,9404,178,46537,20.21
"Yankee Stadium",2021,23335,180,46537,50.14
"Yankee Stadium",2023,36022,162,46537,77.41
"Yankee Stadium",2024,45318,195,46537,97.38
"Yankee Stadium",2022,25068,187,46537,53.87
"Yankee Stadium",2021,10850,207,46537,23.31
"Yankee Stadium",2021,30112,210,46537,64.71
"Yankee Stadium",2021,10107,218,46537,21.72
"Yankee Stadium",2022,30518,187,46537,65.58
"Yankee Stadium",2022,35692,183,46537,76.7
"Yankee Stadium",2021,39088,206,46537,83.99
"Yankee Stadium",2021,34110,205,46537,73.3
"Yankee Stadium",2022,46882,178,46537,100.74
"Yankee Stadium",2022,35104,178,46537,75.43
"Yankee Stadium",2022,40108,220,46537,86.19
"Yankee Stadium",2021,23152,211,46537,49.75
"Yankee Stadium",2022,41522,219,46537,89.22
"Yankee Stadium",2024,41778,168,46537,89.77
"Yankee Stadium",2023,41411,143,46537,88.99
"Yankee Stadium",2021,10066,161,46537,21.63
"Yankee Stadium",2022,46175,171,46537,99.22
"Yankee Stadium",2022,33168,204,46537,71.27
"Yankee Stadium",2022,47611,205,46537,102.31
"Yankee Stadium",2024,43154,176,46537,92.73
"Yankee Stadium",2023,41090,146,46537,88.3
"Yankee Stadium",2021,25170,201,46537,54.09
"Yankee Stadium",2022,41419,189,46537,89
"Yankee Stadium",2024,43202,156,46537,92.83
"Yankee Stadium",2022,40157,213,46537,86.29
"Yankee Stadium",2024,45017,154,46537,96.73
"Yankee Stadium",2021,39078,176,46537,83.97
"Yankee Stadium",2022,42105,170,46537,90.48
"Yankee Stadium",2023,46007,148,46537,98.86
"Yankee Stadium",2024,46069,169,46537,98.99
"Yankee Stadium",2021,35437,228,46537,76.15
"Yankee Stadium",2024,37139,142,46537,79.81
"Yankee Stadium",2022,38043,168,46537,81.75
"Yankee Stadium",2022,44071,204,46537,94.7
"Yankee Stadium",2023,32722,163,46537,70.31
"Yankee Stadium",2024,40022,162,46537,86
"Yankee Stadium",2022,36772,236,46537,79.02
"Yankee Stadium",2024,48374,197,46537,103.95
"Yankee Stadium",2023,44822,156,46537,96.31
"Yankee Stadium",2022,44001,220,46537,94.55
"Yankee Stadium",2021,10010,181,46537,21.51
"Yankee Stadium",2022,30109,190,46537,64.7
"Yankee Stadium",2023,41096,181,46537,88.31
"Yankee Stadium",2023,37686,150,46537,80.98
"Yankee Stadium",2022,44332,215,46537,95.26
"Yankee Stadium",2022,36402,191,46537,78.22
"Yankee Stadium",2024,38105,172,46537,81.88
"Yankee Stadium",2021,31528,211,46537,67.75
"Yankee Stadium",2022,39050,163,46537,83.91
"Yankee Stadium",2024,42250,200,46537,90.79
"Yankee Stadium",2023,43507,147,46537,93.49
"Yankee Stadium",2024,48023,164,46537,103.19
"Yankee Stadium",2023,37266,162,46537,80.08
"Yankee Stadium",2022,47958,212,46537,103.05
"Yankee Stadium",2022,43446,256,46537,93.36
"Yankee Stadium",2024,38095,175,46537,81.86
"Yankee Stadium",2022,48760,168,46537,104.78
"Yankee Stadium",2022,42169,167,46537,90.61
"Yankee Stadium",2022,34866,161,46537,74.92
"Yankee Stadium",2021,20019,194,46537,43.02
"Yankee Stadium",2024,48760,198,46537,104.78
"Yankee Stadium",2022,43088,167,46537,92.59
"Yankee Stadium",2023,44401,153,46537,95.41
"Yankee Stadium",2024,42768,201,46537,91.9
"Yankee Stadium",2022,32187,170,46537,69.16
"Yankee Stadium",2021,17008,163,46537,36.55
"Yankee Stadium",2023,35392,165,46537,76.05
"Yankee Stadium",2023,46061,149,46537,98.98
"Yankee Stadium",2022,39469,158,46537,84.81
"Yankee Stadium",2022,42192,201,46537,90.66
"Yankee Stadium",2022,33476,188,46537,71.93
"Yankee Stadium",2022,36731,178,46537,78.93
"Yankee Stadium",2024,35119,160,46537,75.46
"Yankee Stadium",2021,19103,229,46537,41.05
"Yankee Stadium",2024,40218,171,46537,86.42
"Yankee Stadium",2023,43223,155,46537,92.88
"Yankee Stadium",2021,9895,215,46537,21.26
"Yankee Stadium",2022,42481,192,46537,91.28
"Yankee Stadium",2024,41380,188,46537,88.92
"Yankee Stadium",2024,47453,193,46537,101.97
"Yankee Stadium",2022,42026,159,46537,90.31
"Yankee Stadium",2023,46345,208,46537,99.59
"Yankee Stadium",2023,38131,200,46537,81.94
"Yankee Stadium",2022,44081,200,46537,94.72
"Yankee Stadium",2024,41996,167,46537,90.24
"Yankee Stadium",2023,44019,175,46537,94.59
"Yankee Stadium",2023,42105,184,46537,90.48
"Yankee Stadium",2021,14007,217,46537,30.1
"Yankee Stadium",2021,43180,256,46537,92.79
"Yankee Stadium",2022,45341,240,46537,97.43
"Yankee Stadium",2024,45226,177,46537,97.18
"Yankee Stadium",2022,37255,186,46537,80.05
"Yankee Stadium",2022,47346,180,46537,101.74
"Yankee Stadium",2023,41642,192,46537,89.48
"Yankee Stadium",2023,39766,189,46537,85.45
"Yankee Stadium",2021,13824,218,46537,29.71
"Yankee Stadium",2021,39166,221,46537,84.16
"Yankee Stadium",2024,44883,184,46537,96.45
