"Stadium_Name","Year","Spectator_Count","Game_Length"
"Gocheok Sky Dome",2024,15952,185
"Gocheok Sky Dome",2024,15928,222
"Chase Field",2024,49011,157
"Great American Ballpark",2024,44030,138
"Dodger Stadium",2024,52667,143
"Marlins Park",2024,32564,204
"Petco Park",2024,44953,154
"Oriole Park at Camden Yards",2024,45029,163
"Guaranteed Rate Field;U.S. Cellular Field",2024,33420,123
"Minute Maid Park",2024,42642,161
"Kauffman Stadium",2024,38775,149
"Oakland-Alameda County Coliseum",2024,13522,142
"Safeco Field",2024,45337,165
"Tropicana Field",2024,25025,153
"Globe Life Field in Arlington",2024,42130,195
"Chase Field",2024,29480,156
"Dodger Stadium",2024,47524,143
"Marlins Park",2024,13636,170
"Citi Field",2024,42137,148
"Citizens Bank Park",2024,44452,174
"Petco Park",2024,45427,145
"Minute Maid Park",2024,41583,197
"Oakland-Alameda County Coliseum",2024,3837,159
"Safeco Field",2024,30013,144
"Tropicana Field",2024,18653,148
"Chase Field",2024,32133,197
"Great American Ballpark",2024,39674,175
"Dodger Stadium",2024,45019,197
"Marlins Park",2024,14203,158
"Citi Field",2024,30296,170
"Citizens Bank Park",2024,44468,178
"Petco Park",2024,37104,184
"Oriole Park at Camden Yards",2024,28420,175
"Guaranteed Rate Field;U.S. Cellular Field",2024,28176,185
"Minute Maid Park",2024,41247,174
"Kauffman Stadium",2024,19461,161
"Oakland-Alameda County Coliseum",2024,5425,181
"Safeco Field",2024,32149,166
"Tropicana Field",2024,18905,164
"Globe Life Field in Arlington",2024,37570,152
"Chase Field",2024,21824,142
"Great American Ballpark",2024,13590,170
"Dodger Stadium",2024,41014,161
"Marlins Park",2024,15915,181
"Citi Field",2024,22222,163
"Citizens Bank Park",2024,42515,159
"Petco Park",2024,34499,163
"Oriole Park at Camden Yards",2024,20576,139
"Guaranteed Rate Field;U.S. Cellular Field",2024,17478,161
"Minute Maid Park",2024,36908,176
"Kauffman Stadium",2024,13005,145
"Oakland-Alameda County Coliseum",2024,4118,150
"Safeco Field",2024,29331,152
"Tropicana Field",2024,14875,167
"Globe Life Field in Arlington",2024,32078,182
"Chase Field",2024,38608,179
"Wrigley Field",2024,40072,146
"Dodger Stadium",2024,49044,158
"Marlins Park",2024,9411,172
"Citi Field",2024,16853,166
"Citizens Bank Park",2024,33754,184
"Petco Park",2024,37566,165
"Nationals Park",2024,40405,191
"Oriole Park at Camden Yards",2024,12666,155
"Guaranteed Rate Field;U.S. Cellular Field",2024,13781,149
"Minute Maid Park",2024,27285,121
"Oakland-Alameda County Coliseum",2024,6618,151
"Safeco Field",2024,21322,155
"Tropicana Field",2024,14144,154
"Chase Field",2024,39863,147
"Wrigley Field",2024,26555,157
"Dodger Stadium",2024,49365,177
"Marlins Park",2024,9033,138
"Miller Park",2024,41659,144
"Citizens Bank Park",2024,28119,164
"Petco Park",2024,43076,143
"Oriole Park at Camden Yards",2024,9404,137
"Guaranteed Rate Field;U.S. Cellular Field",2024,12300,141
"Minute Maid Park",2024,28811,148
"Oakland-Alameda County Coliseum",2024,5112,184
"Safeco Field",2024,20646,147
"Tropicana Field",2024,11697,143
"Chase Field",2024,35038,184
"Wrigley Field",2024,25900,180
"Dodger Stadium",2024,52746,145
"Marlins Park",2024,8573,166
"Miller Park",2024,17854,187
"Citizens Bank Park",2024,28077,154
"Petco Park",2024,38835,167
"Nationals Park",2024,14022,150
"Oriole Park at Camden Yards",2024,11488,155
"Minute Maid Park",2024,26279,165
"Oakland-Alameda County Coliseum",2024,6436,141
"Safeco Field",2024,22583,142
"Tropicana Field",2024,18881,146
"Citi Field",2024,0,205
"Citi Field",2024,15020,143
"Busch Stadium III",2024,47273,167
"Nationals Park",2024,11135,172
"Kauffman Stadium",2024,10863,146
"Target Field",2024,35595,177
"Truist Park",2024,41426,190
"Wrigley Field",2024,34981,177
"Great American Ballpark",2024,16620,178
"Coors Field",2024,48399,190
"Miller Park",2024,23035,167
"PNC Park",2024,38400,143
"Oracle Park",2024,40645,145
"Nationals Park",2024,21374,171
"Angel Stadium of Anaheim",2024,44714,191
"Comerica Park",2024,44711,153
"Kauffman Stadium",2024,10592,140
"Yankee Stadium II",2024,47812,174
"Globe Life Field in Arlington",2024,34583,154
"Truist Park",2024,41278,169
"Wrigley Field",2024,41040,165
"Great American Ballpark",2024,28307,158
"Coors Field",2024,29238,183
"Miller Park",2024,35522,145
"PNC Park",2024,24089,204
"Oracle Park",2024,40114,130
"Busch Stadium III",2024,37328,138
"Nationals Park",2024,29718,148
"Angel Stadium of Anaheim",2024,44485,162
"Comerica Park",2024,27529,151
"Kauffman Stadium",2024,15463,131
"Target Field",2024,25806,171
"Yankee Stadium II",2024,42250,200
"Globe Life Field in Arlington",2024,39594,178
"Truist Park",2024,40693,150
"Wrigley Field",2024,38322,152
"Great American Ballpark",2024,26656,158
"Coors Field",2024,25566,163
"Miller Park",2024,25573,156
"PNC Park",2024,20652,131
"Oracle Park",2024,40149,136
"Busch Stadium III",2024,39519,147
"Nationals Park",2024,24765,151
"Angel Stadium of Anaheim",2024,38917,176
"Comerica Park",2024,15174,154
"Kauffman Stadium",2024,14251,149
"Yankee Stadium II",2024,40569,190
"Globe Life Field in Arlington",2024,35681,143
"Truist Park",2024,37538,207
"Great American Ballpark",2024,10382,168
"Coors Field",2024,18870,187
"PNC Park",2024,9957,155
"Petco Park",2024,33864,176
"Oracle Park",2024,25582,168
"Busch Stadium III",2024,32621,170
"Angel Stadium of Anaheim",2024,18748,134
"Progressive Field",2024,35735,155
"Target Field",2024,15177,135
"Yankee Stadium II",2024,31071,121
"Globe Life Field in Arlington",2024,31737,156
"Rogers Centre",2024,40069,153
"Truist Park",2024,32065,162
"Great American Ballpark",2024,12623,177
"Coors Field",2024,19359,158
"PNC Park",2024,10058,140
"Petco Park",2024,35171,171
"Oracle Park",2024,24380,161
"Busch Stadium III",2024,31972,159
"Angel Stadium of Anaheim",2024,20271,166
"Fenway Park",2024,36093,160
"Progressive Field",2024,14887,165
"Kauffman Stadium",2024,11926,183
"Target Field",2024,17024,143
"Yankee Stadium II",2024,37680,155
"Globe Life Field in Arlington",2024,18714,143
"Rogers Centre",2024,31310,173
"Great American Ballpark",2024,10388,132
"Coors Field",2024,18311,173
"Petco Park",2024,39048,150
"Oracle Park",2024,25558,127
"Busch Stadium III",2024,33104,190
"Angel Stadium of Anaheim",2024,16600,152
"Fenway Park",2024,27936,161
"Progressive Field",2024,12405,177
"Kauffman Stadium",2024,10536,157
"Target Field",2024,18640,151
"Yankee Stadium II",2024,36295,170
"Globe Life Field in Arlington",2024,30488,142
"Rogers Centre",2024,22960,160
"Truist Park",2024,34352,170
"Citizens Bank Park",2024,33362,135
"Fenway Park",2024,26230,196
"Kauffman Stadium",2024,10280,161
"Globe Life Field in Arlington",2024,19726,138
"Chase Field",2024,29247,164
"Dodger Stadium",2024,49606,194
"Marlins Park",2024,14408,157
"Citi Field",2024,18822,138
"Citizens Bank Park",2024,35578,168
"Oriole Park at Camden Yards",2024,32205,166
"Fenway Park",2024,26106,140
"Guaranteed Rate Field;U.S. Cellular Field",2024,11337,163
"Comerica Park",2024,12434,167
"Minute Maid Park",2024,39842,183
"Oakland-Alameda County Coliseum",2024,5777,156
"Safeco Field",2024,33500,155
"Tropicana Field",2024,15146,152
"Rogers Centre",2024,29035,173
"Chase Field",2024,33640,142
"Dodger Stadium",2024,44582,156
"Marlins Park",2024,22327,132
"Citi Field",2024,25387,176
"Citizens Bank Park",2024,40519,177
"Oriole Park at Camden Yards",2024,24327,180
"Fenway Park",2024,31878,148
"Guaranteed Rate Field;U.S. Cellular Field",2024,22598,149
"Progressive Field",2024,17089,177
"Progressive Field",2024,31066,148
"Comerica Park",2024,0,193
"Comerica Park",2024,22548,135
"Minute Maid Park",2024,38574,167
"Oakland-Alameda County Coliseum",2024,3330,155
"Safeco Field",2024,38104,144
"Tropicana Field",2024,17411,147
"Rogers Centre",2024,31472,152
"Chase Field",2024,26460,149
"Dodger Stadium",2024,49432,178
"Marlins Park",2024,20757,152
"Citi Field",2024,32749,142
"Citizens Bank Park",2024,44568,153
"Oriole Park at Camden Yards",2024,35085,163
"Fenway Park",2024,30792,175
"Guaranteed Rate Field;U.S. Cellular Field",2024,17589,177
"Progressive Field",2024,28119,188
"Comerica Park",2024,17317,147
"Minute Maid Park",2024,36759,154
"Oakland-Alameda County Coliseum",2024,8637,165
"Safeco Field",2024,32423,155
"Tropicana Field",2024,19470,140
"Rogers Centre",2024,27481,152
"Chase Field",2024,24468,196
"Dodger Stadium",2024,42677,156
"Marlins Park",2024,8290,156
"Miller Park",2024,18396,173
"Citi Field",2024,18266,163
"Citizens Bank Park",2024,35496,160
"Oriole Park at Camden Yards",2024,14611,154
"Fenway Park",2024,33008,165
"Guaranteed Rate Field;U.S. Cellular Field",2024,10569,137
"Comerica Park",2024,12005,141
"Minute Maid Park",2024,32407,187
"Oakland-Alameda County Coliseum",2024,5508,139
"Safeco Field",2024,16008,150
"Tropicana Field",2024,12267,154
"Rogers Centre",2024,30962,143
"Chase Field",2024,26426,218
"Dodger Stadium",2024,52718,146
"Marlins Park",2024,8076,161
"Miller Park",2024,20034,173
"Citi Field",2024,18398,148
"Citizens Bank Park",2024,35010,127
"Oriole Park at Camden Yards",2024,18108,154
"Fenway Park",2024,30133,217
"Comerica Park",2024,10377,143
"Minute Maid Park",2024,34144,175
"Oakland-Alameda County Coliseum",2024,3296,149
"Safeco Field",2024,17291,171
"Tropicana Field",2024,12160,209
"Rogers Centre",2024,31175,176
"Chase Field",2024,26567,146
"Dodger Stadium",2024,44428,136
"Marlins Park",2024,8179,144
"Miller Park",2024,24521,124
"Citi Field",2024,18092,153
"Citizens Bank Park",2024,35706,171
"Oriole Park at Camden Yards",2024,15860,156
"Fenway Park",2024,32024,109
"Guaranteed Rate Field;U.S. Cellular Field",2024,0,151
"Guaranteed Rate Field;U.S. Cellular Field",2024,10412,136
"Comerica Park",2024,10259,157
"Minute Maid Park",2024,29073,191
"Oakland-Alameda County Coliseum",2024,9551,150
"Safeco Field",2024,17225,140
"Tropicana Field",2024,10844,162
"Rogers Centre",2024,30233,190
"Oracle Park",2024,26896,132
"Fenway Park",2024,35494,159
"Comerica Park",2024,11339,184
"Tropicana Field",2024,10648,135
"Truist Park",2024,40810,150
"Wrigley Field",2024,29595,145
"Great American Ballpark",2024,22539,132
"Dodger Stadium",2024,44783,183
"Citizens Bank Park",2024,39069,138
"PNC Park",2024,17959,142
"Petco Park",2024,44890,177
"Oracle Park",2024,33921,180
"Busch Stadium III",2024,40147,182
"Nationals Park",2024,22999,172
"Progressive Field",2024,16262,135
"Kauffman Stadium",2024,17073,162
"Target Field",2024,13849,152
"Yankee Stadium II",2024,36055,160
"Truist Park",2024,41744,152
"Wrigley Field",2024,36379,158
"Wrigley Field",2024,32386,142
"Great American Ballpark",2024,27343,170
"Coors Field",2024,25376,152
"Dodger Stadium",2024,45373,200
"Citizens Bank Park",2024,44546,183
"PNC Park",2024,26025,168
"Petco Park",2024,43273,156
"Oracle Park",2024,31063,154
"Busch Stadium III",2024,41949,181
"Nationals Park",2024,34608,165
"Progressive Field",2024,19487,156
"Kauffman Stadium",2024,23118,184
"Target Field",2024,20064,147
"Yankee Stadium II",2024,47629,145
"Truist Park",2024,36581,148
"Wrigley Field",2024,36067,154
"Great American Ballpark",2024,25935,156
"Coors Field",2024,33283,177
"Coors Field",2024,19756,153
"Dodger Stadium",2024,49287,138
"Citizens Bank Park",2024,43614,157
"PNC Park",2024,18814,172
"Petco Park",2024,44527,151
"Oracle Park",2024,35922,160
"Busch Stadium III",2024,40715,154
"Nationals Park",2024,23193,140
"Progressive Field",2024,16905,159
"Kauffman Stadium",2024,18044,161
"Target Field",2024,17757,157
"Yankee Stadium II",2024,40022,162
"Truist Park",2024,31572,136
"Great American Ballpark",2024,11263,122
"Coors Field",2024,18515,135
"PNC Park",2024,8461,152
"Oracle Park",2024,24138,145
"Busch Stadium III",2024,33036,150
"Angel Stadium of Anaheim",2024,26081,156
"Kauffman Stadium",2024,10004,143
"Target Field",2024,12443,139
"Yankee Stadium II",2024,30366,152
"Tropicana Field",2024,13522,136
"Truist Park",2024,33533,114
"Wrigley Field",2024,30643,157
"Great American Ballpark",2024,13653,155
"Coors Field",2024,18822,162
"PNC Park",2024,9107,134
"Oracle Park",2024,25453,130
"Busch Stadium III",2024,32875,157
"Nationals Park",2024,27806,190
"Angel Stadium of Anaheim",2024,22803,165
"Progressive Field",2024,13543,138
"Kauffman Stadium",2024,11373,153
"Target Field",2024,11223,166
"Yankee Stadium II",2024,30060,149
"Tropicana Field",2024,13648,140
"Globe Life Field in Arlington",2024,27295,149
"Truist Park",2024,38950,160
"Wrigley Field",2024,32327,165
"Great American Ballpark",2024,14515,184
"Coors Field",2024,19356,138
"PNC Park",2024,10370,162
"Oracle Park",2024,30183,170
"Busch Stadium III",2024,36390,141
"Nationals Park",2024,26298,160
"Angel Stadium of Anaheim",2024,19557,177
"Progressive Field",2024,13916,148
"Kauffman Stadium",2024,10282,158
"Target Field",2024,12546,149
"Yankee Stadium II",2024,31179,153
"Tropicana Field",2024,13754,152
"Globe Life Field in Arlington",2024,31896,177
"Wrigley Field",2024,29876,163
"Great American Ballpark",2024,17557,155
"Coors Field",2024,27705,186
"PNC Park",2024,11570,185
"Nationals Park",2024,24185,156
"Progressive Field",2024,16082,169
"Kauffman Stadium",2024,9740,93
"Target Field",2024,20363,150
"Yankee Stadium II",2024,40141,144
"Globe Life Field in Arlington",2024,21782,138
"Truist Park",2024,40210,155
"Marlins Park",2024,10201,135
"Miller Park",2024,32314,191
"Citi Field",2024,24159,150
"Petco Park",2024,40763,162
"Oracle Park",2024,37110,143
"Angel Stadium of Anaheim",2024,31087,170
"Oriole Park at Camden Yards",2024,22965,180
"Fenway Park",2024,31801,154
"Guaranteed Rate Field;U.S. Cellular Field",2024,10323,161
"Comerica Park",2024,17251,150
"Safeco Field",2024,33997,129
"Globe Life Field in Arlington",2024,28396,141
"Rogers Centre",2024,39688,159
"Truist Park",2024,41696,167
"Estadio Alfredo Harp Helu",2024,19934,189
"Marlins Park",2024,12695,168
"Miller Park",2024,41620,165
"Citi Field",2024,32332,183
"Petco Park",2024,43018,129
"Oracle Park",2024,34841,166
"Angel Stadium of Anaheim",2024,44478,185
"Oriole Park at Camden Yards",2024,28364,130
"Fenway Park",2024,35169,160
"Guaranteed Rate Field;U.S. Cellular Field",2024,28009,179
"Comerica Park",2024,22734,150
"Safeco Field",2024,38956,136
"Globe Life Field in Arlington",2024,36553,154
"Rogers Centre",2024,39405,169
"Truist Park",2024,40758,175
"Estadio Alfredo Harp Helu",2024,19841,143
"Marlins Park",2024,15894,197
"Miller Park",2024,35295,201
"Citi Field",2024,30980,179
"Petco Park",2024,42037,156
"Oracle Park",2024,36380,143
"Angel Stadium of Anaheim",2024,38955,181
"Oriole Park at Camden Yards",2024,40887,173
"Fenway Park",2024,32052,154
"Guaranteed Rate Field;U.S. Cellular Field",2024,12669,126
"Comerica Park",2024,18794,130
"Safeco Field",2024,33474,146
"Globe Life Field in Arlington",2024,37008,150
"Rogers Centre",2024,39053,140
"Chase Field",2024,36985,170
"Marlins Park",2024,6376,141
"Miller Park",2024,20395,151
"Citi Field",2024,25046,125
"Petco Park",2024,39158,148
"Angel Stadium of Anaheim",2024,25449,163
"Oriole Park at Camden Yards",2024,23184,150
"Guaranteed Rate Field;U.S. Cellular Field",2024,10772,154
"Oakland-Alameda County Coliseum",2024,3528,138
"Safeco Field",2024,26452,149
"Rogers Centre",2024,29879,176
"Chase Field",2024,28667,167
"Marlins Park",2024,6706,161
"Miller Park",2024,21124,167
"Citi Field",2024,22880,151
"Petco Park",2024,36769,161
"Angel Stadium of Anaheim",2024,23949,168
"Oriole Park at Camden Yards",2024,21949,139
"Fenway Park",2024,30027,152
"Guaranteed Rate Field;U.S. Cellular Field",2024,11609,184
"Comerica Park",2024,0,139
"Comerica Park",2024,16290,180
"Minute Maid Park",2024,29711,197
"Oakland-Alameda County Coliseum",2024,3876,142
"Safeco Field",2024,23534,136
"Globe Life Field in Arlington",2024,27584,139
"Rogers Centre",2024,27189,139
"Chase Field",2024,34088,169
"Marlins Park",2024,7171,140
"Miller Park",2024,20132,151
"Citi Field",2024,22485,157
"Petco Park",2024,32993,150
"Angel Stadium of Anaheim",2024,20156,173
"Oriole Park at Camden Yards",2024,24180,149
"Fenway Park",2024,30787,134
"Guaranteed Rate Field;U.S. Cellular Field",2024,12216,168
"Comerica Park",2024,16035,141
"Minute Maid Park",2024,25733,156
"Oakland-Alameda County Coliseum",2024,4679,141
"Safeco Field",2024,21689,154
"Globe Life Field in Arlington",2024,24846,131
"Rogers Centre",2024,32307,139
"Marlins Park",2024,7540,177
"Citi Field",2024,22224,197
"Oriole Park at Camden Yards",2024,27299,159
"Fenway Park",2024,30065,141
"Minute Maid Park",2024,26600,159
"Globe Life Field in Arlington",2024,27529,150
"Chase Field",2024,31976,156
"Wrigley Field",2024,33557,157
"Great American Ballpark",2024,25861,154
"Dodger Stadium",2024,50859,180
"Citizens Bank Park",2024,40888,180
"PNC Park",2024,20646,156
"Busch Stadium III",2024,34010,141
"Nationals Park",2024,22856,169
"Progressive Field",2024,19698,161
"Minute Maid Park",2024,33796,156
"Kauffman Stadium",2024,25690,144
"Target Field",2024,24488,141
"Yankee Stadium II",2024,37386,164
"Oakland-Alameda County Coliseum",2024,8533,140
"Tropicana Field",2024,19077,166
"Chase Field",2024,39661,170
"Wrigley Field",2024,40505,150
"Great American Ballpark",2024,33202,142
"Dodger Stadium",2024,44474,144
"Citizens Bank Park",2024,42610,181
"PNC Park",2024,24149,133
"Busch Stadium III",2024,38559,192
"Nationals Park",2024,22836,179
"Progressive Field",2024,26292,135
"Minute Maid Park",2024,34205,145
"Kauffman Stadium",2024,26002,170
"Target Field",2024,23587,154
"Yankee Stadium II",2024,45017,154
"Oakland-Alameda County Coliseum",2024,7809,163
"Tropicana Field",2024,18968,171
"Chase Field",2024,30968,159
"Wrigley Field",2024,39299,143
"Great American Ballpark",2024,31514,157
"Dodger Stadium",2024,52733,127
"Citizens Bank Park",2024,41058,165
"PNC Park",2024,12912,138
"Busch Stadium III",2024,43046,148
"Nationals Park",2024,18363,181
"Progressive Field",2024,19579,135
"Minute Maid Park",2024,36280,175
"Kauffman Stadium",2024,20613,152
"Target Field",2024,29638,170
"Yankee Stadium II",2024,35119,160
"Oakland-Alameda County Coliseum",2024,12212,172
"Tropicana Field",2024,19310,208
"Wrigley Field",2024,35560,181
"Dodger Stadium",2024,44970,139
"Citizens Bank Park",2024,33408,143
"PNC Park",2024,9506,115
"Busch Stadium III",2024,31283,145
"Progressive Field",2024,15029,141
"Kauffman Stadium",2024,10005,147
"Target Field",2024,14384,129
"Oakland-Alameda County Coliseum",2024,2895,146
"Tropicana Field",2024,12042,153
"Truist Park",2024,38142,151
"Wrigley Field",2024,38133,151
"Great American Ballpark",2024,14485,147
"Coors Field",2024,21259,151
"Dodger Stadium",2024,51496,131
"Citizens Bank Park",2024,39492,155
"PNC Park",2024,10844,151
"Busch Stadium III",2024,32606,172
"Nationals Park",2024,29542,139
"Progressive Field",2024,15531,165
"Kauffman Stadium",2024,14657,152
"Target Field",2024,14710,181
"Yankee Stadium II",2024,37126,166
"Oakland-Alameda County Coliseum",2024,3965,187
"Tropicana Field",2024,10872,138
"Truist Park",2024,37015,141
"Wrigley Field",2024,30138,149
"Great American Ballpark",2024,15660,162
"Coors Field",2024,20532,166
"Dodger Stadium",2024,40702,115
"Citizens Bank Park",2024,34681,181
"PNC Park",2024,15213,149
"Nationals Park",2024,34078,215
"Progressive Field",2024,20788,162
"Kauffman Stadium",2024,22430,158
"Target Field",2024,15685,147
"Yankee Stadium II",2024,37660,155
"Oakland-Alameda County Coliseum",2024,0,139
"Oakland-Alameda County Coliseum",2024,8230,213
"Tropicana Field",2024,12877,152
"Great American Ballpark",2024,18214,171
"Coors Field",2024,23870,140
"Miller Park",2024,25031,147
"Angel Stadium of Anaheim",2024,23568,164
"Guaranteed Rate Field;U.S. Cellular Field",2024,10495,142
"Target Field",2024,22154,159
"Yankee Stadium II",2024,38095,175
"Coors Field",2024,32693,141
"Marlins Park",2024,15119,165
"Miller Park",2024,30104,151
"Citi Field",2024,23355,147
"PNC Park",2024,16454,157
"Petco Park",2024,43388,132
"Oracle Park",2024,32867,150
"Angel Stadium of Anaheim",2024,29126,158
"Oriole Park at Camden Yards",2024,27703,154
"Fenway Park",2024,31313,146
"Guaranteed Rate Field;U.S. Cellular Field",2024,17319,135
"Comerica Park",2024,21215,145
"Safeco Field",2024,39743,164
"Tropicana Field",2024,18041,159
"Rogers Centre",2024,34205,144
"Coors Field",2024,37527,168
"Marlins Park",2024,13210,156
"Miller Park",2024,34028,170
"Citi Field",2024,38919,165
"PNC Park",2024,34924,176
"Petco Park",2024,46701,156
"Oracle Park",2024,37321,155
"Angel Stadium of Anaheim",2024,31593,141
"Oriole Park at Camden Yards",2024,27882,191
"Fenway Park",2024,30995,133
"Guaranteed Rate Field;U.S. Cellular Field",2024,26152,136
"Comerica Park",2024,27140,161
"Safeco Field",2024,32398,141
"Tropicana Field",2024,21308,147
"Rogers Centre",2024,35069,188
"Coors Field",2024,35107,145
"Marlins Park",2024,13001,179
"Miller Park",2024,36865,164
"Citi Field",2024,18944,170
"PNC Park",2024,18554,199
"Petco Park",2024,43881,155
"Oracle Park",2024,36210,193
"Angel Stadium of Anaheim",2024,27723,138
"Oriole Park at Camden Yards",2024,31448,163
"Fenway Park",2024,29250,151
"Guaranteed Rate Field;U.S. Cellular Field",2024,15529,132
"Comerica Park",2024,27004,163
"Safeco Field",2024,41609,138
"Tropicana Field",2024,20694,176
"Rogers Centre",2024,32200,140
"Chase Field",2024,18017,198
"Truist Park",2024,34582,151
"Miller Park",2024,18305,187
"Citi Field",2024,28086,190
"Petco Park",2024,34458,164
"Oracle Park",2024,35033,175
"Angel Stadium of Anaheim",2024,22814,174
"Oriole Park at Camden Yards",2024,24358,162
"Fenway Park",2024,28663,156
"Comerica Park",2024,12901,144
"Minute Maid Park",2024,26225,153
"Safeco Field",2024,14984,152
"Globe Life Field in Arlington",2024,27100,166
"Chase Field",2024,20068,150
"Truist Park",2024,37357,132
"Miller Park",2024,19532,147
"Citi Field",2024,30047,168
"Petco Park",2024,40134,159
"Oracle Park",2024,33575,156
"Angel Stadium of Anaheim",2024,21490,175
"Fenway Park",2024,32893,192
"Guaranteed Rate Field;U.S. Cellular Field",2024,0,162
"Guaranteed Rate Field;U.S. Cellular Field",2024,11138,135
"Comerica Park",2024,16498,129
"Minute Maid Park",2024,36178,181
"Target Field",2024,23805,158
"Safeco Field",2024,20665,151
"Globe Life Field in Arlington",2024,33885,176
"Chase Field",2024,16826,119
"Truist Park",2024,36623,150
"Miller Park",2024,32848,142
"Citizens Bank Park",2024,37219,163
"Petco Park",2024,33951,146
"Oracle Park",2024,36027,143
"Angel Stadium of Anaheim",2024,21961,177
"Oriole Park at Camden Yards",2024,29578,185
"Fenway Park",2024,30016,149
"Guaranteed Rate Field;U.S. Cellular Field",2024,11008,136
"Comerica Park",2024,19806,145
"Minute Maid Park",2024,28124,124
"Target Field",2024,22235,158
"Safeco Field",2024,22233,177
"Globe Life Field in Arlington",2024,29276,146
"Wrigley Field",2024,36202,147
"Dodger Stadium",2024,53527,169
"Citizens Bank Park",2024,38267,209
"Fenway Park",2024,31704,192
"Minute Maid Park",2024,26377,143
"Target Field",2024,31569,135
"Chase Field",2024,25122,137
"Truist Park",2024,40186,174
"Wrigley Field",2024,35372,177
"Dodger Stadium",2024,46832,139
"Marlins Park",2024,13555,147
"Citizens Bank Park",2024,44507,135
"Oracle Park",2024,32025,181
"Busch Stadium III",2024,37961,172
"Oriole Park at Camden Yards",2024,38882,151
"Progressive Field",2024,30121,152
"Minute Maid Park",2024,31334,159
"Kauffman Stadium",2024,24585,147
"Yankee Stadium II",2024,46025,152
"Globe Life Field in Arlington",2024,37922,170
"Rogers Centre",2024,32640,160
"Chase Field",2024,35826,171
"Wrigley Field",2024,39857,130
"Dodger Stadium",2024,49239,127
"Marlins Park",2024,15304,189
"Citizens Bank Park",2024,43112,172
"Oracle Park",2024,31098,167
"Busch Stadium III",2024,40690,160
"Oriole Park at Camden Yards",2024,19286,165
"Progressive Field",2024,35545,165
"Minute Maid Park",2024,34212,150
"Kauffman Stadium",2024,22014,139
"Yankee Stadium II",2024,43194,149
"Globe Life Field in Arlington",2024,36457,224
"Rogers Centre",2024,34416,162
"Chase Field",2024,26991,157
"Truist Park",2024,39203,173
"Wrigley Field",2024,39008,165
"Dodger Stadium",2024,52656,174
"Marlins Park",2024,19946,179
"Citizens Bank Park",2024,44713,173
"Oracle Park",2024,34766,146
"Busch Stadium III",2024,39316,171
"Oriole Park at Camden Yards",2024,30494,147
"Progressive Field",2024,25136,136
"Minute Maid Park",2024,34045,170
"Kauffman Stadium",2024,20035,143
"Yankee Stadium II",2024,41041,153
"Globe Life Field in Arlington",2024,36009,143
"Rogers Centre",2024,35840,147
"Truist Park",2024,35113,163
"Truist Park",2024,34753,138
"Dodger Stadium",2024,37634,159
"Marlins Park",2024,8255,169
"Busch Stadium III",2024,35598,169
"Nationals Park",2024,16979,142
"Progressive Field",2024,20046,136
"Minute Maid Park",2024,29821,156
"Kauffman Stadium",2024,12986,160
"Yankee Stadium II",2024,37590,154
"Tropicana Field",2024,13489,128
"Rogers Centre",2024,36993,155
"Wrigley Field",2024,36121,194
"Great American Ballpark",2024,18996,138
"Dodger Stadium",2024,46180,150
"Marlins Park",2024,6799,164
"Citizens Bank Park",2024,41083,156
"PNC Park",2024,12652,183
"Busch Stadium III",2024,32582,128
"Nationals Park",2024,23597,140
"Progressive Field",2024,20977,155
"Minute Maid Park",2024,30891,178
"Kauffman Stadium",2024,14031,139
"Yankee Stadium II",2024,37257,178
"Oakland-Alameda County Coliseum",2024,4005,137
"Tropicana Field",2024,12274,139
"Rogers Centre",2024,28176,141
"Wrigley Field",2024,37584,128
"Great American Ballpark",2024,14255,131
"Dodger Stadium",2024,46593,160
"Marlins Park",2024,7792,114
"Citizens Bank Park",2024,39595,169
"PNC Park",2024,13830,203
"Busch Stadium III",2024,33324,152
"Nationals Park",2024,21837,154
"Progressive Field",2024,22322,165
"Minute Maid Park",2024,30599,138
"Kauffman Stadium",2024,15004,156
"Yankee Stadium II",2024,40224,163
"Oakland-Alameda County Coliseum",2024,3617,189
"Tropicana Field",2024,13095,160
"Rogers Centre",2024,28670,163
"Wrigley Field",2024,35646,154
"Great American Ballpark",2024,16479,195
"Citizens Bank Park",2024,42377,148
"PNC Park",2024,23162,165
"Guaranteed Rate Field;U.S. Cellular Field",2024,15843,189
"Comerica Park",2024,17049,150
"Yankee Stadium II",2024,43121,163
"Oakland-Alameda County Coliseum",2024,6886,192
"Chase Field",2024,22642,118
"Great American Ballpark",2024,40074,176
"Coors Field",2024,35007,167
"Citi Field",2024,26658,165
"PNC Park",2024,35822,158
"Petco Park",2024,43505,151
"Nationals Park",2024,23789,127
"Angel Stadium of Anaheim",2024,37618,160
"Fenway Park",2024,30992,157
"Guaranteed Rate Field;U.S. Cellular Field",2024,18831,177
"Comerica Park",2024,27160,157
"Target Field",2024,21857,155
"Oakland-Alameda County Coliseum",2024,9676,151
"Tropicana Field",2024,16368,145
"Chase Field",2024,31966,141
"Great American Ballpark",2024,41880,149
"Coors Field",2024,37535,179
"Citi Field",2024,32971,183
"PNC Park",2024,31459,134
"Petco Park",2024,44845,155
"Busch Stadium III",2024,45071,173
"Nationals Park",2024,30791,141
"Angel Stadium of Anaheim",2024,35861,142
"Fenway Park",2024,34822,161
"Guaranteed Rate Field;U.S. Cellular Field",2024,22283,171
"Comerica Park",2024,35321,124
"Target Field",2024,30957,156
"Oakland-Alameda County Coliseum",2024,10617,144
"Tropicana Field",2024,20309,197
"Chase Field",2024,25723,157
"Great American Ballpark",2024,35619,147
"Coors Field",2024,47442,142
"Citi Field",2024,41016,137
"PNC Park",2024,27416,154
"Petco Park",2024,45731,176
"Busch Stadium III",2024,40892,156
"Nationals Park",2024,25935,155
"Angel Stadium of Anaheim",2024,38741,153
"Fenway Park",2024,34078,133
"Guaranteed Rate Field;U.S. Cellular Field",2024,14992,151
"Comerica Park",2024,27627,199
"Target Field",2024,27917,175
"Oakland-Alameda County Coliseum",2024,10927,140
"Tropicana Field",2024,20789,150
"Truist Park",2024,38858,159
"Great American Ballpark",2024,24797,135
"Coors Field",2024,35122,162
"Miller Park",2024,41882,137
"Petco Park",2024,38745,154
"Oracle Park",2024,40598,164
"Oriole Park at Camden Yards",2024,40951,151
"Guaranteed Rate Field;U.S. Cellular Field",2024,14993,160
"Target Field",2024,17508,144
"Safeco Field",2024,23814,150
"Truist Park",2024,37598,124
"Great American Ballpark",2024,19471,157
"Coors Field",2024,21009,175
"Miller Park",2024,24076,189
"Citi Field",2024,0,162
"Citi Field",2024,36021,138
"Petco Park",2024,41032,121
"Oracle Park",2024,34655,152
"Angel Stadium of Anaheim",2024,34894,145
"Oriole Park at Camden Yards",2024,17970,164
"Guaranteed Rate Field;U.S. Cellular Field",2024,11852,168
"Target Field",2024,15174,157
"Safeco Field",2024,17701,136
"Tropicana Field",2024,13889,151
"Globe Life Field in Arlington",2024,37977,131
"Truist Park",2024,33654,172
"Great American Ballpark",2024,18713,178
"Coors Field",2024,21374,149
"Miller Park",2024,26695,152
"Citi Field",2024,23890,200
"Petco Park",2024,32227,168
"Oracle Park",2024,31763,158
"Angel Stadium of Anaheim",2024,34313,143
"Oriole Park at Camden Yards",2024,18857,146
"Guaranteed Rate Field;U.S. Cellular Field",2024,11599,151
"Comerica Park",2024,0,136
"Comerica Park",2024,23408,155
"Target Field",2024,18130,146
"Safeco Field",2024,25437,160
"Tropicana Field",2024,13167,175
"Globe Life Field in Arlington",2024,34023,162
"Truist Park",2024,37784,155
"Miller Park",2024,33219,153
"Citi Field",2024,20926,163
"Angel Stadium of Anaheim",2024,36312,161
"Fenway Park",2024,31077,155
"Target Field",2024,22542,150
"Safeco Field",2024,25527,143
"Tropicana Field",2024,15264,192
"Truist Park",2024,40204,127
"Wrigley Field",2024,36281,185
"Dodger Stadium",2024,47542,140
"Marlins Park",2024,11687,139
"Miller Park",2024,30931,182
"Citi Field",2024,33884,171
"Citizens Bank Park",2024,44742,134
"Oracle Park",2024,35018,144
"Oriole Park at Camden Yards",2024,27364,175
"Fenway Park",2024,31231,151
"Progressive Field",2024,35526,141
"Minute Maid Park",2024,36903,159
"Kauffman Stadium",2024,30006,181
"Safeco Field",2024,40001,152
"Rogers Centre",2024,33356,226
"Truist Park",2024,41181,173
"Wrigley Field",2024,36430,166
"Dodger Stadium",2024,50182,161
"Marlins Park",2024,21388,161
"Miller Park",2024,36017,165
"Citi Field",2024,30600,173
"Citizens Bank Park",2024,44668,148
"Oracle Park",2024,34487,142
"Oriole Park at Camden Yards",2024,36958,167
"Fenway Park",2024,33806,143
"Progressive Field",2024,36725,146
"Minute Maid Park",2024,33855,139
"Kauffman Stadium",2024,25266,156
"Safeco Field",2024,39932,167
"Rogers Centre",2024,36484,148
"Truist Park",2024,37853,148
"Wrigley Field",2024,38129,144
"Dodger Stadium",2024,48251,149
"Marlins Park",2024,13351,144
"Miller Park",2024,30442,149
"Citi Field",2024,31059,160
"Citizens Bank Park",2024,41190,184
"Oracle Park",2024,39485,175
"Oriole Park at Camden Yards",2024,32463,164
"Fenway Park",2024,34662,181
"Progressive Field",2024,25521,138
"Minute Maid Park",2024,34242,169
"Kauffman Stadium",2024,21825,159
"Safeco Field",2024,35990,159
"Rogers Centre",2024,34887,177
"Chase Field",2024,21551,132
"Coors Field",2024,25140,150
"Citizens Bank Park",2024,43553,130
"Nationals Park",2024,20575,198
"Angel Stadium of Anaheim",2024,32683,137
"Minute Maid Park",2024,33638,176
"Globe Life Field in Arlington",2024,28620,133
"Rogers Centre",2024,23842,150
"Chase Field",2024,23548,179
"Wrigley Field",2024,38397,148
"Coors Field",2024,25315,142
"Marlins Park",2024,9234,168
"Citizens Bank Park",2024,40632,178
"PNC Park",2024,24168,141
"Nationals Park",2024,21570,154
"Angel Stadium of Anaheim",2024,33947,149
"Fenway Park",2024,34628,136
"Progressive Field",2024,23260,142
"Minute Maid Park",2024,33468,181
"Yankee Stadium II",2024,37139,142
"Oakland-Alameda County Coliseum",2024,5624,168
"Globe Life Field in Arlington",2024,35095,148
"Rogers Centre",2024,28816,159
"Chase Field",2024,24178,210
"Wrigley Field",2024,40073,175
"Coors Field",2024,27022,192
"Marlins Park",2024,8778,140
"Citizens Bank Park",2024,38910,134
"PNC Park",2024,29716,165
"Nationals Park",2024,18775,126
"Angel Stadium of Anaheim",2024,31960,138
"Fenway Park",2024,33760,142
"Minute Maid Park",2024,32047,120
"Yankee Stadium II",2024,43202,156
"Oakland-Alameda County Coliseum",2024,9735,134
"Globe Life Field in Arlington",2024,29748,163
"Rogers Centre",2024,27929,152
"Great American Ballpark",2024,25601,153
"PNC Park",2024,22752,188
"Petco Park",2024,39963,171
"Busch Stadium III",2024,33332,179
"Nationals Park",2024,27690,127
"Guaranteed Rate Field;U.S. Cellular Field",2024,15568,159
"Progressive Field",2024,26344,179
"Yankee Stadium II",2024,41380,188
"Oakland-Alameda County Coliseum",2024,6571,155
"Rogers Centre",2024,39215,146
"Great American Ballpark",2024,37501,130
"Marlins Park",2024,10718,134
"PNC Park",2024,19552,137
"Petco Park",2024,40341,179
"Busch Stadium III",2024,35229,179
"Nationals Park",2024,39235,130
"Angel Stadium of Anaheim",2024,36534,139
"Guaranteed Rate Field;U.S. Cellular Field",2024,19684,152
"Comerica Park",2024,24512,142
"Kauffman Stadium",2024,25178,173
"Yankee Stadium II",2024,48048,201
"Oakland-Alameda County Coliseum",2024,16046,127
"Tropicana Field",2024,17882,155
"Globe Life Field in Arlington",2024,35868,157
"Great American Ballpark",2024,40274,152
"Marlins Park",2024,15669,161
"London Stadium",2024,53882,172
"PNC Park",2024,29700,152
"Petco Park",2024,42636,169
"Busch Stadium III",2024,34577,151
"Nationals Park",2024,33998,149
"Angel Stadium of Anaheim",2024,38217,168
"Guaranteed Rate Field;U.S. Cellular Field",2024,26248,171
"Comerica Park",2024,32333,183
"Kauffman Stadium",2024,18351,142
"Yankee Stadium II",2024,48374,197
"Oakland-Alameda County Coliseum",2024,9285,147
"Tropicana Field",2024,20485,168
"Globe Life Field in Arlington",2024,34843,153
"Great American Ballpark",2024,32737,169
"Marlins Park",2024,12850,147
"London Stadium",2024,55074,207
"PNC Park",2024,24463,204
"Petco Park",2024,41979,181
"Busch Stadium III",2024,40219,135
"Nationals Park",2024,34282,158
"Angel Stadium of Anaheim",2024,42703,193
"Guaranteed Rate Field;U.S. Cellular Field",2024,21055,202
"Comerica Park",2024,24077,146
"Kauffman Stadium",2024,20926,185
"Yankee Stadium II",2024,48023,164
"Oakland-Alameda County Coliseum",2024,11276,152
"Tropicana Field",2024,20386,174
"Globe Life Field in Arlington",2024,34912,136
"Miller Park",2024,24381,133
"Petco Park",2024,38822,172
"Oracle Park",2024,32820,166
"Kauffman Stadium",2024,24038,142
"Target Field",2024,19901,129
"Safeco Field",2024,23027,161
"Tropicana Field",2024,14686,148
"Chase Field",2024,20972,197
"Great American Ballpark",2024,34103,178
"Dodger Stadium",2024,51416,160
"Miller Park",2024,25253,157
"Citi Field",2024,22070,170
"Petco Park",2024,41945,160
"Oracle Park",2024,32853,136
"Busch Stadium III",2024,34278,148
"Oriole Park at Camden Yards",2024,24048,147
"Fenway Park",2024,35004,145
"Comerica Park",2024,18368,171
"Kauffman Stadium",2024,22437,158
"Target Field",2024,21998,155
"Safeco Field",2024,20005,152
"Tropicana Field",2024,15192,158
"Chase Field",2024,19691,162
"Great American Ballpark",2024,42427,155
"Dodger Stadium",2024,48930,171
"Miller Park",2024,30444,157
"Citi Field",2024,19803,165
"Petco Park",2024,35688,163
"Oracle Park",2024,34506,127
"Busch Stadium III",2024,36608,132
"Oriole Park at Camden Yards",2024,24122,139
"Fenway Park",2024,33236,184
"Comerica Park",2024,20645,170
"Kauffman Stadium",2024,25132,166
"Target Field",2024,18875,188
"Safeco Field",2024,23312,153
"Tropicana Field",2024,16927,161
"Chase Field",2024,18185,156
"Dodger Stadium",2024,50134,151
"Citi Field",2024,22485,145
"Busch Stadium III",2024,33398,151
"Oriole Park at Camden Yards",2024,33700,163
"Fenway Park",2024,34007,163
"Comerica Park",2024,21925,154
"Kauffman Stadium",2024,21875,153
"Target Field",2024,23229,143
"Safeco Field",2024,25567,148
"Tropicana Field",2024,19679,137
"Chase Field",2024,23700,139
"Truist Park",2024,41046,156
"Wrigley Field",2024,40160,148
"Coors Field",2024,31717,154
"Dodger Stadium",2024,49580,121
"Miller Park",2024,32810,167
"Citi Field",2024,22850,152
"Oracle Park",2024,32842,176
"Nationals Park",2024,23303,142
"Oriole Park at Camden Yards",2024,43987,179
"Fenway Park",2024,35024,182
"Minute Maid Park",2024,36902,125
"Target Field",2024,35631,172
"Safeco Field",2024,41814,145
"Rogers Centre",2024,36790,142
"Chase Field",2024,38494,177
"Truist Park",2024,40480,158
"Wrigley Field",2024,40088,150
"Coors Field",2024,40033,163
"Dodger Stadium",2024,50423,152
"Miller Park",2024,38419,131
"Citi Field",2024,37031,154
"Oracle Park",2024,36235,157
"Nationals Park",2024,25637,128
"Oriole Park at Camden Yards",2024,44555,143
"Fenway Park",2024,36673,188
"Minute Maid Park",2024,37675,181
"Safeco Field",2024,43448,166
"Rogers Centre",2024,39318,143
"Chase Field",2024,37694,169
"Truist Park",2024,40211,152
"Wrigley Field",2024,39118,168
"Coors Field",2024,40422,165
"Dodger Stadium",2024,52789,125
"Miller Park",2024,41676,160
"Citi Field",2024,31454,191
"Oracle Park",2024,41008,168
"Nationals Park",2024,27003,143
"Oriole Park at Camden Yards",2024,44525,170
"Fenway Park",2024,36718,186
"Minute Maid Park",2024,39199,130
"Target Field",2024,33835,163
"Target Field",2024,20787,161
"Safeco Field",2024,45584,138
"Rogers Centre",2024,40043,168
"Truist Park",2024,38273,140
"Wrigley Field",2024,36048,186
"Coors Field",2024,32021,164
"Marlins Park",2024,9468,208
"Citizens Bank Park",2024,43134,151
"PNC Park",2024,19951,144
"Angel Stadium of Anaheim",2024,26575,147
"Globe Life Field in Arlington",2024,32590,173
"Rogers Centre",2024,29907,163
"Truist Park",2024,37561,139
"Wrigley Field",2024,36297,130
"Coors Field",2024,33791,175
"Marlins Park",2024,8850,175
"Citizens Bank Park",2024,43021,171
"PNC Park",2024,16880,126
"Nationals Park",2024,28230,139
"Angel Stadium of Anaheim",2024,27967,167
"Guaranteed Rate Field;U.S. Cellular Field",2024,16763,122
"Progressive Field",2024,25453,195
"Target Field",2024,17342,165
"Yankee Stadium II",2024,47429,173
"Oakland-Alameda County Coliseum",2024,7013,151
"Globe Life Field in Arlington",2024,36274,164
"Rogers Centre",2024,38595,176
"Truist Park",2024,36055,147
"Wrigley Field",2024,37673,165
"Coors Field",2024,37503,150
"Marlins Park",2024,11830,155
"Citizens Bank Park",2024,44445,157
"PNC Park",2024,21527,128
"Nationals Park",2024,20853,135
"Angel Stadium of Anaheim",2024,28483,142
"Guaranteed Rate Field;U.S. Cellular Field",2024,14124,140
"Progressive Field",2024,26107,139
"Target Field",2024,20712,192
"Yankee Stadium II",2024,47155,220
"Oakland-Alameda County Coliseum",2024,4557,155
"Globe Life Field in Arlington",2024,36095,147
"Rogers Centre",2024,38906,174
"Coors Field",2024,40236,154
"Petco Park",2024,42644,181
"Rickwood Field ",2024,8332,173
"Nationals Park",2024,21158,137
"Guaranteed Rate Field;U.S. Cellular Field",2024,14435,170
"Progressive Field",2024,24470,146
"Target Field",2024,24863,196
"Yankee Stadium II",2024,45456,180
"Oakland-Alameda County Coliseum",2024,8753,143
"Wrigley Field",2024,37037,183
"Great American Ballpark",2024,37146,150
"Coors Field",2024,31935,179
"Dodger Stadium",2024,51841,160
"Marlins Park",2024,11794,149
"Citizens Bank Park",2024,44436,177
"PNC Park",2024,26600,165
"Petco Park",2024,41282,191
"Progressive Field",2024,35868,153
"Comerica Park",2024,24938,126
"Minute Maid Park",2024,38596,206
"Yankee Stadium II",2024,45226,177
"Oakland-Alameda County Coliseum",2024,9158,140
"Globe Life Field in Arlington",2024,37678,158
"Wrigley Field",2024,39319,150
"Great American Ballpark",2024,31803,173
"Coors Field",2024,34509,169
"Dodger Stadium",2024,53273,130
"Marlins Park",2024,13217,144
"Citizens Bank Park",2024,44288,143
"PNC Park",2024,33040,127
"Petco Park",2024,39658,160
"Busch Stadium III",2024,41815,148
"Progressive Field",2024,37133,142
"Comerica Park",2024,29269,163
"Minute Maid Park",2024,37107,128
"Yankee Stadium II",2024,45056,156
"Oakland-Alameda County Coliseum",2024,9299,150
"Globe Life Field in Arlington",2024,38301,137
"Wrigley Field",2024,39417,190
"Great American Ballpark",2024,29199,173
"Coors Field",2024,30407,136
"Marlins Park",2024,13540,153
"Citizens Bank Park",2024,44079,156
"PNC Park",2024,29026,142
"Petco Park",2024,42048,152
"Busch Stadium III",2024,37492,135
"Progressive Field",2024,27479,181
"Comerica Park",2024,22975,165
"Minute Maid Park",2024,37014,147
"Yankee Stadium II",2024,46683,134
"Oakland-Alameda County Coliseum",2024,18491,131
"Globe Life Field in Arlington",2024,35762,125
"Great American Ballpark",2024,20077,169
"Miller Park",2024,27924,178
"Petco Park",2024,39164,179
"Oracle Park",2024,30701,162
"Busch Stadium III",2024,36005,144
"Angel Stadium of Anaheim",2024,24586,143
"Oriole Park at Camden Yards",2024,20309,159
"Fenway Park",2024,35856,157
"Guaranteed Rate Field;U.S. Cellular Field",2024,25070,148
"Comerica Park",2024,20108,175
"Kauffman Stadium",2024,16817,132
"Tropicana Field",2024,14482,180
"Chase Field",2024,21485,129
"Great American Ballpark",2024,25562,165
"Miller Park",2024,30892,135
"Citi Field",2024,42824,185
"Petco Park",2024,40825,166
"Oracle Park",2024,30368,146
"Angel Stadium of Anaheim",2024,26473,167
"Oriole Park at Camden Yards",2024,18574,167
"Fenway Park",2024,34546,165
"Guaranteed Rate Field;U.S. Cellular Field",2024,23662,169
"Comerica Park",2024,24345,124
"Minute Maid Park",2024,35976,148
"Kauffman Stadium",2024,16119,143
"Tropicana Field",2024,14034,162
"Chase Field",2024,16396,157
"Great American Ballpark",2024,22450,138
"Miller Park",2024,36552,163
"Citi Field",2024,43004,185
"Petco Park",2024,37397,148
"Oracle Park",2024,30893,145
"Busch Stadium III",2024,33997,169
"Busch Stadium III",2024,33921,135
"Angel Stadium of Anaheim",2024,31240,157
"Oriole Park at Camden Yards",2024,17965,139
"Fenway Park",2024,34756,156
"Guaranteed Rate Field;U.S. Cellular Field",2024,36225,122
"Comerica Park",2024,22530,150
"Minute Maid Park",2024,33603,151
"Kauffman Stadium",2024,14132,140
"Tropicana Field",2024,18286,170
"Chase Field",2024,22671,176
"Citizens Bank Park",2024,43507,170
"Oracle Park",2024,31535,171
"Busch Stadium III",2024,32787,165
"Angel Stadium of Anaheim",2024,27340,125
"Oriole Park at Camden Yards",2024,29479,148
"Guaranteed Rate Field;U.S. Cellular Field",2024,12656,134
"Kauffman Stadium",2024,23340,131
"Rogers Centre",2024,36423,152
"Chase Field",2024,25846,177
"Truist Park",2024,42155,159
"Miller Park",2024,39298,144
"Citi Field",2024,32465,186
"Citizens Bank Park",2024,44252,135
"Oracle Park",2024,40052,135
"Busch Stadium III",2024,40220,156
"Angel Stadium of Anaheim",2024,34381,136
"Oriole Park at Camden Yards",2024,27666,149
"Fenway Park",2024,33540,169
"Guaranteed Rate Field;U.S. Cellular Field",2024,24422,138
"Kauffman Stadium",2024,20691,162
"Safeco Field",2024,44924,158
"Tropicana Field",2024,14959,153
"Rogers Centre",2024,34791,188
"Chase Field",2024,39843,133
"Truist Park",2024,40864,178
"Miller Park",2024,42238,153
"Citi Field",2024,32348,203
"Citizens Bank Park",2024,44117,159
"Oracle Park",2024,39663,225
"Busch Stadium III",2024,39164,183
"Angel Stadium of Anaheim",2024,39559,170
"Oriole Park at Camden Yards",2024,44286,173
"Fenway Park",2024,33003,155
"Guaranteed Rate Field;U.S. Cellular Field",2024,21490,156
"Kauffman Stadium",2024,24153,157
"Safeco Field",2024,35551,168
"Tropicana Field",2024,17501,154
"Rogers Centre",2024,37448,171
"Chase Field",2024,26413,141
"Truist Park",2024,36679,151
"Miller Park",2024,42658,141
"Citi Field",2024,26853,181
"Citizens Bank Park",2024,43222,179
"Oracle Park",2024,40428,147
"Busch Stadium III",2024,40951,137
"Angel Stadium of Anaheim",2024,35061,162
"Oriole Park at Camden Yards",2024,23439,167
"Fenway Park",2024,30665,148
"Guaranteed Rate Field;U.S. Cellular Field",2024,19334,205
"Kauffman Stadium",2024,27691,154
"Safeco Field",2024,33367,168
"Tropicana Field",2024,18259,140
"Rogers Centre",2024,38534,174
"Coors Field",2024,26204,168
"Nationals Park",2024,26719,199
"Rogers Centre",2024,39265,136
"Truist Park",2024,34047,165
"Wrigley Field",2024,38670,147
"Coors Field",2024,25669,202
"Dodger Stadium",2024,52931,164
"Marlins Park",2024,14676,150
"PNC Park",2024,17701,154
"Nationals Park",2024,19844,166
"Progressive Field",2024,25654,145
"Kauffman Stadium",2024,16865,147
"Target Field",2024,19609,141
"Yankee Stadium II",2024,41219,163
"Oakland-Alameda County Coliseum",2024,5447,160
"Safeco Field",2024,36173,159
"Globe Life Field in Arlington",2024,33965,140
"Rogers Centre",2024,26308,144
"Truist Park",2024,38834,147
"Wrigley Field",2024,36692,163
"Coors Field",2024,34177,153
"Dodger Stadium",2024,47965,203
"Marlins Park",2024,20285,170
"PNC Park",2024,20237,168
"Nationals Park",2024,32391,160
"Progressive Field",2024,37151,155
"Kauffman Stadium",2024,23268,163
"Target Field",2024,25053,142
"Yankee Stadium II",2024,47646,157
"Oakland-Alameda County Coliseum",2024,14837,134
"Safeco Field",2024,37998,146
"Globe Life Field in Arlington",2024,37859,187
"Rogers Centre",2024,28570,168
"Truist Park",2024,40672,144
"Wrigley Field",2024,40143,143
"Coors Field",2024,48705,155
"Dodger Stadium",2024,52320,168
"Marlins Park",2024,20539,216
"PNC Park",2024,20990,172
"Nationals Park",2024,34394,118
"Progressive Field",2024,29404,165
"Kauffman Stadium",2024,28358,205
"Target Field",2024,20893,137
"Yankee Stadium II",2024,43154,176
"Oakland-Alameda County Coliseum",2024,11956,158
"Safeco Field",2024,32347,161
"Globe Life Field in Arlington",2024,38607,148
"Rogers Centre",2024,38234,157
"Truist Park",2024,40942,181
"Wrigley Field",2024,36948,127
"Great American Ballpark",2024,40663,164
"Coors Field",2024,48321,147
"Dodger Stadium",2024,49885,150
"Marlins Park",2024,10136,177
"PNC Park",2024,37037,158
"Petco Park",2024,47171,178
"Nationals Park",2024,24072,206
"Progressive Field",2024,36769,177
"Target Field",2024,28129,201
"Yankee Stadium II",2024,47158,169
"Oakland-Alameda County Coliseum",2024,9654,148
"Safeco Field",2024,34493,147
"Globe Life Field in Arlington",2024,32175,160
"Truist Park",2024,41006,136
"Wrigley Field",2024,36420,149
"Great American Ballpark",2024,31464,165
"Coors Field",2024,33748,135
"Dodger Stadium",2024,50086,162
"Marlins Park",2024,13409,155
"PNC Park",2024,36009,163
"Petco Park",2024,44761,213
"Nationals Park",2024,21838,190
"Progressive Field",2024,36081,155
"Target Field",2024,31431,157
"Yankee Stadium II",2024,45504,177
"Oakland-Alameda County Coliseum",2024,8526,179
"Safeco Field",2024,38264,173
"Globe Life Field in Arlington",2024,31560,140
"Truist Park",2024,36808,146
"Wrigley Field",2024,34355,138
"Great American Ballpark",2024,25451,139
"Coors Field",2024,32180,138
"Dodger Stadium",2024,43528,173
"Marlins Park",2024,12268,172
"PNC Park",2024,23147,181
"Petco Park",2024,41112,161
"Nationals Park",2024,19782,179
"Progressive Field",2024,32012,156
"Target Field",2024,28056,153
"Yankee Stadium II",2024,45250,143
"Oakland-Alameda County Coliseum",2024,14524,155
"Safeco Field",2024,34885,202
"Globe Life Field in Arlington",2024,32113,147
"Chase Field",2024,20594,165
"Great American Ballpark",2024,15873,140
"PNC Park",2024,16158,142
"Nationals Park",2024,16454,144
"Angel Stadium of Anaheim",2024,25193,158
"Guaranteed Rate Field;U.S. Cellular Field",2024,10881,198
"Comerica Park",2024,17677,131
"Chase Field",2024,21652,166
"Great American Ballpark",2024,17542,180
"Miller Park",2024,26422,156
"Citi Field",2024,31243,161
"Citizens Bank Park",2024,43065,169
"Petco Park",2024,43123,155
"Oracle Park",2024,32924,147
"Angel Stadium of Anaheim",2024,23791,151
"Oriole Park at Camden Yards",2024,30373,159
"Fenway Park",2024,31826,185
"Comerica Park",2024,17111,188
"Minute Maid Park",2024,34776,138
"Tropicana Field",2024,20436,154
"Chase Field",2024,18020,141
"Great American Ballpark",2024,16836,147
"Miller Park",2024,27294,154
"Citi Field",2024,24887,144
"Citizens Bank Park",2024,42912,150
"Petco Park",2024,39611,158
"Oracle Park",2024,32014,161
"Busch Stadium III",2024,32108,147
"Busch Stadium III",2024,37898,153
"Angel Stadium of Anaheim",2024,23230,150
"Oriole Park at Camden Yards",2024,20694,165
"Fenway Park",2024,32935,166
"Guaranteed Rate Field;U.S. Cellular Field",2024,0,125
"Guaranteed Rate Field;U.S. Cellular Field",2024,13607,143
"Comerica Park",2024,16862,159
"Minute Maid Park",2024,32715,143
"Tropicana Field",2024,19246,169
"Chase Field",2024,27101,149
"Great American Ballpark",2024,20766,158
"Miller Park",2024,36743,140
"Citi Field",2024,25710,169
"Citizens Bank Park",2024,44020,163
"Oracle Park",2024,30064,152
"Angel Stadium of Anaheim",2024,26747,150
"Oriole Park at Camden Yards",2024,22685,133
"Fenway Park",2024,33512,140
"Comerica Park",2024,22399,139
"Minute Maid Park",2024,38818,154
"Tropicana Field",2024,23438,177
"Chase Field",2024,24441,159
"Great American Ballpark",2024,31326,144
"Miller Park",2024,31967,161
"Citi Field",2024,28852,169
"Citizens Bank Park",2024,42570,157
"Petco Park",2024,44390,132
"Oracle Park",2024,34106,144
"Busch Stadium III",2024,40667,176
"Angel Stadium of Anaheim",2024,31243,168
"Oriole Park at Camden Yards",2024,39566,182
"Fenway Park",2024,34894,136
"Guaranteed Rate Field;U.S. Cellular Field",2024,19548,131
"Comerica Park",2024,42060,178
"Minute Maid Park",2024,39666,142
"Tropicana Field",2024,17290,149
"Chase Field",2024,40121,165
"Great American Ballpark",2024,26219,166
"Miller Park",2024,34169,180
"Citi Field",2024,31029,173
"Citizens Bank Park",2024,44231,175
"Petco Park",2024,43097,152
"Oracle Park",2024,32582,172
"Busch Stadium III",2024,39129,147
"Busch Stadium III",2024,43827,161
"Angel Stadium of Anaheim",2024,43273,134
"Oriole Park at Camden Yards",2024,44018,155
"Fenway Park",2024,32378,132
"Guaranteed Rate Field;U.S. Cellular Field",2024,20437,159
"Comerica Park",2024,40196,191
"Minute Maid Park",2024,42094,171
"Tropicana Field",2024,19946,152
"Chase Field",2024,24732,171
"Great American Ballpark",2024,28514,164
"Miller Park",2024,35040,154
"Citi Field",2024,24970,176
"Citizens Bank Park",2024,43025,155
"Petco Park",2024,42132,155
"Oracle Park",2024,34115,137
"Busch Stadium III",2024,39314,140
"Angel Stadium of Anaheim",2024,26015,157
"Oriole Park at Camden Yards",2024,39031,201
"Fenway Park",2024,35351,160
"Guaranteed Rate Field;U.S. Cellular Field",2024,16501,167
"Comerica Park",2024,35159,172
"Minute Maid Park",2024,38622,144
"Tropicana Field",2024,21875,132
"Wrigley Field",2024,40691,174
"Coors Field",2024,40115,165
"Dodger Stadium",2024,51562,156
"Marlins Park",2024,16542,163
"PNC Park",2024,39530,183
"Nationals Park",2024,38402,175
"Progressive Field",2024,37242,181
"Kauffman Stadium",2024,26693,145
"Yankee Stadium II",2024,47036,159
"Oakland-Alameda County Coliseum",2024,11596,159
"Safeco Field",2024,40948,137
"Globe Life Field in Arlington",2024,36336,149
"Rogers Centre",2024,39697,157
"Truist Park",2024,37042,170
"Truist Park",2024,42168,148
"Wrigley Field",2024,39595,166
"Coors Field",2024,44178,134
"Dodger Stadium",2024,48129,210
"Marlins Park",2024,21902,155
"PNC Park",2024,39114,135
"Nationals Park",2024,32734,169
"Progressive Field",2024,37485,155
"Kauffman Stadium",2024,27545,130
"Target Field",2024,41679,224
"Yankee Stadium II",2024,43173,160
"Oakland-Alameda County Coliseum",2024,14574,149
"Safeco Field",2024,38017,164
"Globe Life Field in Arlington",2024,38410,193
"Rogers Centre",2024,38583,156
"Truist Park",2024,36348,140
"Wrigley Field",2024,39162,150
"Coors Field",2024,30507,140
"Dodger Stadium",2024,50824,162
"Marlins Park",2024,19418,182
"PNC Park",2024,38291,161
"Nationals Park",2024,23967,142
"Progressive Field",2024,30491,153
"Kauffman Stadium",2024,22226,128
"Target Field",2024,36327,182
"Yankee Stadium II",2024,45178,181
"Oakland-Alameda County Coliseum",2024,10380,188
"Safeco Field",2024,35038,155
"Globe Life Field in Arlington",2024,31808,146
"Rogers Centre",2024,38766,146
"Truist Park",2024,38779,147
"Wrigley Field",2024,35741,150
"Coors Field",2024,35261,205
"Dodger Stadium",2024,49576,146
"Marlins Park",2024,13068,165
"PNC Park",2024,18970,149
"Progressive Field",2024,22451,158
"Kauffman Stadium",2024,16275,160
"Target Field",2024,29904,156
"Yankee Stadium II",2024,40824,161
"Oakland-Alameda County Coliseum",2024,4517,127
"Safeco Field",2024,22528,158
"Globe Life Field in Arlington",2024,30832,163
"Wrigley Field",2024,37651,157
"Coors Field",2024,36553,158
"Dodger Stadium",2024,52627,175
"Marlins Park",2024,10410,164
"PNC Park",2024,32422,143
"Nationals Park",2024,20749,135
"Progressive Field",2024,23277,154
"Kauffman Stadium",2024,21993,158
"Target Field",2024,31272,170
"Yankee Stadium II",2024,47453,193
"Oakland-Alameda County Coliseum",2024,5896,144
"Safeco Field",2024,26496,133
"Globe Life Field in Arlington",2024,39240,132
"Rogers Centre",2024,38575,169
"Truist Park",2024,34407,169
"Wrigley Field",2024,37679,154
"Coors Field",2024,36579,171
"Dodger Stadium",2024,54070,171
"Marlins Park",2024,12127,157
"PNC Park",2024,20091,150
"Nationals Park",2024,23323,167
"Progressive Field",2024,24633,135
"Kauffman Stadium",2024,15931,167
"Target Field",2024,33813,179
"Yankee Stadium II",2024,48760,198
"Oakland-Alameda County Coliseum",2024,14978,150
"Safeco Field",2024,39953,170
"Globe Life Field in Arlington",2024,36989,154
"Rogers Centre",2024,32276,139
"Dodger Stadium",2024,52291,158
"Marlins Park",2024,17989,175
"Citi Field",2024,34807,159
"Nationals Park",2024,20755,126
"Angel Stadium of Anaheim",2024,25752,156
"Progressive Field",2024,32867,148
"Globe Life Field in Arlington",2024,32913,142
"Rogers Centre",2024,41148,172
"Chase Field",2024,31255,156
"Miller Park",2024,30128,161
"Citi Field",2024,34673,164
"Citizens Bank Park",2024,44448,152
"Oracle Park",2024,32861,153
"Busch Stadium III",2024,41382,185
"Angel Stadium of Anaheim",2024,28722,149
"Oriole Park at Camden Yards",2024,43692,172
"Fenway Park",2024,36661,188
"Guaranteed Rate Field;U.S. Cellular Field",2024,20170,147
"Comerica Park",2024,27778,164
"Minute Maid Park",2024,41452,158
"Kauffman Stadium",2024,36351,135
"Tropicana Field",2024,20441,163
"Rogers Centre",2024,35065,192
"Chase Field",2024,35905,157
"Miller Park",2024,36171,170
"Citi Field",2024,35149,133
"Citizens Bank Park",2024,44356,140
"Oracle Park",2024,0,145
"Oracle Park",2024,34543,131
"Busch Stadium III",2024,39372,191
"Angel Stadium of Anaheim",2024,33755,143
"Oriole Park at Camden Yards",2024,30008,166
"Fenway Park",2024,36711,218
"Guaranteed Rate Field;U.S. Cellular Field",2024,21037,178
"Comerica Park",2024,35138,143
"Minute Maid Park",2024,41819,170
"Kauffman Stadium",2024,31784,159
"Tropicana Field",2024,23464,142
"Rogers Centre",2024,35917,145
"Chase Field",2024,27162,177
"Miller Park",2024,32946,166
"Citi Field",2024,26916,158
"Citizens Bank Park",2024,43845,153
"Oracle Park",2024,37178,165
"Busch Stadium III",2024,37693,137
"Angel Stadium of Anaheim",2024,27016,168
"Oriole Park at Camden Yards",2024,38411,199
"Fenway Park",2024,36410,179
"Guaranteed Rate Field;U.S. Cellular Field",2024,17100,152
"Comerica Park",2024,24624,162
"Minute Maid Park",2024,41418,166
"Kauffman Stadium",2024,24839,161
"Tropicana Field",2024,19873,149
"Rogers Centre",2024,40052,153
"Chase Field",2024,18790,180
"Great American Ballpark",2024,21837,145
"Miller Park",2024,28698,134
"Citi Field",2024,28507,179
"Citizens Bank Park",2024,44289,172
"Busch Stadium III",2024,34281,172
"Oriole Park at Camden Yards",2024,0,178
"Oriole Park at Camden Yards",2024,22272,179
"Fenway Park",2024,35007,167
"Guaranteed Rate Field;U.S. Cellular Field",2024,12179,169
"Comerica Park",2024,18387,161
"Minute Maid Park",2024,40522,171
"Chase Field",2024,19758,155
"Great American Ballpark",2024,25678,165
"Miller Park",2024,28810,148
"Citi Field",2024,27767,132
"Citizens Bank Park",2024,44502,231
"Petco Park",2024,47559,168
"Oracle Park",2024,37885,160
"Busch Stadium III",2024,32395,142
"Angel Stadium of Anaheim",2024,25241,158
"Oriole Park at Camden Yards",2024,21710,167
"Fenway Park",2024,36592,169
"Guaranteed Rate Field;U.S. Cellular Field",2024,15360,138
"Comerica Park",2024,23239,140
"Minute Maid Park",2024,37518,167
"Tropicana Field",2024,17931,174
"Chase Field",2024,18294,173
"Great American Ballpark",2024,20733,159
"Miller Park",2024,37111,170
"Citi Field",2024,28875,169
"Citizens Bank Park",2024,44543,165
"Petco Park",2024,46997,155
"Oracle Park",2024,38668,115
"Busch Stadium III",2024,31365,148
"Angel Stadium of Anaheim",2024,23658,146
"Oriole Park at Camden Yards",2024,25528,171
"Fenway Park",2024,34643,191
"Guaranteed Rate Field;U.S. Cellular Field",2024,14112,141
"Minute Maid Park",2024,30038,140
"Tropicana Field",2024,14484,155
"Truist Park",2024,34401,139
"Wrigley Field",2024,37969,155
"Angel Stadium of Anaheim",2024,27335,158
"Progressive Field",2024,26194,160
"Comerica Park",2024,15743,129
"Truist Park",2024,37726,134
"Wrigley Field",2024,37613,162
"Great American Ballpark",2024,28075,136
"PNC Park",2024,22834,191
"Petco Park",2024,44393,155
"Nationals Park",2024,22132,181
"Angel Stadium of Anaheim",2024,37012,161
"Progressive Field",2024,35137,167
"Comerica Park",2024,21035,154
"Minute Maid Park",2024,33430,153
"Target Field",2024,30801,149
"Yankee Stadium II",2024,44883,184
"Oakland-Alameda County Coliseum",2024,21060,147
"Safeco Field",2024,40739,151
"Globe Life Field in Arlington",2024,35669,166
"Truist Park",2024,40749,164
"Wrigley Field",2024,40073,141
"Great American Ballpark",2024,32602,134
"PNC Park",2024,35515,159
"Petco Park",2024,44029,119
"Nationals Park",2024,30577,130
"Angel Stadium of Anaheim",2024,36377,170
"Progressive Field",2024,37251,176
"Comerica Park",2024,35210,176
"Minute Maid Park",2024,37328,150
"Target Field",2024,38289,140
"Yankee Stadium II",2024,40218,171
"Oakland-Alameda County Coliseum",2024,35207,167
"Safeco Field",2024,36629,197
"Globe Life Field in Arlington",2024,39414,188
"Truist Park",2024,33146,159
"Wrigley Field",2024,34593,150
"Great American Ballpark",2024,27692,175
"PNC Park",2024,32624,183
"Petco Park",2024,41828,164
"Nationals Park",2024,18748,139
"Angel Stadium of Anaheim",2024,37811,166
"Progressive Field",2024,33628,194
"Comerica Park",2024,25990,150
"Minute Maid Park",2024,35205,149
"Target Field",2024,28302,202
"Yankee Stadium II",2024,44237,216
"Oakland-Alameda County Coliseum",2024,25544,147
"Safeco Field",2024,39588,155
"Globe Life Field in Arlington",2024,34532,166
"Wrigley Field",2024,35382,136
"Dodger Stadium",2024,48178,145
"Marlins Park",2024,9460,167
"Busch Stadium III",2024,34881,142
"Nationals Park",2024,14674,142
"Progressive Field",2024,19570,187
"Kauffman Stadium",2024,20087,166
"Oakland-Alameda County Coliseum",2024,4971,135
"Globe Life Field in Arlington",2024,31605,181
"Truist Park",2024,38701,165
"Wrigley Field",2024,36653,138
"Coors Field",2024,30392,149
"Dodger Stadium",2024,47150,172
"Marlins Park",2024,7948,158
"PNC Park",2024,17814,157
"Busch Stadium III",2024,32922,144
"Nationals Park",2024,17044,182
"Kauffman Stadium",2024,21386,171
"Oakland-Alameda County Coliseum",2024,5867,138
"Safeco Field",2024,27119,150
"Globe Life Field in Arlington",2024,34458,145
"Rogers Centre",2024,35051,149
"Truist Park",2024,33281,183
"Wrigley Field",2024,35059,164
"Coors Field",2024,30673,166
"Dodger Stadium",2024,45003,169
"Marlins Park",2024,8657,164
"PNC Park",2024,21528,236
"Busch Stadium III",2024,31401,149
"Nationals Park",2024,13310,156
"Progressive Field",2024,0,155
"Progressive Field",2024,26739,147
"Kauffman Stadium",2024,16550,154
"Yankee Stadium II",2024,0,170
"Yankee Stadium II",2024,40744,164
"Oakland-Alameda County Coliseum",2024,6964,134
"Safeco Field",2024,26033,153
"Globe Life Field in Arlington",2024,33181,179
"Rogers Centre",2024,37547,165
"Chase Field",2024,25239,167
"Truist Park",2024,29935,202
"Coors Field",2024,26379,167
"Marlins Park",2024,8728,196
"PNC Park",2024,19952,181
"Busch Stadium III",2024,35217,168
"Nationals Park",2024,12423,206
"Yankee Stadium II",2024,40681,178
"Safeco Field",2024,27927,140
"Rogers Centre",2024,27910,155
"Chase Field",2024,37952,132
"Coors Field",2024,33028,157
"Dodger Stadium",2024,48664,162
"Marlins Park",2024,12721,155
"Miller Park",2024,37742,154
"Oracle Park",2024,33037,148
"Nationals Park",2024,22333,175
"Fenway Park",2024,32898,186
"Guaranteed Rate Field;U.S. Cellular Field",2024,38127,171
"Kauffman Stadium",2024,34066,176
"Target Field",2024,23217,146
"Target Field",2024,28605,154
"Safeco Field",2024,34889,151
"Tropicana Field",2024,20673,145
"Rogers Centre",2024,39894,140
"Chase Field",2024,46183,174
"Coors Field",2024,46169,181
"Dodger Stadium",2024,50697,149
"Marlins Park",2024,20223,219
"Miller Park",2024,38639,123
"Oracle Park",2024,40030,135
"Nationals Park",2024,22183,170
"Fenway Park",2024,35443,150
"Guaranteed Rate Field;U.S. Cellular Field",2024,38341,176
"Kauffman Stadium",2024,36799,165
"Target Field",2024,30314,118
"Yankee Stadium II",2024,0,177
"Yankee Stadium II",2024,41996,167
"Safeco Field",2024,31407,148
"Tropicana Field",2024,23898,200
"Rogers Centre",2024,34312,140
"Chase Field",2024,29071,164
"Coors Field",2024,40365,185
"Dodger Stadium",2024,50389,204
"Marlins Park",2024,15699,160
"Miller Park",2024,40049,154
"Oracle Park",2024,40447,172
"Nationals Park",2024,25456,189
"Fenway Park",2024,31762,167
"Target Field",2024,30084,181
"Yankee Stadium II",2024,45318,195
"Safeco Field",2024,35460,161
"Tropicana Field",2024,16848,147
"Rogers Centre",2024,38797,155
"Chase Field",2024,15525,144
"Great American Ballpark",2024,21682,138
"Miller Park",2024,33618,149
"Petco Park",2024,45393,145
"Oracle Park",2024,30184,155
"Angel Stadium of Anaheim",2024,29676,139
"Fenway Park",2024,35715,214
"Guaranteed Rate Field;U.S. Cellular Field",2024,22815,180
"Progressive Field",2024,25619,172
"Target Field",2024,22173,150
"Tropicana Field",2024,10540,149
"Chase Field",2024,19731,151
"Great American Ballpark",2024,19107,119
"Miller Park",2024,29174,154
"Citi Field",2024,31923,180
"Citizens Bank Park",2024,42846,142
"Petco Park",2024,42949,150
"Oracle Park",2024,30468,158
"Angel Stadium of Anaheim",2024,30982,154
"Oriole Park at Camden Yards",2024,28058,157
"Fenway Park",2024,34522,154
"Guaranteed Rate Field;U.S. Cellular Field",2024,21199,160
"Progressive Field",2024,29090,152
"Comerica Park",2024,20170,148
"Target Field",2024,25885,142
"Tropicana Field",2024,12275,152
"Chase Field",2024,16464,179
"Great American Ballpark",2024,15967,159
"Miller Park",2024,31084,179
"Citi Field",2024,28288,149
"Citizens Bank Park",2024,42577,170
"Petco Park",2024,39770,145
"Oracle Park",2024,27460,146
"Angel Stadium of Anaheim",2024,28356,142
"Oriole Park at Camden Yards",2024,26479,143
"Fenway Park",2024,35366,181
"Guaranteed Rate Field;U.S. Cellular Field",2024,22675,179
"Progressive Field",2024,30243,144
"Comerica Park",2024,18714,178
"Target Field",2024,27560,152
"Tropicana Field",2024,12493,168
"Miller Park",2024,40447,161
"Citi Field",2024,28461,225
"Citizens Bank Park",2024,43722,157
"Oracle Park",2024,29319,143
"Oriole Park at Camden Yards",2024,25445,147
"Comerica Park",2024,20429,144
"Globe Life Field in Arlington",2024,29558,167
"Wrigley Field",2024,39614,173
"Great American Ballpark",2024,32500,146
"Coors Field",2024,33054,161
"Miller Park",2024,30346,156
"Citi Field",2024,32311,161
"Citizens Bank Park",2024,41067,181
"PNC Park",2024,27058,159
"Busch Stadium III",2024,38485,159
"Angel Stadium of Anaheim",2024,37736,170
"Oriole Park at Camden Yards",2024,34541,216
"Comerica Park",2024,36244,147
"Minute Maid Park",2024,37307,168
"Tropicana Field",2024,21613,157
"Globe Life Field in Arlington",2024,28705,159
"Wrigley Field",2024,38755,151
"Great American Ballpark",2024,35430,159
"Coors Field",2024,47483,155
"Miller Park",2024,37518,138
"Citi Field",2024,34744,146
"Citizens Bank Park",2024,43356,126
"PNC Park",2024,23326,168
"Busch Stadium III",2024,41929,147
"Angel Stadium of Anaheim",2024,37268,167
"Oriole Park at Camden Yards",2024,38921,163
"Comerica Park",2024,38110,159
"Minute Maid Park",2024,37008,147
"Oakland-Alameda County Coliseum",2024,37551,157
"Tropicana Field",2024,17708,157
"Globe Life Field in Arlington",2024,31192,147
"Wrigley Field",2024,36117,152
"Great American Ballpark",2024,30388,161
"Coors Field",2024,26027,175
"Miller Park",2024,34483,127
"Citi Field",2024,30596,186
"Citizens Bank Park",2024,40677,179
"PNC Park",2024,24903,166
"Busch Stadium III",2024,40246,147
"Angel Stadium of Anaheim",2024,36102,142
"Oriole Park at Camden Yards",2024,27104,161
"BB&T Ballpark at Bowman Field",2024,2532,162
"Minute Maid Park",2024,37169,123
"Oakland-Alameda County Coliseum",2024,32727,162
"Tropicana Field",2024,18636,226
"Globe Life Field in Arlington",2024,30735,180
"Dodger Stadium",2024,51348,135
"Marlins Park",2024,7318,162
"Citi Field",2024,26874,142
"Petco Park",2024,40220,135
"Oracle Park",2024,29209,142
"Minute Maid Park",2024,33409,166
"Kauffman Stadium",2024,15091,133
"Oakland-Alameda County Coliseum",2024,3938,142
"Globe Life Field in Arlington",2024,28229,129
"Rogers Centre",2024,25603,153
"Truist Park",2024,34245,154
"Wrigley Field",2024,31119,145
"Dodger Stadium",2024,48395,191
"Marlins Park",2024,6794,142
"Citi Field",2024,34225,169
"Petco Park",2024,39143,146
"Oracle Park",2024,28766,140
"Busch Stadium III",2024,30022,149
"Nationals Park",2024,16433,141
"Minute Maid Park",2024,34436,167
"Kauffman Stadium",2024,16310,178
"Yankee Stadium II",2024,41426,245
"Oakland-Alameda County Coliseum",2024,4377,114
"Globe Life Field in Arlington",2024,25074,123
"Rogers Centre",2024,34662,139
"Truist Park",2024,33221,153
"Wrigley Field",2024,31940,158
"Dodger Stadium",2024,45295,167
"Marlins Park",2024,8248,198
"Citi Field",2024,32871,150
"Petco Park",2024,36589,175
"Oracle Park",2024,28375,130
"Busch Stadium III",2024,29580,231
"Nationals Park",2024,18847,136
"Minute Maid Park",2024,31954,154
"Kauffman Stadium",2024,13009,124
"Yankee Stadium II",2024,41263,140
"Oakland-Alameda County Coliseum",2024,10339,152
"Globe Life Field in Arlington",2024,28707,148
"Rogers Centre",2024,27057,196
"Truist Park",2024,34704,140
"Wrigley Field",2024,33536,133
"PNC Park",2024,16635,144
"Petco Park",2024,41673,177
"Busch Stadium III",2024,28630,155
"Nationals Park",2024,18349,159
"Oriole Park at Camden Yards",2024,22212,164
"Yankee Stadium II",2024,38105,172
"Oakland-Alameda County Coliseum",2024,5142,150
"Rogers Centre",2024,25900,142
"Truist Park",2024,37203,160
"Dodger Stadium",2024,45556,147
"Marlins Park",2024,13992,167
"PNC Park",2024,19941,169
"Petco Park",2024,40556,154
"Oriole Park at Camden Yards",2024,39578,168
"Fenway Park",2024,32016,160
"Guaranteed Rate Field;U.S. Cellular Field",2024,24012,173
"Progressive Field",2024,33786,165
"Kauffman Stadium",2024,25491,164
"Target Field",2024,29634,173
"Yankee Stadium II",2024,38910,143
"Oakland-Alameda County Coliseum",2024,14031,171
"Safeco Field",2024,38762,185
"Rogers Centre",2024,25431,145
"Truist Park",2024,40230,152
"Dodger Stadium",2024,48488,170
"Marlins Park",2024,18138,161
"PNC Park",2024,38137,148
"Petco Park",2024,42284,145
"Oriole Park at Camden Yards",2024,35302,150
"Fenway Park",2024,35528,164
"Guaranteed Rate Field;U.S. Cellular Field",2024,23570,167
"Progressive Field",2024,33037,160
"Kauffman Stadium",2024,27002,164
"Target Field",2024,35183,140
"Yankee Stadium II",2024,40438,180
"Oakland-Alameda County Coliseum",2024,12769,178
"Safeco Field",2024,38027,184
"Rogers Centre",2024,34011,129
"Truist Park",2024,32327,161
"Dodger Stadium",2024,52464,123
"Marlins Park",2024,17275,146
"PNC Park",2024,18653,163
"Petco Park",2024,41870,166
"Oriole Park at Camden Yards",2024,21654,162
"Fenway Park",2024,31453,150
"Guaranteed Rate Field;U.S. Cellular Field",2024,16928,177
"Progressive Field",2024,28970,143
"Kauffman Stadium",2024,18193,161
"Target Field",2024,28018,144
"Yankee Stadium II",2024,41324,175
"Oakland-Alameda County Coliseum",2024,15961,147
"Safeco Field",2024,35062,159
"Rogers Centre",2024,37036,153
"Coors Field",2024,20338,148
"Citizens Bank Park",2024,39627,169
"PNC Park",2024,11936,193
"Busch Stadium III",2024,28697,174
"Nationals Park",2024,32812,166
"Fenway Park",2024,29097,152
"Guaranteed Rate Field;U.S. Cellular Field",2024,10975,160
"Progressive Field",2024,17738,156
"Progressive Field",2024,16856,155
"Target Field",2024,18974,156
"Safeco Field",2024,29755,130
"Chase Field",2024,22575,171
"Great American Ballpark",2024,15786,177
"Coors Field",2024,20284,168
"Dodger Stadium",2024,52382,161
"Miller Park",2024,24354,172
"Citizens Bank Park",2024,39373,149
"PNC Park",2024,13619,177
"Busch Stadium III",2024,27224,172
"Nationals Park",2024,34334,151
"Fenway Park",2024,29634,145
"Guaranteed Rate Field;U.S. Cellular Field",2024,NA,151
"Progressive Field",2024,19820,161
"Comerica Park",2024,18258,137
"Target Field",2024,20200,198
"Safeco Field",2024,26153,156
"Chase Field",2024,27059,158
"Great American Ballpark",2024,12065,147
"Coors Field",2024,20526,161
"Dodger Stadium",2024,53290,150
"Miller Park",2024,23247,163
"Citizens Bank Park",2024,37778,148
"PNC Park",2024,12660,217
"Busch Stadium III",2024,30999,180
"Nationals Park",2024,30190,167
"Fenway Park",2024,32809,125
"Guaranteed Rate Field;U.S. Cellular Field",2024,11285,155
"Progressive Field",2024,19722,173
"Comerica Park",2024,16303,153
"Target Field",2024,19142,159
"Safeco Field",2024,35131,138
"Chase Field",2024,18425,141
"Great American Ballpark",2024,36098,169
"Coors Field",2024,20949,178
"Dodger Stadium",2024,53203,175
"Miller Park",2024,30920,134
"Citizens Bank Park",2024,40451,162
"Busch Stadium III",2024,26553,160
"Fenway Park",2024,31712,132
"Guaranteed Rate Field;U.S. Cellular Field",2024,10402,153
"Comerica Park",2024,16119,146
"Minute Maid Park",2024,32070,156
"Chase Field",2024,46606,193
"Great American Ballpark",2024,14436,190
"Great American Ballpark",2024,22488,160
"Coors Field",2024,30444,150
"Citizens Bank Park",2024,40193,159
"Oracle Park",2024,33606,141
"Nationals Park",2024,28792,159
"Angel Stadium of Anaheim",2024,34435,174
"Guaranteed Rate Field;U.S. Cellular Field",2024,15288,156
"Progressive Field",2024,32132,166
"Comerica Park",2024,25207,160
"Minute Maid Park",2024,37279,136
"Target Field",2024,24623,146
"Yankee Stadium II",2024,47103,145
"Tropicana Field",2024,17547,206
"Globe Life Field in Arlington",2024,28111,158
"Chase Field",2024,50041,170
"Great American Ballpark",2024,27881,197
"Coors Field",2024,38166,172
"Citizens Bank Park",2024,42730,136
"Oracle Park",2024,36087,142
"Nationals Park",2024,32995,158
"Angel Stadium of Anaheim",2024,34253,156
"Guaranteed Rate Field;U.S. Cellular Field",2024,18627,169
"Progressive Field",2024,35747,166
"Comerica Park",2024,34355,121
"Minute Maid Park",2024,37776,141
"Target Field",2024,30517,150
"Yankee Stadium II",2024,41454,157
"Tropicana Field",2024,16600,157
"Globe Life Field in Arlington",2024,28454,140
"Chase Field",2024,46278,158
"Great American Ballpark",2024,26457,184
"Coors Field",2024,32961,142
"Citizens Bank Park",2024,43249,194
"Oracle Park",2024,41187,158
"Nationals Park",2024,31086,162
"Angel Stadium of Anaheim",2024,39370,156
"Guaranteed Rate Field;U.S. Cellular Field",2024,16887,138
"Progressive Field",2024,33750,134
"Comerica Park",2024,30173,142
"Minute Maid Park",2024,40229,151
"Target Field",2024,32774,163
"Yankee Stadium II",2024,42768,201
"Tropicana Field",2024,17494,192
"Globe Life Field in Arlington",2024,33309,183
"Chase Field",2024,43747,205
"Wrigley Field",2024,33583,138
"Great American Ballpark",2024,24606,183
"Miller Park",2024,41731,175
"Citi Field",2024,35064,142
"Petco Park",2024,44957,138
"Oriole Park at Camden Yards",2024,35906,194
"Kauffman Stadium",2024,30612,135
"Oakland-Alameda County Coliseum",2024,12167,160
"Tropicana Field",2024,11636,171
"Globe Life Field in Arlington",2024,36815,167
"Truist Park",2024,32672,151
"Wrigley Field",2024,29450,150
"Marlins Park",2024,6854,156
"Miller Park",2024,20027,193
"Citi Field",2024,29400,155
"Oracle Park",2024,23545,167
"Angel Stadium of Anaheim",2024,44731,160
"Oriole Park at Camden Yards",2024,15108,164
"Kauffman Stadium",2024,14813,168
"Oakland-Alameda County Coliseum",2024,3924,135
"Tropicana Field",2024,10531,146
"Globe Life Field in Arlington",2024,29356,183
"Rogers Centre",2024,23796,203
"Truist Park",2024,36859,160
"Wrigley Field",2024,30369,130
"Great American Ballpark",2024,17865,176
"Marlins Park",2024,6156,174
"Miller Park",2024,20027,175
"Citi Field",2024,26270,170
"Petco Park",2024,41669,203
"Oracle Park",2024,22855,162
"Angel Stadium of Anaheim",2024,44822,138
"Oriole Park at Camden Yards",2024,17843,174
"Kauffman Stadium",2024,14094,143
"Oakland-Alameda County Coliseum",2024,4390,167
"Tropicana Field",2024,11513,148
"Globe Life Field in Arlington",2024,32223,191
"Rogers Centre",2024,23768,150
"Truist Park",2024,32811,129
"Great American Ballpark",2024,16126,143
"Marlins Park",2024,9355,153
"PNC Park",2024,10155,167
"Petco Park",2024,40221,143
"Oracle Park",2024,27871,155
"Oakland-Alameda County Coliseum",2024,5581,171
"Tropicana Field",2024,10584,145
"Globe Life Field in Arlington",2024,22926,136
"Truist Park",2024,37230,143
"Wrigley Field",2024,40101,162
"Dodger Stadium",2024,45318,137
"Marlins Park",2024,15963,177
"Miller Park",2024,26582,145
"Citi Field",2024,25335,155
"Petco Park",2024,42595,153
"Busch Stadium III",2024,37476,172
"Oriole Park at Camden Yards",2024,25439,150
"Fenway Park",2024,32625,143
"Minute Maid Park",2024,34218,155
"Kauffman Stadium",2024,19484,136
"Oakland-Alameda County Coliseum",2024,14669,225
"Globe Life Field in Arlington",2024,31014,140
"Truist Park",2024,38276,165
"Wrigley Field",2024,40080,154
"Dodger Stadium",2024,48690,154
"Marlins Park",2024,23189,173
"Miller Park",2024,33603,136
"Citi Field",2024,34048,146
"PNC Park",2024,13687,156
"PNC Park",2024,18937,200
"Petco Park",2024,43318,145
"Busch Stadium III",2024,38532,145
"Oriole Park at Camden Yards",2024,34256,172
"Fenway Park",2024,31691,154
"Minute Maid Park",2024,35739,173
"Kauffman Stadium",2024,29160,134
"Oakland-Alameda County Coliseum",2024,14694,143
"Globe Life Field in Arlington",2024,31501,165
"Truist Park",2024,36394,184
"Wrigley Field",2024,39364,138
"Dodger Stadium",2024,44207,151
"Marlins Park",2024,15202,139
"Miller Park",2024,42015,147
"Citi Field",2024,28142,172
"PNC Park",2024,12369,129
"Petco Park",2024,42996,169
"Busch Stadium III",2024,41302,171
"Oriole Park at Camden Yards",2024,29519,167
"Fenway Park",2024,29110,155
"Minute Maid Park",2024,34154,185
"Kauffman Stadium",2024,26477,128
"Oakland-Alameda County Coliseum",2024,11250,181
"Globe Life Field in Arlington",2024,32240,151
"Truist Park",2024,34883,140
"Dodger Stadium",2024,50495,170
"Citizens Bank Park",2024,39511,160
"PNC Park",2024,10311,151
"Fenway Park",2024,30600,165
"Guaranteed Rate Field;U.S. Cellular Field",2024,11429,170
"Target Field",2024,14445,144
"Yankee Stadium II",2024,35308,171
"Rogers Centre",2024,27470,159
"Chase Field",2024,25499,156
"Dodger Stadium",2024,51923,156
"Citizens Bank Park",2024,40088,165
"PNC Park",2024,10391,159
"Oracle Park",2024,25096,127
"Busch Stadium III",2024,30350,154
"Nationals Park",2024,17668,155
"Fenway Park",2024,30898,172
"Guaranteed Rate Field;U.S. Cellular Field",2024,12246,157
"Comerica Park",2024,18120,131
"Minute Maid Park",2024,36234,194
"Target Field",2024,18311,149
"Yankee Stadium II",2024,34485,148
"Safeco Field",2024,25012,177
"Rogers Centre",2024,28109,176
"Chase Field",2024,20473,167
"Dodger Stadium",2024,48691,176
"Citizens Bank Park",2024,40715,143
"PNC Park",2024,10252,150
"Oracle Park",2024,22042,156
"Busch Stadium III",2024,30179,157
"Nationals Park",2024,15585,140
"Fenway Park",2024,32448,163
"Guaranteed Rate Field;U.S. Cellular Field",2024,11252,180
"Comerica Park",2024,18847,147
"Minute Maid Park",2024,32327,150
"Target Field",2024,15660,153
"Yankee Stadium II",2024,40080,197
"Safeco Field",2024,21129,152
"Rogers Centre",2024,29399,157
"Oracle Park",2024,22184,148
"Busch Stadium III",2024,32528,147
"Nationals Park",2024,13299,145
"Progressive Field",2024,19188,165
"Comerica Park",2024,19538,153
"Minute Maid Park",2024,30720,141
"Yankee Stadium II",2024,40229,174
"Safeco Field",2024,22212,169
"Chase Field",2024,31033,168
"Truist Park",2024,40339,146
"Coors Field",2024,38406,143
"Citizens Bank Park",2024,44607,170
"PNC Park",2024,24748,166
"Oracle Park",2024,39798,153
"Nationals Park",2024,20584,136
"Angel Stadium of Anaheim",2024,36226,143
"Guaranteed Rate Field;U.S. Cellular Field",2024,26513,140
"Progressive Field",2024,24160,141
"Comerica Park",2024,25253,140
"Target Field",2024,27170,141
"Yankee Stadium II",2024,45292,172
"Safeco Field",2024,32996,161
"Rogers Centre",2024,30380,185
"Chase Field",2024,44886,183
"Truist Park",2024,42732,150
"Coors Field",2024,47493,164
"Citizens Bank Park",2024,44563,147
"PNC Park",2024,15439,169
"Oracle Park",2024,31243,153
"Nationals Park",2024,28175,142
"Angel Stadium of Anaheim",2024,39880,166
"Guaranteed Rate Field;U.S. Cellular Field",2024,21478,182
"Progressive Field",2024,31362,136
"Comerica Park",2024,33513,155
"Target Field",2024,28881,151
"Yankee Stadium II",2024,46378,171
"Safeco Field",2024,33629,162
"Rogers Centre",2024,33999,152
"Chase Field",2024,33708,230
"Truist Park",2024,39198,162
"Coors Field",2024,40706,192
"Citizens Bank Park",2024,44786,133
"PNC Park",2024,20078,168
"Oracle Park",2024,33043,162
"Nationals Park",2024,18265,141
"Angel Stadium of Anaheim",2024,41005,166
"Guaranteed Rate Field;U.S. Cellular Field",2024,18017,133
"Progressive Field",2024,21144,146
"Comerica Park",2024,20643,140
"Target Field",2024,22545,169
"Yankee Stadium II",2024,45552,171
"Safeco Field",2024,36137,137
"Rogers Centre",2024,34793,146
"Truist Park",2024,37109,157
"Wrigley Field",2024,34532,153
"Coors Field",2024,18454,134
"Miller Park",2024,28713,168
"Citi Field",2024,21694,148
"Petco Park",2024,44443,164
"Busch Stadium III",2024,30138,155
"Angel Stadium of Anaheim",2024,35587,161
"Progressive Field",2024,17559,171
"Kauffman Stadium",2024,18920,178
"Wrigley Field",2024,32718,168
"Great American Ballpark",2024,20955,184
"Coors Field",2024,20421,162
"Marlins Park",2024,17902,177
"Miller Park",2024,30059,160
"Citi Field",2024,24932,163
"Petco Park",2024,44553,195
"Busch Stadium III",2024,30562,143
"Angel Stadium of Anaheim",2024,36254,151
"Oriole Park at Camden Yards",2024,23967,169
"Progressive Field",2024,17391,157
"Kauffman Stadium",2024,21086,173
"Safeco Field",2024,31668,182
"Tropicana Field",2024,12169,154
"Globe Life Field in Arlington",2024,29906,208
"Wrigley Field",2024,27806,160
"Great American Ballpark",2024,18959,140
"Coors Field",2024,20805,159
"Marlins Park",2024,17138,168
"Miller Park",2024,30048,161
"Citi Field",2024,34196,146
"Petco Park",2024,42883,126
"Busch Stadium III",2024,30061,165
"Angel Stadium of Anaheim",2024,22757,215
"Oriole Park at Camden Yards",2024,23856,156
"Progressive Field",2024,19391,166
"Kauffman Stadium",2024,16279,156
"Safeco Field",2024,31674,186
"Tropicana Field",2024,12153,144
"Globe Life Field in Arlington",2024,34625,130
"Wrigley Field",2024,31479,171
"Great American Ballpark",2024,20071,178
"Marlins Park",2024,17560,186
"Miller Park",2024,25093,157
"Citi Field",2024,35982,156
"Busch Stadium III",2024,32194,141
"Oriole Park at Camden Yards",2024,23181,168
"Progressive Field",2024,21707,184
"Minute Maid Park",2024,33107,153
"Safeco Field",2024,34255,162
"Tropicana Field",2024,13120,127
"Globe Life Field in Arlington",2024,30384,137
"Wrigley Field",2024,29590,139
"Great American Ballpark",2024,40541,141
"Dodger Stadium",2024,49073,141
"Marlins Park",2024,17139,154
"Miller Park",2024,32123,176
"Citi Field",2024,41474,177
"Petco Park",2024,45790,173
"Busch Stadium III",2024,33967,142
"Oriole Park at Camden Yards",2024,33629,146
"Fenway Park",2024,33052,238
"Minute Maid Park",2024,39666,174
"Kauffman Stadium",2024,22117,162
"Oakland-Alameda County Coliseum",2024,23426,156
"Tropicana Field",2024,14372,143
"Globe Life Field in Arlington",2024,33387,164
"Wrigley Field",2024,38819,143
"Great American Ballpark",2024,25574,148
"Dodger Stadium",2024,52267,173
"Marlins Park",2024,25227,163
"Miller Park",2024,35068,162
"Citi Field",2024,44152,143
"Petco Park",2024,45360,158
"Busch Stadium III",2024,41317,159
"Oriole Park at Camden Yards",2024,39647,200
"Minute Maid Park",2024,40502,169
"Kauffman Stadium",2024,24189,134
"Oakland-Alameda County Coliseum",2024,33198,159
"Tropicana Field",2024,20704,167
"Globe Life Field in Arlington",2024,39929,206
"Wrigley Field",2024,30086,154
"Great American Ballpark",2024,34750,145
"Dodger Stadium",2024,50730,173
"Marlins Park",2024,20490,165
"Miller Park",2024,37612,214
"Citi Field",2024,43139,150
"Petco Park",2024,45197,144
"Busch Stadium III",2024,39100,135
"Oriole Park at Camden Yards",2024,44040,160
"Fenway Park",2024,32307,151
"Fenway Park",2024,31941,161
"Minute Maid Park",2024,39631,186
"Kauffman Stadium",2024,24189,128
"Oakland-Alameda County Coliseum",2024,24663,175
"Tropicana Field",2024,20567,164
"Globe Life Field in Arlington",2024,39882,148
"Chase Field",2024,23359,161
"Citizens Bank Park",2024,42386,154
"Minute Maid Park",2024,34554,159
"Rogers Centre",2024,22254,155
"Chase Field",2024,22355,153
"Truist Park",2024,40103,136
"Coors Field",2024,25944,159
"Dodger Stadium",2024,50369,164
"Citizens Bank Park",2024,42033,164
"PNC Park",2024,14020,161
"Nationals Park",2024,14477,167
"Guaranteed Rate Field;U.S. Cellular Field",2024,17606,126
"Progressive Field",2024,19752,142
"Comerica Park",2024,22770,119
"Minute Maid Park",2024,38195,146
"Target Field",2024,21983,167
"Yankee Stadium II",2024,41149,191
"Oakland-Alameda County Coliseum",2024,30402,154
"Rogers Centre",2024,29178,195
"Chase Field",2024,23767,164
"Coors Field",2024,26863,131
"Dodger Stadium",2024,52310,167
"Citizens Bank Park",2024,42438,164
"PNC Park",2024,15965,131
"Nationals Park",2024,16670,144
"Guaranteed Rate Field;U.S. Cellular Field",2024,18423,173
"Progressive Field",2024,25860,132
"Comerica Park",2024,32463,161
"Minute Maid Park",2024,32219,165
"Target Field",2024,18162,164
"Yankee Stadium II",2024,41010,191
"Oakland-Alameda County Coliseum",2024,35270,169
"Rogers Centre",2024,27694,150
"Coors Field",2024,25344,172
"Dodger Stadium",2024,52433,149
"PNC Park",2024,16797,172
"Nationals Park",2024,14357,147
"Guaranteed Rate Field;U.S. Cellular Field",2024,15678,150
"Comerica Park",2024,27867,143
"Target Field",2024,17341,256
"Yankee Stadium II",2024,42022,170
"Oakland-Alameda County Coliseum",2024,46889,149
"Chase Field",2024,43310,174
"Truist Park",2024,36212,119
"Wrigley Field",2024,32083,108
"Coors Field",2024,48750,179
"Miller Park",2024,33996,185
"Oracle Park",2024,35101,166
"Nationals Park",2024,31796,152
"Angel Stadium of Anaheim",2024,39308,148
"Fenway Park",2024,33694,145
"Progressive Field",2024,34149,195
"Comerica Park",2024,44435,138
"Target Field",2024,26058,169
"Yankee Stadium II",2024,41778,168
"Safeco Field",2024,41429,146
"Rogers Centre",2024,31597,187
"Chase Field",2024,42915,151
"Truist Park",2024,38775,140
"Wrigley Field",2024,38180,133
"Coors Field",2024,48395,173
"Miller Park",2024,39637,151
"Oracle Park",2024,36328,171
"Nationals Park",2024,38135,155
"Angel Stadium of Anaheim",2024,41560,188
"Fenway Park",2024,35333,148
"Progressive Field",2024,33609,166
"Comerica Park",2024,41933,146
"Target Field",2024,30558,156
"Yankee Stadium II",2024,46069,169
"Safeco Field",2024,33007,177
"Rogers Centre",2024,35733,153
"Chase Field",2024,38892,161
"Truist Park",2024,39043,165
"Wrigley Field",2024,33792,181
"Coors Field",2024,48320,153
"Miller Park",2024,33754,154
"Oracle Park",2024,32348,149
"Nationals Park",2024,26729,160
"Angel Stadium of Anaheim",2024,35145,141
"Fenway Park",2024,34862,133
"Comerica Park",2024,41740,178
"Target Field",2024,26041,142
"Yankee Stadium II",2024,44108,175
"Safeco Field",2024,42177,149
"Rogers Centre",2024,31688,157
"Truist Park",2024,0,178
"Truist Park",2024,41561,134
"Wrigley Field",2023,36054,141
"Great American Ballpark",2023,44063,182
"Dodger Stadium",2023,52075,155
"Marlins Park",2023,31397,162
"Petco Park",2023,45103,176
"Busch Stadium III",2023,47649,218
"Nationals Park",2023,35756,187
"Fenway Park",2023,36049,190
"Minute Maid Park",2023,43032,158
"Kauffman Stadium",2023,38351,152
"Yankee Stadium II",2023,46172,153
"Oakland-Alameda County Coliseum",2023,26805,150
"Safeco Field",2023,45268,134
"Tropicana Field",2023,25025,134
"Globe Life Field in Arlington",2023,38387,184
"Dodger Stadium",2023,45389,161
"Marlins Park",2023,14797,129
"Petco Park",2023,43177,147
"Minute Maid Park",2023,41453,160
"Safeco Field",2023,31516,185
"Wrigley Field",2023,31363,152
"Great American Ballpark",2023,22224,136
"Dodger Stadium",2023,48886,134
"Marlins Park",2023,14695,174
"Petco Park",2023,42663,160
"Busch Stadium III",2023,44461,151
"Nationals Park",2023,27529,141
"Fenway Park",2023,29062,184
"Minute Maid Park",2023,37519,191
"Kauffman Stadium",2023,16633,138
"Yankee Stadium II",2023,41642,192
"Oakland-Alameda County Coliseum",2023,15757,144
"Safeco Field",2023,44250,124
"Tropicana Field",2023,20204,168
"Globe Life Field in Arlington",2023,31916,190
"Wrigley Field",2023,33266,177
"Great American Ballpark",2023,14421,144
"Dodger Stadium",2023,46549,152
"Marlins Park",2023,18322,160
"Petco Park",2023,43972,123
"Busch Stadium III",2023,45525,149
"Nationals Park",2023,21440,137
"Fenway Park",2023,27886,164
"Minute Maid Park",2023,42835,186
"Kauffman Stadium",2023,14589,155
"Yankee Stadium II",2023,42053,147
"Oakland-Alameda County Coliseum",2023,14638,152
"Safeco Field",2023,34045,177
"Tropicana Field",2023,19425,130
"Globe Life Field in Arlington",2023,25823,144
"Great American Ballpark",2023,11941,155
"Dodger Stadium",2023,49792,167
"Marlins Park",2023,8898,151
"Miller Park",2023,42017,157
"Petco Park",2023,37602,149
"Busch Stadium III",2023,37689,166
"Nationals Park",2023,10754,145
"Fenway Park",2023,28369,177
"Guaranteed Rate Field;U.S. Cellular Field",2023,34784,156
"Minute Maid Park",2023,29272,201
"Kauffman Stadium",2023,10810,157
"Yankee Stadium II",2023,37202,161
"Oakland-Alameda County Coliseum",2023,3035,199
"Safeco Field",2023,18877,169
"Globe Life Field in Arlington",2023,15867,138
"Great American Ballpark",2023,13399,172
"Dodger Stadium",2023,52290,145
"Marlins Park",2023,10668,117
"Miller Park",2023,19412,137
"Petco Park",2023,34542,175
"Busch Stadium III",2023,36501,140
"Nationals Park",2023,15272,165
"Fenway Park",2023,28842,156
"Minute Maid Park",2023,30613,152
"Kauffman Stadium",2023,12123,152
"Yankee Stadium II",2023,35392,165
"Oakland-Alameda County Coliseum",2023,3407,161
"Safeco Field",2023,19255,151
"Globe Life Field in Arlington",2023,16268,150
"Marlins Park",2023,8981,130
"Miller Park",2023,18387,165
"Busch Stadium III",2023,36300,147
"Nationals Park",2023,13836,152
"Fenway Park",2023,24477,152
"Guaranteed Rate Field;U.S. Cellular Field",2023,15980,169
"Minute Maid Park",2023,37932,155
"Kauffman Stadium",2023,10015,137
"Yankee Stadium II",2023,35847,150
"Oakland-Alameda County Coliseum",2023,4930,178
"Safeco Field",2023,25648,175
"Globe Life Field in Arlington",2023,18560,139
"Chase Field",2023,48034,163
"Truist Park",2023,42803,194
"Coors Field",2023,48230,138
"Guaranteed Rate Field;U.S. Cellular Field",2023,18261,170
"Comerica Park",2023,44650,152
"Kauffman Stadium",2023,10401,150
"Chase Field",2023,30249,148
"Truist Park",2023,41963,181
"Wrigley Field",2023,29094,137
"Coors Field",2023,30869,158
"Miller Park",2023,28459,165
"Citi Field",2023,43590,181
"Citizens Bank Park",2023,44365,163
"PNC Park",2023,39167,168
"Oracle Park",2023,40711,143
"Angel Stadium of Anaheim",2023,44735,153
"Oriole Park at Camden Yards",2023,45017,184
"Progressive Field",2023,34821,154
"Target Field",2023,38465,167
"Tropicana Field",2023,15980,143
"Chase Field",2023,26881,163
"Truist Park",2023,40154,175
"Wrigley Field",2023,33578,175
"Coors Field",2023,34503,164
"Miller Park",2023,43077,152
"Citi Field",2023,42306,159
"Citizens Bank Park",2023,44526,167
"PNC Park",2023,21162,184
"Oracle Park",2023,35126,143
"Angel Stadium of Anaheim",2023,44534,160
"Oriole Park at Camden Yards",2023,30561,167
"Progressive Field",2023,17489,155
"Comerica Park",2023,21835,158
"Target Field",2023,26330,147
"Tropicana Field",2023,15880,140
"Chase Field",2023,18543,165
"Truist Park",2023,40138,170
"Wrigley Field",2023,28807,151
"Coors Field",2023,30283,167
"Miller Park",2023,27701,169
"Citi Field",2023,33697,172
"Citizens Bank Park",2023,39129,162
"PNC Park",2023,10571,141
"Oracle Park",2023,30207,135
"Angel Stadium of Anaheim",2023,31092,211
"Oriole Park at Camden Yards",2023,29221,148
"Progressive Field",2023,12716,228
"Comerica Park",2023,14885,158
"Target Field",2023,14316,153
"Tropicana Field",2023,11159,159
"Chase Field",2023,12681,132
"Truist Park",2023,30237,167
"Wrigley Field",2023,26766,158
"Coors Field",2023,24092,134
"Citi Field",2023,30244,158
"Citizens Bank Park",2023,28642,149
"PNC Park",2023,10222,159
"Oracle Park",2023,35232,151
"Angel Stadium of Anaheim",2023,19557,160
"Oriole Park at Camden Yards",2023,9322,168
"Progressive Field",2023,19278,149
"Target Field",2023,12078,159
"Tropicana Field",2023,13470,126
"Globe Life Field in Arlington",2023,17430,150
"Chase Field",2023,17069,139
"Truist Park",2023,33559,164
"Wrigley Field",2023,30081,182
"Coors Field",2023,25399,157
"Citi Field",2023,30769,171
"Citizens Bank Park",2023,43444,177
"PNC Park",2023,9996,150
"Oracle Park",2023,30768,158
"Angel Stadium of Anaheim",2023,27390,146
"Oriole Park at Camden Yards",2023,12305,188
"Progressive Field",2023,20164,144
"Target Field",2023,16153,143
"Tropicana Field",2023,12649,155
"Globe Life Field in Arlington",2023,17760,171
"Rogers Centre",2023,42053,149
"Chase Field",2023,13136,160
"Truist Park",2023,30648,152
"Wrigley Field",2023,26944,151
"Coors Field",2023,22250,154
"Citi Field",2023,34876,171
"Citizens Bank Park",2023,29584,160
"PNC Park",2023,10064,171
"Oracle Park",2023,34903,190
"Angel Stadium of Anaheim",2023,17780,142
"Oriole Park at Camden Yards",2023,10181,170
"Progressive Field",2023,23164,164
"Target Field",2023,17658,157
"Tropicana Field",2023,17136,164
"Globe Life Field in Arlington",2023,18380,144
"Rogers Centre",2023,35300,160
"Great American Ballpark",2023,12170,154
"Petco Park",2023,43296,171
"Busch Stadium III",2023,37805,161
"Oriole Park at Camden Yards",2023,11665,178
"Yankee Stadium II",2023,39024,140
"Tropicana Field",2023,21175,158
"Rogers Centre",2023,26192,173
"Great American Ballpark",2023,17610,162
"Dodger Stadium",2023,52298,140
"Marlins Park",2023,10961,131
"Petco Park",2023,43822,162
"Busch Stadium III",2023,40637,137
"Nationals Park",2023,21367,161
"Fenway Park",2023,36680,177
"Guaranteed Rate Field;U.S. Cellular Field",2023,18941,178
"Comerica Park",2023,15289,230
"Minute Maid Park",2023,39343,166
"Kauffman Stadium",2023,20186,142
"Yankee Stadium II",2023,41039,131
"Oakland-Alameda County Coliseum",2023,11102,209
"Safeco Field",2023,32698,154
"Rogers Centre",2023,34822,157
"Great American Ballpark",2023,25860,159
"Dodger Stadium",2023,52375,165
"Marlins Park",2023,11038,153
"Petco Park",2023,42284,192
"Busch Stadium III",2023,40042,174
"Nationals Park",2023,24909,175
"Fenway Park",2023,36594,179
"Guaranteed Rate Field;U.S. Cellular Field",2023,32091,201
"Comerica Park",2023,18344,185
"Minute Maid Park",2023,39257,155
"Kauffman Stadium",2023,17644,168
"Yankee Stadium II",2023,38363,147
"Oakland-Alameda County Coliseum",2023,12967,166
"Safeco Field",2023,27549,169
"Rogers Centre",2023,41679,154
"Great American Ballpark",2023,13115,182
"Dodger Stadium",2023,52180,166
"Marlins Park",2023,15314,131
"Petco Park",2023,43875,142
"Busch Stadium III",2023,40346,165
"Nationals Park",2023,21929,152
"Fenway Park",2023,34790,117
"Guaranteed Rate Field;U.S. Cellular Field",2023,13794,166
"Minute Maid Park",2023,39122,179
"Kauffman Stadium",2023,22040,141
"Yankee Stadium II",2023,39342,127
"Oakland-Alameda County Coliseum",2023,17645,183
"Safeco Field",2023,23585,139
"Rogers Centre",2023,39179,160
"Great American Ballpark",2023,7375,148
"Coors Field",2023,20322,172
"Dodger Stadium",2023,50313,170
"Marlins Park",2023,8744,139
"Petco Park",2023,31846,142
"Busch Stadium III",2023,36405,144
"Fenway Park",2023,34942,183
"Minute Maid Park",2023,30873,165
"Kauffman Stadium",2023,11068,122
"Oakland-Alameda County Coliseum",2023,4714,167
"Safeco Field",2023,14276,163
"Great American Ballpark",2023,11304,145
"Coors Field",2023,19495,159
"Dodger Stadium",2023,46884,153
"Marlins Park",2023,8783,147
"Petco Park",2023,42693,152
"Busch Stadium III",2023,36028,186
"Nationals Park",2023,18747,154
"Fenway Park",2023,28132,187
"Guaranteed Rate Field;U.S. Cellular Field",2023,0,163
"Guaranteed Rate Field;U.S. Cellular Field",2023,12542,129
"Comerica Park",2023,0,143
"Comerica Park",2023,10099,110
"Minute Maid Park",2023,32602,167
"Kauffman Stadium",2023,12118,160
"Yankee Stadium II",2023,37883,165
"Oakland-Alameda County Coliseum",2023,5196,174
"Safeco Field",2023,18206,187
"Great American Ballpark",2023,10205,145
"Coors Field",2023,18511,152
"Dodger Stadium",2023,43990,171
"Marlins Park",2023,8272,217
"Petco Park",2023,29581,133
"Busch Stadium III",2023,39068,179
"Nationals Park",2023,22598,146
"Fenway Park",2023,30027,157
"Guaranteed Rate Field;U.S. Cellular Field",2023,10149,143
"Comerica Park",2023,11230,143
"Minute Maid Park",2023,40545,144
"Kauffman Stadium",2023,10388,160
"Yankee Stadium II",2023,38131,200
"Oakland-Alameda County Coliseum",2023,12112,173
"Safeco Field",2023,17461,140
"Chase Field",2023,16734,178
"Wrigley Field",2023,32817,173
"Citizens Bank Park",2023,35062,160
"PNC Park",2023,14051,129
"Oracle Park",2023,24452,154
"Fenway Park",2023,34427,160
"Yankee Stadium II",2023,39315,169
"Chase Field",2023,21308,152
"Truist Park",2023,41397,170
"Wrigley Field",2023,30381,159
"Miller Park",2023,24976,158
"Citizens Bank Park",2023,43261,155
"PNC Park",2023,17276,141
"Oracle Park",2023,27551,135
"Angel Stadium of Anaheim",2023,44741,123
"Oriole Park at Camden Yards",2023,18772,145
"Target Field",2023,12469,153
"Yankee Stadium II",2023,39025,150
"Safeco Field",2023,29633,133
"Tropicana Field",2023,17973,171
"Globe Life Field in Arlington",2023,28775,176
"Chase Field",2023,28419,168
"Truist Park",2023,42399,142
"Wrigley Field",2023,35076,175
"Miller Park",2023,31965,143
"Citizens Bank Park",2023,41939,146
"PNC Park",2023,12575,140
"Oracle Park",2023,29912,155
"Angel Stadium of Anaheim",2023,44148,160
"Oriole Park at Camden Yards",2023,12194,135
"Progressive Field",2023,0,148
"Progressive Field",2023,14478,156
"Target Field",2023,23045,189
"Yankee Stadium II",2023,43223,155
"Safeco Field",2023,38732,149
"Tropicana Field",2023,22333,173
"Globe Life Field in Arlington",2023,32388,165
"Chase Field",2023,23655,181
"Truist Park",2023,41530,172
"Wrigley Field",2023,33494,142
"Miller Park",2023,26939,182
"Citizens Bank Park",2023,44618,163
"PNC Park",2023,11372,140
"Oracle Park",2023,27721,157
"Angel Stadium of Anaheim",2023,36016,131
"Oriole Park at Camden Yards",2023,36975,164
"Progressive Field",2023,12664,147
"Target Field",2023,14763,133
"Yankee Stadium II",2023,39293,143
"Safeco Field",2023,36249,167
"Tropicana Field",2023,22702,122
"Globe Life Field in Arlington",2023,34916,151
"Chase Field",2023,9815,176
"Truist Park",2023,28241,141
"Great American Ballpark",2023,8810,156
"Miller Park",2023,23201,145
"Oracle Park",2023,20203,140
"Angel Stadium of Anaheim",2023,23814,205
"Oriole Park at Camden Yards",2023,11811,149
"Progressive Field",2023,9258,145
"Target Field",2023,16242,174
"Tropicana Field",2023,10611,166
"Rogers Centre",2023,26293,160
"Chase Field",2023,13835,162
"Truist Park",2023,34059,152
"Wrigley Field",2023,27956,172
"Great American Ballpark",2023,9969,154
"Miller Park",2023,24924,160
"Citi Field",2023,20507,153
"Citizens Bank Park",2023,42323,158
"PNC Park",2023,10560,165
"Oracle Park",2023,20797,154
"Angel Stadium of Anaheim",2023,26971,167
"Oriole Park at Camden Yards",2023,14343,164
"Progressive Field",2023,9493,142
"Target Field",2023,19201,136
"Tropicana Field",2023,9916,164
"Rogers Centre",2023,28917,144
"Chase Field",2023,14343,151
"Truist Park",2023,30282,148
"Wrigley Field",2023,28955,167
"Great American Ballpark",2023,10256,154
"Miller Park",2023,25847,147
"Citi Field",2023,20191,173
"Citizens Bank Park",2023,32641,154
"PNC Park",2023,12152,168
"Oracle Park",2023,21748,171
"Angel Stadium of Anaheim",2023,24524,150
"Oriole Park at Camden Yards",2023,12044,157
"Progressive Field",2023,9841,152
"Target Field",2023,20511,147
"Tropicana Field",2023,14168,127
"Rogers Centre",2023,35069,152
"Truist Park",2023,32196,154
"Wrigley Field",2023,26588,150
"Citi Field",2023,20726,167
"Citizens Bank Park",2023,31543,124
"PNC Park",2023,15879,128
"Oracle Park",2023,23397,164
"Angel Stadium of Anaheim",2023,21741,183
"Guaranteed Rate Field;U.S. Cellular Field",2023,11060,164
"Comerica Park",2023,11599,196
"Target Field",2023,12862,142
"Globe Life Field in Arlington",2023,31325,129
"Coors Field",2023,24197,166
"Dodger Stadium",2023,48138,188
"Marlins Park",2023,12340,146
"Miller Park",2023,24787,134
"Citi Field",2023,29240,83
"Fenway Park",2023,30578,145
"Guaranteed Rate Field;U.S. Cellular Field",2023,16681,156
"Minute Maid Park",2023,40719,146
"Target Field",2023,11754,158
"Oakland-Alameda County Coliseum",2023,6423,176
"Globe Life Field in Arlington",2023,36341,140
"Rogers Centre",2023,41414,148
"Coors Field",2023,34399,170
"Dodger Stadium",2023,48763,134
"Marlins Park",2023,14994,193
"Miller Park",2023,39198,163
"Estadio Alfredo Harp Helu",2023,19611,224
"Nationals Park",2023,22090,172
"Nationals Park",2023,17482,172
"Fenway Park",2023,31717,197
"Guaranteed Rate Field;U.S. Cellular Field",2023,28462,173
"Comerica Park",2023,17974,161
"Comerica Park",2023,11048,161
"Minute Maid Park",2023,41240,171
"Target Field",2023,22883,170
"Oakland-Alameda County Coliseum",2023,7052,174
"Globe Life Field in Arlington",2023,40027,126
"Rogers Centre",2023,41475,141
"Coors Field",2023,31900,151
"Dodger Stadium",2023,52304,166
"Marlins Park",2023,20345,138
"Miller Park",2023,33557,150
"Estadio Alfredo Harp Helu",2023,19633,172
"Nationals Park",2023,16898,161
"Fenway Park",2023,29395,152
"Guaranteed Rate Field;U.S. Cellular Field",2023,17049,204
"Comerica Park",2023,13626,166
"Minute Maid Park",2023,41669,166
"Target Field",2023,17150,170
"Oakland-Alameda County Coliseum",2023,18271,168
"Globe Life Field in Arlington",2023,39078,150
"Rogers Centre",2023,40158,190
"Dodger Stadium",2023,42137,169
"Citi Field",2023,0,173
"Citi Field",2023,27603,152
"Petco Park",2023,37491,161
"Nationals Park",2023,13722,149
"Fenway Park",2023,27438,166
"Minute Maid Park",2023,30915,158
"Yankee Stadium II",2023,33414,126
"Coors Field",2023,19517,132
"Dodger Stadium",2023,42780,164
"Marlins Park",2023,8626,160
"Petco Park",2023,43127,167
"Busch Stadium III",2023,37048,157
"Nationals Park",2023,12504,155
"Fenway Park",2023,27721,158
"Guaranteed Rate Field;U.S. Cellular Field",2023,13094,164
"Minute Maid Park",2023,31701,159
"Kauffman Stadium",2023,10487,184
"Yankee Stadium II",2023,32521,153
"Oakland-Alameda County Coliseum",2023,2583,150
"Tropicana Field",2023,10325,165
"Globe Life Field in Arlington",2023,23086,177
"Coors Field",2023,20640,161
"Dodger Stadium",2023,36539,176
"Marlins Park",2023,10428,157
"Petco Park",2023,30531,175
"Busch Stadium III",2023,42148,162
"Nationals Park",2023,15903,147
"Fenway Park",2023,27963,193
"Guaranteed Rate Field;U.S. Cellular Field",2023,11468,162
"Comerica Park",2023,11363,124
"Comerica Park",2023,16734,138
"Minute Maid Park",2023,40405,134
"Kauffman Stadium",2023,10362,119
"Yankee Stadium II",2023,36060,161
"Oakland-Alameda County Coliseum",2023,2685,187
"Tropicana Field",2023,15247,142
"Globe Life Field in Arlington",2023,21427,185
"Coors Field",2023,30647,163
"Marlins Park",2023,8295,156
"Busch Stadium III",2023,40508,178
"Nationals Park",2023,18577,115
"Fenway Park",2023,30173,173
"Guaranteed Rate Field;U.S. Cellular Field",2023,14650,217
"Comerica Park",2023,18369,126
"Kauffman Stadium",2023,11514,204
"Oakland-Alameda County Coliseum",2023,13025,154
"Tropicana Field",2023,12418,134
"Chase Field",2023,16384,132
"Truist Park",2023,40176,165
"Wrigley Field",2023,31181,129
"Great American Ballpark",2023,23467,150
"Citi Field",2023,25854,130
"Citizens Bank Park",2023,43322,161
"PNC Park",2023,24810,145
"Petco Park",2023,45116,157
"Oracle Park",2023,28614,157
"Busch Stadium III",2023,36359,188
"Angel Stadium of Anaheim",2023,39073,175
"Progressive Field",2023,17849,131
"Kauffman Stadium",2023,15966,191
"Safeco Field",2023,32944,143
"Tropicana Field",2023,25007,157
"Chase Field",2023,27345,169
"Truist Park",2023,41454,172
"Wrigley Field",2023,36418,165
"Great American Ballpark",2023,25543,154
"Citi Field",2023,35692,158
"Citizens Bank Park",2023,43832,170
"PNC Park",2023,34882,151
"Petco Park",2023,42402,157
"Oracle Park",2023,26387,150
"Busch Stadium III",2023,39512,192
"Angel Stadium of Anaheim",2023,37409,168
"Progressive Field",2023,20795,143
"Kauffman Stadium",2023,29549,196
"Safeco Field",2023,40328,155
"Tropicana Field",2023,27078,164
"Chase Field",2023,17174,198
"Truist Park",2023,40800,209
"Wrigley Field",2023,38196,229
"Great American Ballpark",2023,20338,170
"Citi Field",2023,36501,186
"Citizens Bank Park",2023,44669,134
"PNC Park",2023,21655,166
"Petco Park",2023,43994,192
"Oracle Park",2023,34603,171
"Busch Stadium III",2023,44465,163
"Angel Stadium of Anaheim",2023,41641,186
"Progressive Field",2023,17477,129
"Kauffman Stadium",2023,12740,141
"Safeco Field",2023,42277,162
"Tropicana Field",2023,32142,196
"Chase Field",2023,9071,153
"Wrigley Field",2023,30937,177
"Miller Park",2023,22847,138
"PNC Park",2023,9596,115
"Oracle Park",2023,20502,134
"Angel Stadium of Anaheim",2023,26064,149
"Oriole Park at Camden Yards",2023,12669,155
"Progressive Field",2023,12509,173
"Kauffman Stadium",2023,9814,175
"Yankee Stadium II",2023,33011,154
"Safeco Field",2023,15282,136
"Chase Field",2023,13608,149
"Truist Park",2023,36805,162
"Wrigley Field",2023,32693,180
"Great American Ballpark",2023,14065,176
"Miller Park",2023,23874,173
"Citizens Bank Park",2023,44544,190
"PNC Park",2023,11916,152
"Oracle Park",2023,22028,142
"Angel Stadium of Anaheim",2023,29018,136
"Oriole Park at Camden Yards",2023,10017,142
"Progressive Field",2023,13096,150
"Kauffman Stadium",2023,11258,122
"Target Field",2023,16882,161
"Yankee Stadium II",2023,33569,164
"Safeco Field",2023,17638,140
"Chase Field",2023,10482,165
"Truist Park",2023,40270,163
"Wrigley Field",2023,36413,151
"Great American Ballpark",2023,14515,155
"Miller Park",2023,30112,131
"Citizens Bank Park",2023,31758,176
"PNC Park",2023,13491,188
"Oracle Park",2023,21283,149
"Angel Stadium of Anaheim",2023,20420,158
"Oriole Park at Camden Yards",2023,14395,143
"Progressive Field",2023,16128,121
"Kauffman Stadium",2023,12187,141
"Target Field",2023,18467,171
"Yankee Stadium II",2023,40687,167
"Safeco Field",2023,22480,153
"Chase Field",2023,15582,165
"Great American Ballpark",2023,14855,147
"Kauffman Stadium",2023,20321,140
"Target Field",2023,23365,154
"Yankee Stadium II",2023,37686,150
"Oakland-Alameda County Coliseum",2023,2949,136
"Chase Field",2023,19266,176
"Coors Field",2023,32038,135
"Dodger Stadium",2023,49399,147
"Marlins Park",2023,13938,178
"Miller Park",2023,24900,164
"Nationals Park",2023,31904,190
"Oriole Park at Camden Yards",2023,25682,167
"Fenway Park",2023,34553,172
"Guaranteed Rate Field;U.S. Cellular Field",2023,18673,159
"Progressive Field",2023,22550,173
"Comerica Park",2023,22116,148
"Target Field",2023,30037,162
"Yankee Stadium II",2023,46130,156
"Oakland-Alameda County Coliseum",2023,6575,211
"Rogers Centre",2023,35047,132
"Chase Field",2023,25147,154
"Coors Field",2023,34006,171
"Dodger Stadium",2023,51334,146
"Marlins Park",2023,11170,169
"Miller Park",2023,35766,163
"Nationals Park",2023,24336,150
"Oriole Park at Camden Yards",2023,21926,124
"Fenway Park",2023,35935,144
"Guaranteed Rate Field;U.S. Cellular Field",2023,23242,157
"Progressive Field",2023,27644,175
"Comerica Park",2023,23511,136
"Target Field",2023,32270,172
"Yankee Stadium II",2023,44714,189
"Oakland-Alameda County Coliseum",2023,8230,138
"Rogers Centre",2023,41341,170
"Chase Field",2023,26267,144
"Coors Field",2023,30325,153
"Dodger Stadium",2023,46201,134
"Marlins Park",2023,11216,172
"Miller Park",2023,33188,164
"Nationals Park",2023,21507,178
"Oriole Park at Camden Yards",2023,36403,157
"Fenway Park",2023,27732,181
"Guaranteed Rate Field;U.S. Cellular Field",2023,18347,153
"Progressive Field",2023,23175,133
"Comerica Park",2023,20160,170
"Target Field",2023,33419,165
"Yankee Stadium II",2023,42116,171
"Oakland-Alameda County Coliseum",2023,7793,166
"Rogers Centre",2023,40895,184
"Coors Field",2023,20259,171
"Dodger Stadium",2023,49749,228
"Petco Park",2023,43828,156
"Oracle Park",2023,23819,153
"Busch Stadium III",2023,34548,156
"Nationals Park",2023,15220,154
"Oriole Park at Camden Yards",2023,20148,171
"Fenway Park",2023,31744,178
"Minute Maid Park",2023,35413,155
"Oakland-Alameda County Coliseum",2023,2064,155
"Globe Life Field in Arlington",2023,26791,151
"Rogers Centre",2023,28810,167
"Coors Field",2023,20611,125
"Dodger Stadium",2023,52159,169
"Marlins Park",2023,8811,155
"Citi Field",2023,28296,169
"Petco Park",2023,36060,150
"Oracle Park",2023,24304,162
"Busch Stadium III",2023,34655,175
"Oriole Park at Camden Yards",2023,13244,155
"Fenway Park",2023,31476,160
"Guaranteed Rate Field;U.S. Cellular Field",2023,18459,144
"Comerica Park",2023,16484,134
"Minute Maid Park",2023,34280,139
"Oakland-Alameda County Coliseum",2023,3261,249
"Globe Life Field in Arlington",2023,23246,135
"Rogers Centre",2023,35112,182
"Coors Field",2023,22654,159
"Dodger Stadium",2023,36434,169
"Marlins Park",2023,8451,146
"Citi Field",2023,29695,191
"Petco Park",2023,32416,185
"Oracle Park",2023,25303,175
"Busch Stadium III",2023,35433,154
"Oriole Park at Camden Yards",2023,15702,150
"Fenway Park",2023,32209,177
"Guaranteed Rate Field;U.S. Cellular Field",2023,12241,153
"Comerica Park",2023,14542,143
"Minute Maid Park",2023,35749,170
"Oakland-Alameda County Coliseum",2023,4159,171
"Globe Life Field in Arlington",2023,30035,149
"Rogers Centre",2023,27431,190
"Marlins Park",2023,7752,136
"Citi Field",2023,29946,142
"Busch Stadium III",2023,36982,189
"Oriole Park at Camden Yards",2023,27778,185
"Guaranteed Rate Field;U.S. Cellular Field",2023,11900,137
"Rogers Centre",2023,33290,149
"Truist Park",2023,40412,149
"Great American Ballpark",2023,35177,162
"Citi Field",2023,35010,188
"Citizens Bank Park",2023,42110,174
"PNC Park",2023,25903,179
"Petco Park",2023,41530,145
"Oracle Park",2023,30673,144
"Busch Stadium III",2023,44774,174
"Nationals Park",2023,19985,167
"Angel Stadium of Anaheim",2023,31079,160
"Guaranteed Rate Field;U.S. Cellular Field",2023,20329,126
"Minute Maid Park",2023,34931,168
"Tropicana Field",2023,18961,126
"Globe Life Field in Arlington",2023,30819,143
"Rogers Centre",2023,32485,169
"Truist Park",2023,40250,166
"Great American Ballpark",2023,41374,179
"Citizens Bank Park",2023,42508,167
"PNC Park",2023,22876,155
"Petco Park",2023,40215,171
"Oracle Park",2023,31993,136
"Busch Stadium III",2023,45177,150
"Nationals Park",2023,31721,123
"Angel Stadium of Anaheim",2023,35688,174
"Guaranteed Rate Field;U.S. Cellular Field",2023,23984,141
"Minute Maid Park",2023,35475,155
"Tropicana Field",2023,19954,159
"Globe Life Field in Arlington",2023,34443,177
"Rogers Centre",2023,41611,212
"Truist Park",2023,40213,125
"Great American Ballpark",2023,33828,147
"Citi Field",2023,39995,150
"Citi Field",2023,29862,126
"Citizens Bank Park",2023,44108,156
"PNC Park",2023,21418,174
"Petco Park",2023,42825,158
"Oracle Park",2023,28936,144
"Busch Stadium III",2023,44721,180
"Nationals Park",2023,20580,169
"Angel Stadium of Anaheim",2023,42138,161
"Guaranteed Rate Field;U.S. Cellular Field",2023,23556,146
"Minute Maid Park",2023,39820,146
"Tropicana Field",2023,20193,164
"Globe Life Field in Arlington",2023,32733,170
"Rogers Centre",2023,41643,211
"Truist Park",2023,40205,174
"Great American Ballpark",2023,9194,195
"Coors Field",2023,20331,134
"Miller Park",2023,22583,161
"Citizens Bank Park",2023,34040,177
"PNC Park",2023,10574,149
"Angel Stadium of Anaheim",2023,25314,125
"Progressive Field",2023,13878,136
"Kauffman Stadium",2023,14229,202
"Target Field",2023,16627,159
"Safeco Field",2023,15418,164
"Tropicana Field",2023,8857,152
"Truist Park",2023,36731,168
"Wrigley Field",2023,35958,166
"Great American Ballpark",2023,14159,153
"Coors Field",2023,19470,148
"Miller Park",2023,23062,156
"Citizens Bank Park",2023,33420,167
"PNC Park",2023,12061,133
"Nationals Park",2023,21438,185
"Angel Stadium of Anaheim",2023,25798,133
"Progressive Field",2023,14524,149
"Kauffman Stadium",2023,13443,150
"Target Field",2023,20790,160
"Yankee Stadium II",2023,40652,185
"Safeco Field",2023,15646,139
"Tropicana Field",2023,11906,151
"Truist Park",2023,37838,162
"Wrigley Field",2023,33636,139
"Great American Ballpark",2023,12626,159
"Coors Field",2023,19546,152
"Miller Park",2023,28262,129
"Citizens Bank Park",2023,41544,212
"PNC Park",2023,18347,141
"Nationals Park",2023,20388,145
"Angel Stadium of Anaheim",2023,26596,153
"Progressive Field",2023,17767,128
"Kauffman Stadium",2023,11898,176
"Target Field",2023,23464,172
"Yankee Stadium II",2023,39455,166
"Safeco Field",2023,14899,159
"Tropicana Field",2023,8699,145
"Truist Park",2023,43216,164
"Wrigley Field",2023,35446,163
"Great American Ballpark",2023,15978,149
"Coors Field",2023,20738,194
"Miller Park",2023,24536,166
"Nationals Park",2023,17524,199
"Comerica Park",2023,15003,165
"Yankee Stadium II",2023,41520,173
"Safeco Field",2023,19268,120
"Tropicana Field",2023,10736,156
"Chase Field",2023,25467,165
"Truist Park",2023,40533,175
"Wrigley Field",2023,31946,161
"Coors Field",2023,30288,166
"Miller Park",2023,30347,162
"Angel Stadium of Anaheim",2023,32130,162
"Oriole Park at Camden Yards",2023,20293,156
"Progressive Field",2023,31303,150
"Comerica Park",2023,21701,161
"Kauffman Stadium",2023,15878,192
"Target Field",2023,25061,166
"Yankee Stadium II",2023,46724,166
"Oakland-Alameda County Coliseum",2023,13345,143
"Safeco Field",2023,32209,157
"Tropicana Field",2023,19715,165
"Chase Field",2023,29142,169
"Truist Park",2023,42665,144
"Wrigley Field",2023,36372,177
"Coors Field",2023,36874,178
"Miller Park",2023,39269,153
"Angel Stadium of Anaheim",2023,38131,213
"Oriole Park at Camden Yards",2023,37939,148
"Progressive Field",2023,32224,181
"Comerica Park",2023,24685,156
"Kauffman Stadium",2023,19130,172
"Target Field",2023,29111,170
"Yankee Stadium II",2023,46963,152
"Oakland-Alameda County Coliseum",2023,9293,161
"Safeco Field",2023,44624,152
"Tropicana Field",2023,23443,166
"Chase Field",2023,26051,163
"Truist Park",2023,43109,172
"Wrigley Field",2023,40551,195
"Coors Field",2023,47471,177
"Miller Park",2023,34581,167
"Angel Stadium of Anaheim",2023,36345,168
"Oriole Park at Camden Yards",2023,25124,150
"Progressive Field",2023,27398,158
"Comerica Park",2023,22644,193
"Kauffman Stadium",2023,18319,155
"Target Field",2023,31025,167
"Yankee Stadium II",2023,47295,162
"Oakland-Alameda County Coliseum",2023,8809,157
"Safeco Field",2023,38219,174
"Tropicana Field",2023,21043,173
"Chase Field",2023,15304,163
"Wrigley Field",2023,38163,125
"Dodger Stadium",2023,47067,130
"Oracle Park",2023,39323,140
"Busch Stadium III",2023,45911,167
"Oriole Park at Camden Yards",2023,25249,139
"Guaranteed Rate Field;U.S. Cellular Field",2023,23599,169
"Comerica Park",2023,19021,155
"Minute Maid Park",2023,40744,176
"Oakland-Alameda County Coliseum",2023,8556,151
"Safeco Field",2023,34154,170
"Chase Field",2023,11146,147
"Wrigley Field",2023,31762,140
"Dodger Stadium",2023,46571,139
"Marlins Park",2023,11930,201
"Citi Field",2023,36236,140
"Oracle Park",2023,24166,164
"Busch Stadium III",2023,38406,139
"Oriole Park at Camden Yards",2023,11709,164
"Fenway Park",2023,31642,192
"Guaranteed Rate Field;U.S. Cellular Field",2023,22135,163
"Comerica Park",2023,14616,161
"Minute Maid Park",2023,34604,150
"Oakland-Alameda County Coliseum",2023,5116,139
"Safeco Field",2023,26846,174
"Rogers Centre",2023,32930,151
"Chase Field",2023,11844,158
"Wrigley Field",2023,29360,173
"Dodger Stadium",2023,36552,169
"Marlins Park",2023,11773,144
"Citi Field",2023,39641,149
"Oracle Park",2023,23827,152
"Oriole Park at Camden Yards",2023,11304,191
"Fenway Park",2023,32593,182
"Guaranteed Rate Field;U.S. Cellular Field",2023,17015,167
"Comerica Park",2023,20968,164
"Minute Maid Park",2023,37127,170
"Oakland-Alameda County Coliseum",2023,6429,139
"Safeco Field",2023,24596,152
"Rogers Centre",2023,42205,164
"Chase Field",2023,16492,173
"Marlins Park",2023,8405,147
"Citi Field",2023,38302,152
"Fenway Park",2023,31204,158
"Minute Maid Park",2023,34037,156
"Target Field",2023,16788,154
"Rogers Centre",2023,42059,140
"Chase Field",2023,27469,131
"Great American Ballpark",2023,44073,211
"Dodger Stadium",2023,52534,146
"Marlins Park",2023,8582,138
"Citi Field",2023,42637,156
"PNC Park",2023,24388,183
"Petco Park",2023,43593,164
"Oracle Park",2023,27873,149
"Nationals Park",2023,29827,198
"Guaranteed Rate Field;U.S. Cellular Field",2023,20229,152
"Minute Maid Park",2023,38692,156
"Kauffman Stadium",2023,23482,161
"Target Field",2023,26818,153
"Globe Life Field in Arlington",2023,31685,125
"Chase Field",2023,36529,164
"Great American Ballpark",2023,25485,178
"Dodger Stadium",2023,52975,158
"Marlins Park",2023,10649,181
"Citi Field",2023,37704,168
"PNC Park",2023,29161,152
"Petco Park",2023,42655,152
"Oracle Park",2023,32416,155
"Nationals Park",2023,30959,144
"Fenway Park",2023,31303,175
"Fenway Park",2023,30784,182
"Guaranteed Rate Field;U.S. Cellular Field",2023,24674,162
"Minute Maid Park",2023,39222,192
"Kauffman Stadium",2023,16492,175
"Target Field",2023,27153,156
"Globe Life Field in Arlington",2023,34435,181
"Chase Field",2023,32401,193
"Great American Ballpark",2023,17780,137
"Dodger Stadium",2023,52816,155
"Marlins Park",2023,12507,156
"Citi Field",2023,42169,167
"PNC Park",2023,22947,134
"Petco Park",2023,44811,150
"Oracle Park",2023,35571,157
"Nationals Park",2023,29546,177
"Fenway Park",2023,34192,157
"Guaranteed Rate Field;U.S. Cellular Field",2023,23372,149
"Minute Maid Park",2023,40831,140
"Kauffman Stadium",2023,13128,151
"Target Field",2023,23629,138
"Globe Life Field in Arlington",2023,36495,171
"Great American Ballpark",2023,13687,131
"Marlins Park",2023,7232,152
"Citizens Bank Park",2023,33196,167
"PNC Park",2023,11566,193
"Petco Park",2023,43629,149
"Fenway Park",2023,30860,155
"Globe Life Field in Arlington",2023,25161,153
"Rogers Centre",2023,23982,181
"Truist Park",2023,37365,158
"Great American Ballpark",2023,22602,186
"Coors Field",2023,29190,208
"Marlins Park",2023,7342,134
"Miller Park",2023,22535,200
"Citizens Bank Park",2023,36664,127
"PNC Park",2023,13691,166
"Petco Park",2023,40395,158
"Nationals Park",2023,24743,178
"Angel Stadium of Anaheim",2023,27716,165
"Progressive Field",2023,21471,171
"Yankee Stadium II",2023,38049,148
"Tropicana Field",2023,14689,127
"Globe Life Field in Arlington",2023,28151,164
"Rogers Centre",2023,30079,143
"Truist Park",2023,40178,174
"Great American Ballpark",2023,19003,147
"Coors Field",2023,24149,167
"Marlins Park",2023,7673,123
"Miller Park",2023,22320,151
"PNC Park",2023,14550,179
"Petco Park",2023,35490,166
"Nationals Park",2023,18180,152
"Angel Stadium of Anaheim",2023,28817,151
"Progressive Field",2023,19444,152
"Tropicana Field",2023,10846,137
"Globe Life Field in Arlington",2023,30251,137
"Rogers Centre",2023,26724,123
"Truist Park",2023,39347,213
"Great American Ballpark",2023,24323,158
"Coors Field",2023,30372,166
"Miller Park",2023,27318,163
"Citizens Bank Park",2023,29028,161
"Angel Stadium of Anaheim",2023,28179,157
"Progressive Field",2023,21473,156
"Yankee Stadium II",2023,0,166
"Yankee Stadium II",2023,40659,147
"Tropicana Field",2023,12584,127
"Rogers Centre",2023,28284,154
"Truist Park",2023,40297,166
"Coors Field",2023,32551,170
"Miller Park",2023,30657,180
"Citizens Bank Park",2023,42364,172
"PNC Park",2023,29429,162
"Oracle Park",2023,34816,156
"Busch Stadium III",2023,43238,156
"Angel Stadium of Anaheim",2023,36064,170
"Oriole Park at Camden Yards",2023,18076,149
"Guaranteed Rate Field;U.S. Cellular Field",2023,21033,147
"Progressive Field",2023,31787,243
"Comerica Park",2023,19664,165
"Yankee Stadium II",2023,46007,148
"Tropicana Field",2023,17447,140
"Rogers Centre",2023,35222,179
"Truist Park",2023,40799,142
"Coors Field",2023,37234,173
"Miller Park",2023,35157,187
"Citizens Bank Park",2023,44385,161
"PNC Park",2023,35290,151
"Oracle Park",2023,35452,133
"Busch Stadium III",2023,45246,167
"Angel Stadium of Anaheim",2023,38454,182
"Oriole Park at Camden Yards",2023,34136,171
"Guaranteed Rate Field;U.S. Cellular Field",2023,25793,175
"Progressive Field",2023,35087,172
"Comerica Park",2023,31607,150
"Yankee Stadium II",2023,46061,149
"Tropicana Field",2023,18932,176
"Rogers Centre",2023,41990,164
"Truist Park",2023,36744,143
"Coors Field",2023,34724,158
"Miller Park",2023,31363,199
"Citizens Bank Park",2023,44287,164
"PNC Park",2023,26770,136
"Oracle Park",2023,36842,186
"Busch Stadium III",2023,42445,163
"Angel Stadium of Anaheim",2023,39405,175
"Oriole Park at Camden Yards",2023,23255,156
"Guaranteed Rate Field;U.S. Cellular Field",2023,20888,157
"Progressive Field",2023,26318,139
"Comerica Park",2023,17956,177
"Yankee Stadium II",2023,46138,171
"Tropicana Field",2023,23069,142
"Rogers Centre",2023,41673,185
"Chase Field",2023,18432,191
"Busch Stadium III",2023,40886,151
"Fenway Park",2023,32227,185
"Comerica Park",2023,18742,187
"Kauffman Stadium",2023,20500,207
"Oakland-Alameda County Coliseum",2023,4848,151
"Safeco Field",2023,23463,134
"Globe Life Field in Arlington",2023,26667,229
"Chase Field",2023,20186,163
"Wrigley Field",2023,33740,161
"Dodger Stadium",2023,45561,148
"Citi Field",2023,43707,199
"Petco Park",2023,40197,138
"Busch Stadium III",2023,40917,197
"Oriole Park at Camden Yards",2023,16018,190
"Fenway Park",2023,31400,209
"Minute Maid Park",2023,39546,150
"Kauffman Stadium",2023,16931,150
"Target Field",2023,34514,173
"Oakland-Alameda County Coliseum",2023,27759,139
"Safeco Field",2023,19510,167
"Globe Life Field in Arlington",2023,25832,175
"Chase Field",2023,20286,174
"Wrigley Field",2023,30832,169
"Dodger Stadium",2023,44442,195
"Citi Field",2023,44121,197
"Petco Park",2023,43660,156
"Busch Stadium III",2023,39165,172
"Oriole Park at Camden Yards",2023,16083,155
"Fenway Park",2023,31977,151
"Comerica Park",2023,0,192
"Comerica Park",2023,24186,142
"Minute Maid Park",2023,39796,144
"Kauffman Stadium",2023,13731,160
"Target Field",2023,32222,143
"Oakland-Alameda County Coliseum",2023,7055,176
"Safeco Field",2023,20498,164
"Globe Life Field in Arlington",2023,25406,159
"Chase Field",2023,23032,175
"Truist Park",2023,38555,153
"Wrigley Field",2023,32881,166
"Dodger Stadium",2023,48655,200
"Petco Park",2023,41864,189
"Oriole Park at Camden Yards",2023,22555,165
"Minute Maid Park",2023,38303,192
"Target Field",2023,27570,151
"Oakland-Alameda County Coliseum",2023,7133,175
"Globe Life Field in Arlington",2023,35092,167
"Chase Field",2023,27203,155
"Truist Park",2023,41214,134
"Wrigley Field",2023,37515,166
"Dodger Stadium",2023,49074,211
"Miller Park",2023,25586,155
"Citi Field",2023,33948,121
"Petco Park",2023,42367,166
"Nationals Park",2023,22379,165
"Fenway Park",2023,37086,173
"Minute Maid Park",2023,38621,141
"Kauffman Stadium",2023,19834,161
"Target Field",2023,27170,140
"Oakland-Alameda County Coliseum",2023,16084,141
"Safeco Field",2023,36061,172
"Globe Life Field in Arlington",2023,34308,148
"Chase Field",2023,25471,143
"Truist Park",2023,41558,151
"Wrigley Field",2023,40605,152
"Dodger Stadium",2023,51385,147
"Miller Park",2023,37283,134
"Citi Field",2023,39143,162
"Petco Park",2023,43180,144
"Nationals Park",2023,33334,157
"Minute Maid Park",2023,40136,172
"Kauffman Stadium",2023,21056,193
"Target Field",2023,26950,126
"Oakland-Alameda County Coliseum",2023,12015,207
"Safeco Field",2023,45188,218
"Globe Life Field in Arlington",2023,39383,157
"Chase Field",2023,42031,186
"Truist Park",2023,41161,181
"Wrigley Field",2023,40121,166
"Dodger Stadium",2023,52307,153
"Miller Park",2023,38073,148
"Citi Field",2023,43110,182
"Petco Park",2023,44404,180
"Nationals Park",2023,25339,141
"Fenway Park",2023,36178,153
"Fenway Park",2023,36787,140
"Minute Maid Park",2023,40573,192
"Kauffman Stadium",2023,24385,151
"Target Field",2023,31221,168
"Oakland-Alameda County Coliseum",2023,24326,155
"Safeco Field",2023,44772,141
"Globe Life Field in Arlington",2023,38515,188
"Great American Ballpark",2023,20334,172
"Marlins Park",2023,12226,162
"Miller Park",2023,24257,147
"PNC Park",2023,23083,176
"Oracle Park",2023,35376,184
"Nationals Park",2023,19997,162
"Guaranteed Rate Field;U.S. Cellular Field",2023,19554,167
"Comerica Park",2023,18438,140
"Minute Maid Park",2023,33185,158
"Target Field",2023,22081,170
"Great American Ballpark",2023,28291,171
"Marlins Park",2023,9809,147
"Miller Park",2023,27048,151
"Citizens Bank Park",2023,37746,166
"PNC Park",2023,20666,153
"Oracle Park",2023,32060,160
"Nationals Park",2023,22223,167
"Angel Stadium of Anaheim",2023,44703,145
"Guaranteed Rate Field;U.S. Cellular Field",2023,21048,175
"Progressive Field",2023,17773,177
"Comerica Park",2023,18409,131
"Minute Maid Park",2023,34606,131
"Target Field",2023,22650,157
"Yankee Stadium II",2023,43130,129
"Tropicana Field",2023,20906,191
"Great American Ballpark",2023,23637,145
"Marlins Park",2023,15701,147
"Miller Park",2023,31397,165
"PNC Park",2023,22522,161
"Oracle Park",2023,33332,168
"Nationals Park",2023,16191,132
"Angel Stadium of Anaheim",2023,44760,150
"Guaranteed Rate Field;U.S. Cellular Field",2023,18963,146
"Progressive Field",2023,17853,165
"Comerica Park",2023,20195,152
"Minute Maid Park",2023,38279,212
"Target Field",2023,23912,173
"Yankee Stadium II",2023,41090,146
"Tropicana Field",2023,19493,155
"Marlins Park",2023,8261,136
"Citizens Bank Park",2023,39570,177
"Oracle Park",2023,38638,139
"Nationals Park",2023,13251,153
"Progressive Field",2023,23969,148
"Target Field",2023,28553,135
"Yankee Stadium II",2023,42440,176
"Tropicana Field",2023,10436,181
"Great American Ballpark",2023,43086,193
"Coors Field",2023,47085,167
"Dodger Stadium",2023,49795,128
"Marlins Park",2023,11843,141
"Citizens Bank Park",2023,35093,164
"Petco Park",2023,42510,149
"Oracle Park",2023,31992,145
"Oriole Park at Camden Yards",2023,16234,176
"Guaranteed Rate Field;U.S. Cellular Field",2023,27015,147
"Progressive Field",2023,30056,142
"Comerica Park",2023,19782,167
"Yankee Stadium II",2023,44822,156
"Tropicana Field",2023,16189,165
"Rogers Centre",2023,34988,147
"Great American Ballpark",2023,43498,189
"Coors Field",2023,45274,173
"Dodger Stadium",2023,49218,171
"Marlins Park",2023,24668,188
"Citizens Bank Park",2023,43586,159
"Petco Park",2023,43364,165
"Oracle Park",2023,34343,159
"London Stadium",2023,54662,160
"Oriole Park at Camden Yards",2023,32884,194
"Guaranteed Rate Field;U.S. Cellular Field",2023,33054,166
"Progressive Field",2023,32349,160
"Comerica Park",2023,24403,179
"Yankee Stadium II",2023,46018,148
"Tropicana Field",2023,20884,138
"Rogers Centre",2023,41720,163
"Great American Ballpark",2023,40140,208
"Coors Field",2023,40213,134
"Dodger Stadium",2023,47273,184
"Marlins Park",2023,21552,127
"Citizens Bank Park",2023,42901,196
"Petco Park",2023,41503,189
"Oracle Park",2023,35766,165
"London Stadium",2023,55565,184
"Oriole Park at Camden Yards",2023,19143,141
"Guaranteed Rate Field;U.S. Cellular Field",2023,26077,156
"Progressive Field",2023,24701,181
"Comerica Park",2023,21585,191
"Yankee Stadium II",2023,46064,169
"Tropicana Field",2023,18442,163
"Rogers Centre",2023,41069,156
"Truist Park",2023,40884,143
"Citi Field",2023,34384,165
"Angel Stadium of Anaheim",2023,28554,137
"Oriole Park at Camden Yards",2023,13077,177
"Safeco Field",2023,23329,162
"Globe Life Field in Arlington",2023,22320,170
"Chase Field",2023,23351,146
"Truist Park",2023,42635,154
"Wrigley Field",2023,37072,144
"Coors Field",2023,38738,151
"Citi Field",2023,35295,161
"PNC Park",2023,16539,162
"Busch Stadium III",2023,41512,146
"Angel Stadium of Anaheim",2023,33637,174
"Oriole Park at Camden Yards",2023,14057,160
"Fenway Park",2023,35327,154
"Kauffman Stadium",2023,15718,146
"Oakland-Alameda County Coliseum",2023,13050,156
"Safeco Field",2023,22671,208
"Globe Life Field in Arlington",2023,22805,152
"Rogers Centre",2023,36004,165
"Chase Field",2023,20858,132
"Truist Park",2023,38260,144
"Wrigley Field",2023,32379,180
"Coors Field",2023,37267,178
"Citi Field",2023,28440,177
"PNC Park",2023,14604,172
"Busch Stadium III",2023,41452,190
"Angel Stadium of Anaheim",2023,29861,165
"Oriole Park at Camden Yards",2023,21152,234
"Fenway Park",2023,34261,157
"Kauffman Stadium",2023,11978,167
"Oakland-Alameda County Coliseum",2023,12479,150
"Safeco Field",2023,26437,145
"Globe Life Field in Arlington",2023,27192,147
"Rogers Centre",2023,36685,131
"Chase Field",2023,22127,156
"Wrigley Field",2023,35090,131
"Coors Field",2023,36667,175
"Citi Field",2023,30282,174
"PNC Park",2023,16871,149
"Busch Stadium III",2023,42504,168
"Angel Stadium of Anaheim",2023,27630,171
"Fenway Park",2023,36559,141
"Kauffman Stadium",2023,12414,167
"Oakland-Alameda County Coliseum",2023,14718,167
"Globe Life Field in Arlington",2023,26977,174
"Rogers Centre",2023,27761,135
"Truist Park",2023,42320,150
"Wrigley Field",2023,32230,156
"Great American Ballpark",2023,31772,201
"Coors Field",2023,47239,145
"Citi Field",2023,30116,167
"Citizens Bank Park",2023,44261,153
"PNC Park",2023,29179,190
"Angel Stadium of Anaheim",2023,34957,167
"Oriole Park at Camden Yards",2023,34792,170
"Kauffman Stadium",2023,22006,177
"Oakland-Alameda County Coliseum",2023,14181,154
"Safeco Field",2023,37063,190
"Globe Life Field in Arlington",2023,39174,146
"Rogers Centre",2023,37218,150
"Truist Park",2023,41889,151
"Wrigley Field",2023,34342,173
"Great American Ballpark",2023,30895,178
"Coors Field",2023,48108,161
"Citi Field",2023,34887,130
"Citizens Bank Park",2023,42784,163
"PNC Park",2023,35246,170
"Busch Stadium III",2023,44237,171
"Busch Stadium III",2023,44846,164
"Angel Stadium of Anaheim",2023,44472,160
"Oriole Park at Camden Yards",2023,40012,140
"Kauffman Stadium",2023,21004,164
"Oakland-Alameda County Coliseum",2023,9235,200
"Safeco Field",2023,35546,159
"Globe Life Field in Arlington",2023,40380,161
"Rogers Centre",2023,41813,186
"Truist Park",2023,40932,152
"Wrigley Field",2023,38392,178
"Great American Ballpark",2023,37714,147
"Coors Field",2023,40145,173
"Citi Field",2023,28473,197
"Citizens Bank Park",2023,41531,151
"PNC Park",2023,21884,159
"Busch Stadium III",2023,44676,157
"Angel Stadium of Anaheim",2023,29167,141
"Oriole Park at Camden Yards",2023,16299,160
"Kauffman Stadium",2023,19058,160
"Oakland-Alameda County Coliseum",2023,12107,176
"Safeco Field",2023,36541,162
"Globe Life Field in Arlington",2023,39580,161
"Rogers Centre",2023,41455,179
"Dodger Stadium",2023,49652,153
"Marlins Park",2023,19638,157
"Miller Park",2023,43209,176
"Petco Park",2023,45101,195
"Oracle Park",2023,40691,154
"Nationals Park",2023,36290,157
"Progressive Field",2023,38106,146
"Target Field",2023,28218,164
"Yankee Stadium II",2023,46015,169
"Globe Life Field in Arlington",2023,38936,184
"Chase Field",2023,41670,181
"Dodger Stadium",2023,51487,194
"Marlins Park",2023,16437,180
"Miller Park",2023,41133,195
"Petco Park",2023,44725,182
"Oracle Park",2023,37395,140
"Nationals Park",2023,30434,181
"Fenway Park",2023,36136,160
"Guaranteed Rate Field;U.S. Cellular Field",2023,32607,163
"Progressive Field",2023,24808,182
"Comerica Park",2023,26749,153
"Minute Maid Park",2023,39533,146
"Target Field",2023,25033,140
"Yankee Stadium II",2023,43876,172
"Tropicana Field",2023,22665,137
"Chase Field",2023,18152,157
"Dodger Stadium",2023,45403,164
"Marlins Park",2023,9911,187
"Miller Park",2023,31285,163
"Petco Park",2023,43401,152
"Oracle Park",2023,24108,146
"Nationals Park",2023,13252,189
"Fenway Park",2023,31568,141
"Progressive Field",2023,23862,176
"Comerica Park",2023,15149,155
"Minute Maid Park",2023,36535,148
"Target Field",2023,19692,137
"Yankee Stadium II",2023,36022,162
"Tropicana Field",2023,18208,160
"Chase Field",2023,18514,157
"Dodger Stadium",2023,42036,133
"Marlins Park",2023,8763,164
"Miller Park",2023,33366,175
"Nationals Park",2023,10064,193
"Fenway Park",2023,33847,194
"Guaranteed Rate Field;U.S. Cellular Field",2023,0,185
"Guaranteed Rate Field;U.S. Cellular Field",2023,20258,153
"Progressive Field",2023,17464,170
"Comerica Park",2023,15133,138
"Minute Maid Park",2023,40562,150
"Yankee Stadium II",2023,39766,189
"Tropicana Field",2023,17060,167
"Chase Field",2023,26837,161
"Dodger Stadium",2023,52214,146
"Marlins Park",2023,13850,141
"Miller Park",2023,30970,177
"Petco Park",2023,42712,207
"Oracle Park",2023,33886,135
"Nationals Park",2023,19322,147
"Fenway Park",2023,31157,141
"Guaranteed Rate Field;U.S. Cellular Field",2023,27569,177
"Progressive Field",2023,29990,111
"Comerica Park",2023,30029,171
"Minute Maid Park",2023,34737,159
"Target Field",2023,32724,176
"Yankee Stadium II",2023,42763,135
"Tropicana Field",2023,25025,139
"Chase Field",2023,31801,154
"Dodger Stadium",2023,53057,154
"Marlins Park",2023,18132,155
"Miller Park",2023,39124,184
"Petco Park",2023,42647,148
"Oracle Park",2023,34568,158
"Nationals Park",2023,29402,132
"Fenway Park",2023,34087,162
"Guaranteed Rate Field;U.S. Cellular Field",2023,26560,148
"Progressive Field",2023,30864,174
"Comerica Park",2023,30621,141
"Minute Maid Park",2023,37112,166
"Target Field",2023,27617,147
"Yankee Stadium II",2023,43507,147
"Tropicana Field",2023,25025,166
"Chase Field",2023,30021,143
"Marlins Park",2023,21159,142
"Miller Park",2023,32848,124
"Petco Park",2023,42745,162
"Oracle Park",2023,36050,116
"Nationals Park",2023,17547,145
"Fenway Park",2023,35460,185
"Guaranteed Rate Field;U.S. Cellular Field",2023,29769,163
"Progressive Field",2023,25911,144
"Comerica Park",2023,30077,173
"Minute Maid Park",2023,39421,148
"Target Field",2023,27100,177
"Yankee Stadium II",2023,43761,186
"Tropicana Field",2023,25025,149
"Truist Park",2023,42782,152
"Wrigley Field",2023,37597,167
"Great American Ballpark",2023,41516,152
"Coors Field",2023,47865,138
"Citi Field",2023,40503,168
"Citizens Bank Park",2023,44028,176
"PNC Park",2023,33813,164
"Busch Stadium III",2023,42042,163
"Angel Stadium of Anaheim",2023,38850,191
"Oriole Park at Camden Yards",2023,23377,153
"Oakland-Alameda County Coliseum",2023,7923,208
"Safeco Field",2023,39014,164
"Globe Life Field in Arlington",2023,33863,171
"Rogers Centre",2023,38617,175
"Truist Park",2023,43344,164
"Wrigley Field",2023,40224,155
"Great American Ballpark",2023,39897,153
"Coors Field",2023,48632,156
"Citi Field",2023,38225,171
"Citizens Bank Park",2023,43712,182
"Citizens Bank Park",2023,33132,190
"PNC Park",2023,34236,145
"Busch Stadium III",2023,41900,178
"Angel Stadium of Anaheim",2023,37523,211
"Oriole Park at Camden Yards",2023,28593,175
"Kauffman Stadium",2023,15428,144
"Kauffman Stadium",2023,18052,140
"Oakland-Alameda County Coliseum",2023,10534,186
"Safeco Field",2023,38683,142
"Globe Life Field in Arlington",2023,37730,148
"Rogers Centre",2023,42328,156
"Truist Park",2023,40174,164
"Wrigley Field",2023,37812,159
"Great American Ballpark",2023,30927,172
"Coors Field",2023,47211,218
"Citi Field",2023,34805,167
"Citizens Bank Park",2023,37204,210
"PNC Park",2023,21642,187
"Busch Stadium III",2023,42626,166
"Angel Stadium of Anaheim",2023,34679,211
"Oriole Park at Camden Yards",2023,30761,164
"Kauffman Stadium",2023,15632,114
"Oakland-Alameda County Coliseum",2023,9335,168
"Safeco Field",2023,32368,131
"Globe Life Field in Arlington",2023,33957,163
"Rogers Centre",2023,41794,189
"Wrigley Field",2023,29383,164
"Great American Ballpark",2023,19229,156
"PNC Park",2023,20080,160
"Busch Stadium III",2023,35619,168
"Angel Stadium of Anaheim",2023,41180,209
"Oriole Park at Camden Yards",2023,21956,171
"Kauffman Stadium",2023,19440,156
"Oakland-Alameda County Coliseum",2023,9987,157
"Safeco Field",2023,25770,178
"Globe Life Field in Arlington",2023,29901,127
"Truist Park",2023,41100,185
"Wrigley Field",2023,28636,170
"Great American Ballpark",2023,26569,210
"Coors Field",2023,43871,157
"Citi Field",2023,37109,208
"Citizens Bank Park",2023,35302,155
"PNC Park",2023,21622,135
"Busch Stadium III",2023,38490,175
"Angel Stadium of Anaheim",2023,41556,136
"Oriole Park at Camden Yards",2023,22775,198
"Kauffman Stadium",2023,18448,148
"Oakland-Alameda County Coliseum",2023,10115,135
"Safeco Field",2023,28141,182
"Globe Life Field in Arlington",2023,34677,157
"Rogers Centre",2023,42680,182
"Truist Park",2023,41992,146
"Wrigley Field",2023,28197,175
"Great American Ballpark",2023,19205,130
"Coors Field",2023,36937,158
"Citi Field",2023,34873,126
"Citizens Bank Park",2023,33753,160
"PNC Park",2023,26541,158
"Busch Stadium III",2023,35906,164
"Angel Stadium of Anaheim",2023,39141,174
"Oriole Park at Camden Yards",2023,22248,157
"Kauffman Stadium",2023,17903,132
"Oakland-Alameda County Coliseum",2023,15023,163
"Safeco Field",2023,25825,162
"Globe Life Field in Arlington",2023,31591,158
"Rogers Centre",2023,42948,167
"Truist Park",2023,38791,149
"Wrigley Field",2023,34251,178
"Great American Ballpark",2023,27829,137
"Citi Field",2023,34751,157
"Citizens Bank Park",2023,38276,143
"Kauffman Stadium",2023,11478,127
"Oakland-Alameda County Coliseum",2023,4757,132
"Safeco Field",2023,29443,155
"Tropicana Field",2023,20203,169
"Rogers Centre",2023,43196,173
"Wrigley Field",2023,38819,168
"Great American Ballpark",2023,31824,186
"Marlins Park",2023,14092,160
"Miller Park",2023,37698,152
"Nationals Park",2023,26062,144
"Angel Stadium of Anaheim",2023,40309,155
"Fenway Park",2023,37035,177
"Progressive Field",2023,38260,174
"Comerica Park",2023,28834,153
"Target Field",2023,31339,140
"Yankee Stadium II",2023,46242,142
"Oakland-Alameda County Coliseum",2023,6810,160
"Safeco Field",2023,42352,177
"Tropicana Field",2023,19703,129
"Globe Life Field in Arlington",2023,39808,201
"Wrigley Field",2023,40425,195
"Great American Ballpark",2023,40625,140
"Marlins Park",2023,15226,155
"Miller Park",2023,39707,152
"Nationals Park",2023,32504,144
"Angel Stadium of Anaheim",2023,37240,166
"Fenway Park",2023,36505,159
"Progressive Field",2023,37937,135
"Comerica Park",2023,31974,167
"Target Field",2023,30894,159
"Yankee Stadium II",2023,44401,153
"Oakland-Alameda County Coliseum",2023,14507,177
"Safeco Field",2023,44921,174
"Tropicana Field",2023,25025,176
"Globe Life Field in Arlington",2023,40738,170
"Wrigley Field",2023,38223,153
"Great American Ballpark",2023,30811,165
"Marlins Park",2023,14613,169
"Miller Park",2023,38605,155
"Nationals Park",2023,23404,148
"Angel Stadium of Anaheim",2023,28385,160
"Fenway Park",2023,35619,172
"Progressive Field",2023,31806,190
"Comerica Park",2023,24523,146
"Target Field",2023,29001,208
"Yankee Stadium II",2023,44130,167
"Oakland-Alameda County Coliseum",2023,11231,156
"Safeco Field",2023,42430,179
"Tropicana Field",2023,23440,168
"Globe Life Field in Arlington",2023,39632,143
"Chase Field",2023,23184,179
"Dodger Stadium",2023,47731,208
"Miller Park",2023,29216,172
"Citizens Bank Park",2023,44043,161
"Petco Park",2023,43419,173
"Nationals Park",2023,17194,175
"Progressive Field",2023,19630,139
"Comerica Park",2023,16907,136
"Minute Maid Park",2023,37973,197
"Target Field",2023,22969,157
"Chase Field",2023,23572,143
"Dodger Stadium",2023,47069,206
"Miller Park",2023,27551,193
"Citizens Bank Park",2023,37200,168
"Petco Park",2023,43448,168
"Oracle Park",2023,40014,140
"Nationals Park",2023,18182,151
"Fenway Park",2023,36663,174
"Guaranteed Rate Field;U.S. Cellular Field",2023,37079,162
"Progressive Field",2023,22177,119
"Comerica Park",2023,24856,175
"Minute Maid Park",2023,40520,140
"Target Field",2023,26824,175
"Yankee Stadium II",2023,46540,191
"Tropicana Field",2023,20508,144
"Chase Field",2023,22457,189
"Dodger Stadium",2023,46667,174
"Miller Park",2023,38596,129
"Citizens Bank Park",2023,40235,141
"Petco Park",2023,41394,142
"Oracle Park",2023,36142,148
"Nationals Park",2023,16893,143
"Fenway Park",2023,37457,149
"Guaranteed Rate Field;U.S. Cellular Field",2023,37214,198
"Progressive Field",2023,26699,187
"Minute Maid Park",2023,40398,178
"Target Field",2023,25728,161
"Yankee Stadium II",2023,46761,152
"Tropicana Field",2023,20971,133
"Citi Field",2023,32834,168
"Busch Stadium III",2023,44584,173
"Guaranteed Rate Field;U.S. Cellular Field",2023,20893,169
"Comerica Park",2023,0,136
"Comerica Park",2023,30238,179
"Chase Field",2023,31697,173
"Truist Park",2023,42502,175
"Coors Field",2023,37262,188
"Dodger Stadium",2023,48280,171
"Marlins Park",2023,15918,159
"Citi Field",2023,25385,157
"PNC Park",2023,34202,158
"Petco Park",2023,44241,158
"Oracle Park",2023,33755,137
"Busch Stadium III",2023,43424,161
"Oriole Park at Camden Yards",2023,34558,155
"Guaranteed Rate Field;U.S. Cellular Field",2023,26654,149
"Minute Maid Park",2023,38592,165
"Kauffman Stadium",2023,23022,197
"Rogers Centre",2023,42106,165
"Chase Field",2023,44472,167
"Truist Park",2023,43276,156
"Coors Field",2023,45085,172
"Dodger Stadium",2023,51015,146
"Marlins Park",2023,32936,158
"Citi Field",2023,30858,184
"PNC Park",2023,38434,183
"Petco Park",2023,42677,155
"Oracle Park",2023,37470,158
"Busch Stadium III",2023,44877,149
"Oriole Park at Camden Yards",2023,42829,189
"Guaranteed Rate Field;U.S. Cellular Field",2023,26299,146
"Minute Maid Park",2023,40004,180
"Kauffman Stadium",2023,20643,193
"Rogers Centre",2023,41997,179
"Chase Field",2023,35295,153
"Truist Park",2023,40262,150
"Coors Field",2023,31789,143
"Dodger Stadium",2023,45936,133
"Marlins Park",2023,18207,175
"Citi Field",2023,33861,153
"PNC Park",2023,34515,180
"Petco Park",2023,42943,188
"Oracle Park",2023,37026,193
"Busch Stadium III",2023,43670,123
"Oriole Park at Camden Yards",2023,37429,184
"Guaranteed Rate Field;U.S. Cellular Field",2023,28096,141
"Minute Maid Park",2023,40357,159
"Kauffman Stadium",2023,13752,145
"Rogers Centre",2023,41810,186
"Truist Park",2023,41173,156
"Wrigley Field",2023,34688,171
"Coors Field",2023,25582,171
"Marlins Park",2023,9808,170
"Oracle Park",2023,28404,175
"Nationals Park",2023,19290,150
"Minute Maid Park",2023,30165,165
"Yankee Stadium II",2023,43613,146
"Safeco Field",2023,32665,165
"Rogers Centre",2023,31122,180
"Truist Park",2023,41777,150
"Wrigley Field",2023,33452,174
"Coors Field",2023,27417,181
"Dodger Stadium",2023,44207,169
"Marlins Park",2023,9600,142
"PNC Park",2023,19427,124
"Oracle Park",2023,25806,142
"Busch Stadium III",2023,37162,155
"Nationals Park",2023,19847,161
"Minute Maid Park",2023,33703,126
"Kauffman Stadium",2023,16140,196
"Yankee Stadium II",2023,38047,158
"Safeco Field",2023,28677,158
"Globe Life Field in Arlington",2023,28988,118
"Rogers Centre",2023,40691,163
"Truist Park",2023,36495,159
"Wrigley Field",2023,33991,175
"Coors Field",2023,28437,176
"Dodger Stadium",2023,47711,149
"Marlins Park",2023,12669,246
"PNC Park",2023,14370,163
"Oracle Park",2023,28956,133
"Busch Stadium III",2023,34332,143
"Nationals Park",2023,17312,140
"Minute Maid Park",2023,37522,163
"Kauffman Stadium",2023,13630,155
"Yankee Stadium II",2023,38740,156
"Safeco Field",2023,37942,169
"Globe Life Field in Arlington",2023,28735,146
"Rogers Centre",2023,36924,154
"Wrigley Field",2023,35615,163
"Dodger Stadium",2023,52624,148
"Marlins Park",2023,16709,139
"Miller Park",2023,25930,158
"Oracle Park",2023,33087,125
"Busch Stadium III",2023,36949,152
"Angel Stadium of Anaheim",2023,37701,157
"Kauffman Stadium",2023,11926,134
"Yankee Stadium II",2023,44019,175
"Globe Life Field in Arlington",2023,29804,147
"Rogers Centre",2023,42672,180
"Wrigley Field",2023,36225,129
"Great American Ballpark",2023,39284,170
"Miller Park",2023,35438,177
"Citizens Bank Park",2023,36510,184
"Petco Park",2023,42930,194
"Busch Stadium III",2023,38559,163
"Angel Stadium of Anaheim",2023,34479,182
"Oriole Park at Camden Yards",2023,29550,187
"Fenway Park",2023,36376,151
"Progressive Field",2023,37056,144
"Comerica Park",2023,26050,149
"Target Field",2023,29408,167
"Yankee Stadium II",2023,42105,184
"Globe Life Field in Arlington",2023,33362,144
"Wrigley Field",2023,40201,190
"Great American Ballpark",2023,41059,150
"Miller Park",2023,35250,179
"Citizens Bank Park",2023,42326,150
"Petco Park",2023,42567,176
"Busch Stadium III",2023,38121,147
"Angel Stadium of Anaheim",2023,35318,171
"Oriole Park at Camden Yards",2023,44326,171
"Fenway Park",2023,36732,167
"Progressive Field",2023,35823,179
"Comerica Park",2023,30939,167
"Target Field",2023,34044,148
"Yankee Stadium II",2023,41411,143
"Oakland-Alameda County Coliseum",2023,37553,154
"Globe Life Field in Arlington",2023,38583,169
"Wrigley Field",2023,39015,172
"Great American Ballpark",2023,26195,187
"Miller Park",2023,33144,150
"Citizens Bank Park",2023,43112,137
"Petco Park",2023,43306,175
"Busch Stadium III",2023,40051,156
"Angel Stadium of Anaheim",2023,29960,174
"Oriole Park at Camden Yards",2023,27100,156
"Fenway Park",2023,36162,168
"Progressive Field",2023,27305,158
"Comerica Park",2023,21824,168
"Target Field",2023,24778,160
"Yankee Stadium II",2023,46345,208
"Oakland-Alameda County Coliseum",2023,27381,184
"Globe Life Field in Arlington",2023,34569,140
"Great American Ballpark",2023,17389,148
"Miller Park",2023,24759,144
"Citi Field",2023,29070,166
"PNC Park",2023,14627,171
"Petco Park",2023,44455,166
"Angel Stadium of Anaheim",2023,32582,170
"Fenway Park",2023,32732,161
"Guaranteed Rate Field;U.S. Cellular Field",2023,27574,160
"Progressive Field",2023,18198,148
"Comerica Park",2023,13779,158
"Oakland-Alameda County Coliseum",2023,4013,162
"Chase Field",2023,29861,179
"Great American Ballpark",2023,26201,148
"Miller Park",2023,25365,167
"Citi Field",2023,29640,149
"Citizens Bank Park",2023,0,153
"Citizens Bank Park",2023,40264,184
"PNC Park",2023,15583,178
"Angel Stadium of Anaheim",2023,31974,156
"Oriole Park at Camden Yards",2023,24761,166
"Fenway Park",2023,30997,167
"Guaranteed Rate Field;U.S. Cellular Field",2023,26446,167
"Progressive Field",2023,19467,134
"Comerica Park",2023,16588,145
"Oakland-Alameda County Coliseum",2023,5419,153
"Safeco Field",2023,40231,145
"Tropicana Field",2023,15522,137
"Chase Field",2023,27485,159
"Great American Ballpark",2023,22352,155
"Miller Park",2023,35173,172
"Citi Field",2023,37527,186
"Citizens Bank Park",2023,30406,129
"PNC Park",2023,17639,195
"Angel Stadium of Anaheim",2023,36980,155
"Oriole Park at Camden Yards",2023,25479,198
"Fenway Park",2023,35495,144
"Guaranteed Rate Field;U.S. Cellular Field",2023,23377,165
"Progressive Field",2023,21227,146
"Comerica Park",2023,16570,175
"Oakland-Alameda County Coliseum",2023,6372,137
"Safeco Field",2023,39546,173
"Tropicana Field",2023,11203,153
"Dodger Stadium",2023,45933,134
"Citizens Bank Park",2023,30113,188
"PNC Park",2023,16550,166
"Oriole Park at Camden Yards",2023,22981,158
"Fenway Park",2023,31952,164
"Progressive Field",2023,23905,180
"Comerica Park",2023,18709,141
"Tropicana Field",2023,11990,129
"Chase Field",2023,26210,186
"Dodger Stadium",2023,49315,167
"Marlins Park",2023,30978,160
"Citi Field",2023,37339,175
"Citizens Bank Park",2023,33071,166
"PNC Park",2023,31523,168
"Oracle Park",2023,35689,139
"Nationals Park",2023,22651,172
"Fenway Park",2023,32647,155
"Guaranteed Rate Field;U.S. Cellular Field",2023,30059,203
"Minute Maid Park",2023,41152,163
"Kauffman Stadium",2023,26271,179
"Safeco Field",2023,36203,140
"Tropicana Field",2023,19625,175
"Rogers Centre",2023,41814,166
"Chase Field",2023,41351,143
"Dodger Stadium",2023,52515,133
"Marlins Park",2023,33980,123
"Citi Field",2023,39859,192
"Citi Field",2023,30254,173
"Citizens Bank Park",2023,40117,180
"Oracle Park",2023,33112,164
"Nationals Park",2023,28635,164
"Fenway Park",2023,35927,183
"Guaranteed Rate Field;U.S. Cellular Field",2023,29851,153
"Minute Maid Park",2023,40311,153
"Kauffman Stadium",2023,37016,161
"Safeco Field",2023,45823,161
"Tropicana Field",2023,25025,174
"Rogers Centre",2023,42585,166
"Chase Field",2023,29277,168
"Dodger Stadium",2023,45904,161
"Marlins Park",2023,35043,188
"Citi Field",2023,30338,183
"Citizens Bank Park",2023,40111,160
"PNC Park",2023,28731,153
"PNC Park",2023,21545,219
"Oracle Park",2023,35648,150
"Nationals Park",2023,19240,189
"Fenway Park",2023,35145,150
"Guaranteed Rate Field;U.S. Cellular Field",2023,24495,161
"Minute Maid Park",2023,40333,169
"Safeco Field",2023,44818,192
"Tropicana Field",2023,22163,170
"Rogers Centre",2023,41960,176
"Truist Park",2023,42717,170
"Coors Field",2023,24157,139
"Marlins Park",2023,13263,157
"Citi Field",2023,23151,178
"Petco Park",2023,38176,136
"Oracle Park",2023,25748,165
"Busch Stadium III",2023,34793,175
"Kauffman Stadium",2023,11878,184
"Globe Life Field in Arlington",2023,27743,159
"Truist Park",2023,40454,138
"Wrigley Field",2023,40389,162
"Great American Ballpark",2023,26290,147
"Coors Field",2023,23644,167
"Dodger Stadium",2023,46050,130
"Marlins Park",2023,12981,167
"Citi Field",2023,35439,192
"Petco Park",2023,35604,175
"Oracle Park",2023,26322,135
"Busch Stadium III",2023,32528,161
"Nationals Park",2023,23516,177
"Kauffman Stadium",2023,12759,204
"Target Field",2023,30150,156
"Globe Life Field in Arlington",2023,26166,158
"Rogers Centre",2023,42615,150
"Truist Park",2023,40743,128
"Wrigley Field",2023,40869,147
"Great American Ballpark",2023,19797,167
"Coors Field",2023,22824,196
"Dodger Stadium",2023,41413,130
"Marlins Park",2023,14795,175
"Citi Field",2023,30049,174
"Petco Park",2023,42318,150
"Oracle Park",2023,27510,145
"Busch Stadium III",2023,33146,156
"Nationals Park",2023,26507,152
"Kauffman Stadium",2023,11091,169
"Target Field",2023,26716,191
"Globe Life Field in Arlington",2023,31004,147
"Rogers Centre",2023,42701,171
"Dodger Stadium",2023,43195,133
"Petco Park",2023,38020,141
"Busch Stadium III",2023,36155,172
"Nationals Park",2023,25445,170
"Kauffman Stadium",2023,10875,159
"Truist Park",2023,40688,152
"Wrigley Field",2023,37936,163
"Great American Ballpark",2023,28504,158
"Coors Field",2023,35249,137
"Dodger Stadium",2023,46053,172
"Petco Park",2023,40945,149
"Busch Stadium III",2023,42076,163
"Nationals Park",2023,26747,162
"Angel Stadium of Anaheim",2023,38297,200
"Progressive Field",2023,0,150
"Progressive Field",2023,31556,164
"Minute Maid Park",2023,38060,154
"Target Field",2023,30687,170
"Yankee Stadium II",2023,44566,166
"Oakland-Alameda County Coliseum",2023,8942,176
"Globe Life Field in Arlington",2023,33797,187
"Truist Park",2023,42744,145
"Wrigley Field",2023,39525,154
"Great American Ballpark",2023,38461,161
"Coors Field",2023,46601,172
"Dodger Stadium",2023,40895,130
"Dodger Stadium",2023,52688,125
"Petco Park",2023,34220,202
"Petco Park",2023,41074,187
"Busch Stadium III",2023,40303,170
"Nationals Park",2023,38853,158
"Angel Stadium of Anaheim",2023,27309,154
"Angel Stadium of Anaheim",2023,33803,172
"Progressive Field",2023,32641,168
"Minute Maid Park",2023,38280,173
"Target Field",2023,23822,185
"Yankee Stadium II",2023,42599,158
"Oakland-Alameda County Coliseum",2023,18213,167
"Globe Life Field in Arlington",2023,39578,165
"Truist Park",2023,40291,191
"Wrigley Field",2023,36949,122
"Great American Ballpark",2023,31529,161
"Coors Field",2023,40151,184
"Busch Stadium III",2023,37470,179
"BB&T Ballpark at Bowman Field",2023,2473,146
"Progressive Field",2023,26824,137
"Minute Maid Park",2023,36642,197
"Target Field",2023,25987,142
"Yankee Stadium II",2023,43946,188
"Oakland-Alameda County Coliseum",2023,16198,163
"Globe Life Field in Arlington",2023,37138,188
"Chase Field",2023,21829,173
"Truist Park",2023,33216,182
"Citizens Bank Park",2023,36274,164
"PNC Park",2023,12270,163
"Petco Park",2023,32192,153
"Guaranteed Rate Field;U.S. Cellular Field",2023,15275,165
"Comerica Park",2023,20560,172
"Minute Maid Park",2023,31590,192
"Oakland-Alameda County Coliseum",2023,3095,161
"Chase Field",2023,19003,170
"Truist Park",2023,36841,172
"Miller Park",2023,38688,153
"Citizens Bank Park",2023,40420,174
"PNC Park",2023,11823,154
"Petco Park",2023,43430,151
"Angel Stadium of Anaheim",2023,26583,150
"Oriole Park at Camden Yards",2023,20612,186
"Guaranteed Rate Field;U.S. Cellular Field",2023,16070,186
"Progressive Field",2023,22173,150
"Comerica Park",2023,21211,170
"Minute Maid Park",2023,33042,173
"Yankee Stadium II",2023,38105,150
"Oakland-Alameda County Coliseum",2023,4021,157
"Tropicana Field",2023,10235,166
"Truist Park",2023,35674,155
"Miller Park",2023,38164,210
"Citizens Bank Park",2023,33035,218
"PNC Park",2023,11504,186
"Petco Park",2023,33640,143
"Angel Stadium of Anaheim",2023,28776,188
"Angel Stadium of Anaheim",2023,24596,189
"Oriole Park at Camden Yards",2023,19132,165
"Guaranteed Rate Field;U.S. Cellular Field",2023,15759,194
"Progressive Field",2023,NA,176
"Comerica Park",2023,21965,160
"Minute Maid Park",2023,37144,217
"Yankee Stadium II",2023,37266,162
"Oakland-Alameda County Coliseum",2023,5075,163
"Tropicana Field",2023,12001,167
"Chase Field",2023,18827,166
"PNC Park",2023,14651,164
"Oriole Park at Camden Yards",2023,19432,132
"Guaranteed Rate Field;U.S. Cellular Field",2023,13247,161
"Progressive Field",2023,23533,165
"Minute Maid Park",2023,35323,191
"Target Field",2023,23333,153
"Yankee Stadium II",2023,39681,174
"Tropicana Field",2023,9972,160
"Chase Field",2023,29500,186
"Marlins Park",2023,12409,170
"Miller Park",2023,33089,165
"Citi Field",2023,38271,186
"Citizens Bank Park",2023,34118,138
"PNC Park",2023,24379,132
"Oracle Park",2023,36511,135
"Oriole Park at Camden Yards",2023,28872,140
"Fenway Park",2023,35653,179
"Guaranteed Rate Field;U.S. Cellular Field",2023,21906,168
"Comerica Park",2023,23832,162
"Target Field",2023,25144,145
"Safeco Field",2023,45175,190
"Tropicana Field",2023,22679,147
"Rogers Centre",2023,40755,163
"Chase Field",2023,34028,215
"Marlins Park",2023,13966,149
"Miller Park",2023,39945,151
"Citi Field",2023,35890,177
"Citizens Bank Park",2023,44097,161
"PNC Park",2023,34782,188
"Oracle Park",2023,36798,161
"Oriole Park at Camden Yards",2023,42535,171
"Fenway Park",2023,35986,179
"Guaranteed Rate Field;U.S. Cellular Field",2023,21508,165
"Comerica Park",2023,27103,181
"Target Field",2023,25843,162
"Safeco Field",2023,41744,148
"Tropicana Field",2023,22943,137
"Rogers Centre",2023,41924,159
"Chase Field",2023,26574,156
"Marlins Park",2023,17216,134
"Miller Park",2023,36528,187
"Citi Field",2023,38341,150
"Citizens Bank Park",2023,41141,162
"PNC Park",2023,19154,160
"Oracle Park",2023,31047,167
"Oriole Park at Camden Yards",2023,30773,144
"Fenway Park",2023,33954,160
"Guaranteed Rate Field;U.S. Cellular Field",2023,20236,156
"Comerica Park",2023,28496,190
"Target Field",2023,24431,250
"Safeco Field",2023,38829,137
"Tropicana Field",2023,22624,165
"Rogers Centre",2023,41978,214
"Wrigley Field",2023,35097,138
"Coors Field",2023,27024,174
"Dodger Stadium",2023,36521,144
"Citi Field",2023,21696,162
"Citizens Bank Park",2023,38142,157
"Oracle Park",2023,24581,145
"Busch Stadium III",2023,35917,165
"Oriole Park at Camden Yards",2023,12325,163
"Fenway Park",2023,33771,201
"Comerica Park",2023,16772,155
"Kauffman Stadium",2023,11610,136
"Target Field",2023,20323,156
"Safeco Field",2023,37434,149
"Rogers Centre",2023,27940,171
"Wrigley Field",2023,33294,150
"Coors Field",2023,25244,156
"Dodger Stadium",2023,42323,150
"Marlins Park",2023,10338,192
"Citi Field",2023,29353,145
"Citizens Bank Park",2023,36096,155
"Oracle Park",2023,26078,135
"Busch Stadium III",2023,36851,171
"Oriole Park at Camden Yards",2023,14903,185
"Fenway Park",2023,30267,177
"Comerica Park",2023,17236,141
"Kauffman Stadium",2023,11233,160
"Target Field",2023,23433,166
"Safeco Field",2023,44280,168
"Rogers Centre",2023,39722,175
"Wrigley Field",2023,31769,151
"Coors Field",2023,27425,155
"Dodger Stadium",2023,50953,162
"Marlins Park",2023,9803,152
"Citi Field",2023,23849,197
"Citizens Bank Park",2023,34655,183
"Oracle Park",2023,25140,152
"Busch Stadium III",2023,32583,158
"Oriole Park at Camden Yards",2023,17723,189
"Fenway Park",2023,31045,186
"Comerica Park",2023,15731,157
"Kauffman Stadium",2023,10592,145
"Target Field",2023,20169,190
"Safeco Field",2023,29247,146
"Rogers Centre",2023,39303,143
"Dodger Stadium",2023,47623,172
"Petco Park",2023,36639,171
"Nationals Park",2023,17428,141
"Comerica Park",2023,19630,168
"Chase Field",2023,18248,160
"Great American Ballpark",2023,21480,165
"Great American Ballpark",2023,27465,172
"Coors Field",2023,27397,190
"Dodger Stadium",2023,52436,173
"Miller Park",2023,32519,154
"Citi Field",2023,33340,158
"Petco Park",2023,40326,170
"Busch Stadium III",2023,33842,162
"Nationals Park",2023,27930,198
"Guaranteed Rate Field;U.S. Cellular Field",2023,15105,163
"Progressive Field",2023,25685,137
"Minute Maid Park",2023,41066,151
"Kauffman Stadium",2023,15470,160
"Oakland-Alameda County Coliseum",2023,12073,171
"Globe Life Field in Arlington",2023,26940,138
"Chase Field",2023,34118,169
"Great American Ballpark",2023,38246,161
"Coors Field",2023,40445,185
"Dodger Stadium",2023,51470,163
"Miller Park",2023,35253,181
"Citi Field",2023,31480,190
"Petco Park",2023,41983,147
"Busch Stadium III",2023,38276,176
"Nationals Park",2023,30389,157
"Guaranteed Rate Field;U.S. Cellular Field",2023,21186,142
"Progressive Field",2023,27788,198
"Minute Maid Park",2023,41427,182
"Kauffman Stadium",2023,20527,176
"Oakland-Alameda County Coliseum",2023,13709,151
"Globe Life Field in Arlington",2023,36555,203
"Chase Field",2023,24284,186
"Great American Ballpark",2023,37029,197
"Coors Field",2023,32283,193
"Dodger Stadium",2023,47499,153
"Miller Park",2023,33473,161
"Citi Field",2023,27764,170
"Petco Park",2023,41050,154
"Busch Stadium III",2023,35856,171
"Nationals Park",2023,26196,173
"Guaranteed Rate Field;U.S. Cellular Field",2023,22246,171
"Progressive Field",2023,25556,191
"Minute Maid Park",2023,41514,164
"Kauffman Stadium",2023,15785,187
"Oakland-Alameda County Coliseum",2023,12425,189
"Globe Life Field in Arlington",2023,35531,186
"Chase Field",2023,18097,138
"Wrigley Field",2023,39452,119
"Great American Ballpark",2023,20994,166
"PNC Park",2023,10831,142
"Petco Park",2023,39719,211
"Angel Stadium of Anaheim",2023,29214,142
"Progressive Field",2023,17359,176
"Kauffman Stadium",2023,10646,159
"Oakland-Alameda County Coliseum",2023,9062,180
"Tropicana Field",2023,18302,159
"Globe Life Field in Arlington",2023,39181,184
"Chase Field",2023,12994,158
"Truist Park",2023,33553,163
"Wrigley Field",2023,28684,191
"Great American Ballpark",2023,17863,197
"Marlins Park",2023,11472,147
"PNC Park",2023,9324,162
"Petco Park",2023,42970,134
"Nationals Park",2023,22897,154
"Angel Stadium of Anaheim",2023,22496,196
"Progressive Field",2023,20224,184
"Kauffman Stadium",2023,10395,150
"Yankee Stadium II",2023,31553,152
"Oakland-Alameda County Coliseum",2023,4751,154
"Tropicana Field",2023,9119,237
"Globe Life Field in Arlington",2023,33678,151
"Chase Field",2023,11044,181
"Truist Park",2023,35514,173
"Wrigley Field",2023,27443,138
"Great American Ballpark",2023,13423,171
"Marlins Park",2023,10591,157
"PNC Park",2023,8594,166
"Petco Park",2023,34317,180
"Nationals Park",2023,24297,155
"Angel Stadium of Anaheim",2023,29021,176
"Progressive Field",2023,16148,148
"Kauffman Stadium",2023,11046,157
"Yankee Stadium II",2023,30673,172
"Oakland-Alameda County Coliseum",2023,3871,139
"Tropicana Field",2023,10100,152
"Globe Life Field in Arlington",2023,36417,165
"Truist Park",2023,34349,165
"Wrigley Field",2023,28814,154
"Marlins Park",2023,12047,160
"Angel Stadium of Anaheim",2023,24288,171
"Yankee Stadium II",2023,32722,163
"Tropicana Field",2023,10060,139
"Truist Park",2023,40452,134
"Wrigley Field",2023,31846,136
"Great American Ballpark",2023,29870,191
"Citizens Bank Park",2023,40190,164
"Oracle Park",2023,32448,173
"Nationals Park",2023,32561,188
"Angel Stadium of Anaheim",2023,34209,178
"Fenway Park",2023,33852,181
"Comerica Park",2023,18483,148
"Minute Maid Park",2023,39516,180
"Target Field",2023,26154,154
"Yankee Stadium II",2023,37115,182
"Tropicana Field",2023,21243,154
"Globe Life Field in Arlington",2023,28203,184
"Rogers Centre",2023,26493,190
"Truist Park",2023,42866,192
"Wrigley Field",2023,40391,192
"Great American Ballpark",2023,40810,183
"Citizens Bank Park",2023,40899,187
"Oracle Park",2023,34290,164
"Nationals Park",2023,34562,195
"Angel Stadium of Anaheim",2023,27233,124
"Fenway Park",2023,34615,220
"Comerica Park",2023,20159,149
"Minute Maid Park",2023,39452,183
"Target Field",2023,30673,158
"Yankee Stadium II",2023,44068,168
"Tropicana Field",2023,18008,166
"Globe Life Field in Arlington",2023,34166,184
"Rogers Centre",2023,41443,140
"Truist Park",2023,39071,145
"Wrigley Field",2023,35431,137
"Great American Ballpark",2023,31190,148
"Citizens Bank Park",2023,40894,182
"Oracle Park",2023,33781,152
"Nationals Park",2023,27546,186
"Angel Stadium of Anaheim",2023,26134,145
"Fenway Park",2023,31295,171
"Comerica Park",2023,18223,155
"Minute Maid Park",2023,41073,169
"Target Field",2023,22890,166
"Yankee Stadium II",2023,41702,213
"Tropicana Field",2023,18230,151
"Globe Life Field in Arlington",2023,26189,163
"Rogers Centre",2023,35275,167
"Coors Field",2023,30620,178
"Dodger Stadium",2023,40072,187
"Miller Park",2023,21792,140
"Citi Field",2023,25230,170
"Citizens Bank Park",2023,30572,188
"Citizens Bank Park",2023,27025,163
"PNC Park",2023,10045,144
"Oracle Park",2023,20705,201
"Oriole Park at Camden Yards",2023,15485,192
"Minute Maid Park",2023,29807,145
"Target Field",2023,18683,191
"Safeco Field",2023,37807,199
"Rogers Centre",2023,23451,174
"Coors Field",2023,32058,175
"Dodger Stadium",2023,42194,156
"Miller Park",2023,26466,148
"Citi Field",2023,33506,173
"Citizens Bank Park",2023,28683,208
"PNC Park",2023,9222,142
"Oracle Park",2023,23541,137
"Oriole Park at Camden Yards",2023,15526,165
"Fenway Park",2023,30029,165
"Fenway Park",2023,30392,219
"Guaranteed Rate Field;U.S. Cellular Field",2023,0,153
"Guaranteed Rate Field;U.S. Cellular Field",2023,14824,193
"Comerica Park",2023,15080,203
"Minute Maid Park",2023,36504,146
"Target Field",2023,24390,142
"Safeco Field",2023,33771,145
"Rogers Centre",2023,30479,159
"Coors Field",2023,32171,164
"Dodger Stadium",2023,41810,147
"Miller Park",2023,24251,155
"Citi Field",2023,22026,165
"Citizens Bank Park",2023,31133,140
"PNC Park",2023,9883,158
"Oracle Park",2023,26218,182
"Oriole Park at Camden Yards",2023,14442,161
"Guaranteed Rate Field;U.S. Cellular Field",2023,15593,159
"Comerica Park",2023,15507,176
"Minute Maid Park",2023,37864,158
"Target Field",2023,18342,172
"Safeco Field",2023,31250,152
"Rogers Centre",2023,25495,147
"Miller Park",2023,26529,153
"Citi Field",2023,22879,158
"PNC Park",2023,10728,110
"Oriole Park at Camden Yards",2023,24835,152
"Fenway Park",2023,30228,168
"Fenway Park",2023,35507,192
"Guaranteed Rate Field;U.S. Cellular Field",2023,13233,153
"Comerica Park",2023,16945,146
"Rogers Centre",2023,37594,198
"Chase Field",2023,32864,134
"Coors Field",2023,38253,146
"Marlins Park",2023,17692,175
"Miller Park",2023,35428,149
"Citi Field",2023,27811,173
"PNC Park",2023,31534,195
"Busch Stadium III",2023,42166,206
"Angel Stadium of Anaheim",2023,37822,156
"Oriole Park at Camden Yards",2023,43359,155
"Guaranteed Rate Field;U.S. Cellular Field",2023,18001,176
"Progressive Field",2023,21043,166
"Kauffman Stadium",2023,15465,177
"Oakland-Alameda County Coliseum",2023,17828,171
"Safeco Field",2023,43823,167
"Rogers Centre",2023,35680,137
"Chase Field",2023,35193,264
"Coors Field",2023,22101,176
"Coors Field",2023,43885,157
"Marlins Park",2023,24329,179
"Miller Park",2023,36212,189
"Citi Field",2023,32633,184
"PNC Park",2023,31922,157
"Busch Stadium III",2023,42817,162
"Angel Stadium of Anaheim",2023,35022,183
"Oriole Park at Camden Yards",2023,38432,134
"Guaranteed Rate Field;U.S. Cellular Field",2023,24964,162
"Progressive Field",2023,25263,157
"Kauffman Stadium",2023,19557,183
"Oakland-Alameda County Coliseum",2023,14876,195
"Safeco Field",2023,45818,208
"Rogers Centre",2023,42276,241
"Chase Field",2023,26307,189
"Coors Field",2023,30619,197
"Marlins Park",2023,22051,174
"Miller Park",2023,31865,195
"Citi Field",2023,38044,173
"PNC Park",2023,29565,142
"Busch Stadium III",2023,40996,146
"Angel Stadium of Anaheim",2023,34943,158
"Oriole Park at Camden Yards",2023,37297,186
"Guaranteed Rate Field;U.S. Cellular Field",2023,17641,151
"Progressive Field",2023,19361,146
"Kauffman Stadium",2023,15311,145
"Oakland-Alameda County Coliseum",2023,8680,170
"Safeco Field",2023,45477,161
"Rogers Centre",2023,41876,163
"Truist Park",2023,39216,151
"Great American Ballpark",2023,15364,133
"Dodger Stadium",2023,37239,163
"Marlins Park",2023,14577,152
"Petco Park",2023,42062,193
"Busch Stadium III",2023,33176,126
"Nationals Park",2023,20977,150
"Minute Maid Park",2023,34456,200
"Kauffman Stadium",2023,9736,150
"Oakland-Alameda County Coliseum",2023,4972,161
"Globe Life Field in Arlington",2023,27375,156
"Chase Field",2023,26093,159
"Truist Park",2023,40695,150
"Wrigley Field",2023,34202,158
"Great American Ballpark",2023,24186,191
"Dodger Stadium",2023,42223,154
"Marlins Park",2023,10897,165
"Petco Park",2023,39809,163
"Busch Stadium III",2023,35760,184
"Nationals Park",2023,23936,133
"Minute Maid Park",2023,35050,191
"Kauffman Stadium",2023,15254,180
"Yankee Stadium II",2023,38525,163
"Oakland-Alameda County Coliseum",2023,6294,172
"Tropicana Field",2023,15176,151
"Globe Life Field in Arlington",2023,26617,175
"Chase Field",2023,16848,150
"Truist Park",2023,38856,186
"Wrigley Field",2023,31491,178
"Great American Ballpark",2023,22306,171
"Dodger Stadium",2023,42635,142
"Marlins Park",2023,12045,184
"Petco Park",2023,35479,146
"Busch Stadium III",2023,37008,144
"Nationals Park",2023,23275,167
"Minute Maid Park",2023,36427,176
"Kauffman Stadium",2023,12162,160
"Yankee Stadium II",2023,35587,171
"Oakland-Alameda County Coliseum",2023,5602,163
"Tropicana Field",2023,15145,188
"Globe Life Field in Arlington",2023,28519,164
"Wrigley Field",2023,31544,182
"Dodger Stadium",2023,43942,158
"Citizens Bank Park",2023,30116,168
"Busch Stadium III",2023,37105,138
"Nationals Park",2023,28100,192
"Progressive Field",2023,25226,191
"Yankee Stadium II",2023,37646,152
"Oakland-Alameda County Coliseum",2023,6160,153
"Tropicana Field",2023,12966,183
"Wrigley Field",2023,32150,158
"Great American Ballpark",2023,37551,214
"Dodger Stadium",2023,52887,160
"Marlins Park",2023,15884,173
"Citizens Bank Park",2023,38795,189
"Petco Park",2023,42983,161
"Nationals Park",2023,36297,181
"Fenway Park",2023,37102,162
"Progressive Field",2023,22567,206
"Minute Maid Park",2023,41033,158
"Target Field",2023,32006,170
"Yankee Stadium II",2023,39143,141
"Oakland-Alameda County Coliseum",2023,8751,162
"Tropicana Field",2023,18538,166
"Globe Life Field in Arlington",2023,35431,159
"Wrigley Field",2023,38608,175
"Great American Ballpark",2023,29680,202
"Dodger Stadium",2023,52704,150
"Marlins Park",2023,23867,155
"Citizens Bank Park",2023,40388,151
"Petco Park",2023,42525,223
"Fenway Park",2023,33392,147
"Progressive Field",2023,28271,143
"Minute Maid Park",2023,41692,165
"Target Field",2023,31403,155
"Oakland-Alameda County Coliseum",2023,9776,158
"Tropicana Field",2023,22655,188
"Globe Life Field in Arlington",2023,36900,148
"Wrigley Field",2023,37060,151
"Great American Ballpark",2023,31191,156
"Dodger Stadium",2023,48315,172
"Marlins Park",2023,17538,166
"Citizens Bank Park",2023,41139,144
"Petco Park",2023,42505,158
"Nationals Park",2023,31989,143
"Nationals Park",2023,34501,177
"Fenway Park",2023,33399,103
"Progressive Field",2023,20287,165
"Minute Maid Park",2023,41438,157
"Target Field",2023,24232,150
"Yankee Stadium II",2023,39018,182
"Oakland-Alameda County Coliseum",2023,13102,154
"Tropicana Field",2023,22472,174
"Globe Life Field in Arlington",2023,35412,182
"Oracle Park",2023,28557,143
"Angel Stadium of Anaheim",2023,25208,161
"Yankee Stadium II",2023,41096,181
"Safeco Field",2023,39920,141
"Truist Park",2023,40151,169
"Coors Field",2023,24648,162
"Coors Field",2023,25133,170
"Miller Park",2023,36755,146
"Citizens Bank Park",2023,32116,169
"Oracle Park",2023,28183,139
"Angel Stadium of Anaheim",2023,26976,157
"Oriole Park at Camden Yards",2023,20823,141
"Fenway Park",2023,34094,178
"Guaranteed Rate Field;U.S. Cellular Field",2023,14339,175
"Progressive Field",2023,29189,191
"Comerica Park",2023,13903,170
"Target Field",2023,22329,170
"Safeco Field",2023,40035,186
"Rogers Centre",2023,40454,147
"Truist Park",2023,37246,171
"Coors Field",2023,26054,173
"Miller Park",2023,31256,161
"Citi Field",2023,0,169
"Citi Field",2023,24966,171
"Citizens Bank Park",2023,31388,159
"Oracle Park",2023,32151,172
"Angel Stadium of Anaheim",2023,30020,155
"Oriole Park at Camden Yards",2023,24278,148
"Fenway Park",2023,34559,146
"Guaranteed Rate Field;U.S. Cellular Field",2023,14790,148
"Progressive Field",2023,28915,147
"Comerica Park",2023,NA,140
"Target Field",2023,20520,180
"Safeco Field",2023,38019,195
"Rogers Centre",2023,31923,133
"Truist Park",2023,40249,163
"Coors Field",2023,30129,159
"Miller Park",2023,29185,143
"Citi Field",2023,31097,131
"Citizens Bank Park",2023,34046,161
"Oriole Park at Camden Yards",2023,27543,150
"Guaranteed Rate Field;U.S. Cellular Field",2023,23522,136
"Comerica Park",2023,13326,156
"Target Field",2023,19466,163
"Safeco Field",2023,43817,154
"Rogers Centre",2023,36657,157
"Chase Field",2023,36133,150
"Truist Park",2023,41481,196
"Coors Field",2023,47272,178
"Miller Park",2023,39216,183
"PNC Park",2023,16387,180
"Oracle Park",2023,38159,145
"Busch Stadium III",2023,38964,165
"Angel Stadium of Anaheim",2023,32333,138
"Oriole Park at Camden Yards",2023,28192,144
"Guaranteed Rate Field;U.S. Cellular Field",2023,20491,184
"Comerica Park",2023,30053,169
"Kauffman Stadium",2023,18374,166
"Safeco Field",2023,45274,169
"Rogers Centre",2023,42394,165
"Chase Field",2023,36789,171
"Truist Park",2023,41652,180
"Coors Field",2023,40264,177
"Miller Park",2023,42652,182
"Citi Field",2023,0,141
"Citi Field",2023,41102,183
"PNC Park",2023,25030,190
"Oracle Park",2023,39253,127
"Busch Stadium III",2023,39923,199
"Angel Stadium of Anaheim",2023,31633,143
"Oriole Park at Camden Yards",2023,43150,174
"Guaranteed Rate Field;U.S. Cellular Field",2023,30118,146
"Comerica Park",2023,40224,182
"Kauffman Stadium",2023,22665,181
"Safeco Field",2023,44694,192
"Rogers Centre",2023,42097,175
"Chase Field",2023,30703,160
"Truist Park",2023,40697,189
"Coors Field",2023,33375,187
"Miller Park",2023,42946,143
"Citi Field",2023,41212,151
"PNC Park",2023,22954,137
"Oracle Park",2023,38359,164
"Busch Stadium III",2023,44614,136
"Angel Stadium of Anaheim",2023,26539,152
"Oriole Park at Camden Yards",2023,36640,164
"Guaranteed Rate Field;U.S. Cellular Field",2023,20588,187
"Comerica Park",2023,41425,148
"Kauffman Stadium",2023,20662,144
"Safeco Field",2023,43997,121
"Rogers Centre",2023,42058,167
"Chase Field",2022,35508,198
"Truist Park",2022,40545,181
"Wrigley Field",2022,35112,198
"Busch Stadium III",2022,46256,188
"Nationals Park",2022,35052,211
"Angel Stadium of Anaheim",2022,44723,195
"Kauffman Stadium",2022,28459,169
"Chase Field",2022,17297,164
"Truist Park",2022,40234,187
"Coors Field",2022,48627,189
"Citizens Bank Park",2022,44232,194
"Oracle Park",2022,40853,206
"Nationals Park",2022,25677,223
"Angel Stadium of Anaheim",2022,42719,224
"Comerica Park",2022,43480,210
"Target Field",2022,35462,173
"Yankee Stadium II",2022,46097,236
"Tropicana Field",2022,25025,194
"Rogers Centre",2022,45022,206
"Chase Field",2022,19504,172
"Truist Park",2022,40310,170
"Wrigley Field",2022,30369,208
"Coors Field",2022,48087,168
"Citizens Bank Park",2022,41622,157
"Oracle Park",2022,38885,177
"Busch Stadium III",2022,45025,212
"Nationals Park",2022,21369,194
"Angel Stadium of Anaheim",2022,36139,182
"Comerica Park",2022,17469,191
"Kauffman Stadium",2022,17103,169
"Target Field",2022,20867,189
"Yankee Stadium II",2022,46882,178
"Tropicana Field",2022,15615,153
"Rogers Centre",2022,43386,159
"Chase Field",2022,19089,195
"Truist Park",2022,38233,194
"Wrigley Field",2022,32858,183
"Coors Field",2022,40825,193
"Citizens Bank Park",2022,33507,177
"Oracle Park",2022,37332,163
"Busch Stadium III",2022,40027,188
"Nationals Park",2022,23158,181
"Angel Stadium of Anaheim",2022,41253,195
"Comerica Park",2022,15712,176
"Kauffman Stadium",2022,20165,189
"Target Field",2022,17018,191
"Yankee Stadium II",2022,40108,220
"Tropicana Field",2022,14100,190
"Rogers Centre",2022,31549,204
"Truist Park",2022,42263,213
"Citizens Bank Park",2022,22317,185
"Oracle Park",2022,23279,210
"Angel Stadium of Anaheim",2022,20480,162
"Oriole Park at Camden Yards",2022,44461,204
"Comerica Park",2022,11840,170
"Kauffman Stadium",2022,8971,217
"Target Field",2022,12932,180
"Yankee Stadium II",2022,26211,183
"Tropicana Field",2022,9139,180
"Globe Life Field in Arlington",2022,35052,241
"Chase Field",2022,17674,200
"Truist Park",2022,31462,217
"Great American Ballpark",2022,43036,210
"Citizens Bank Park",2022,26045,192
"PNC Park",2022,34458,171
"Oracle Park",2022,25560,193
"Busch Stadium III",2022,40398,156
"Angel Stadium of Anaheim",2022,16132,179
"Oriole Park at Camden Yards",2022,11814,218
"Guaranteed Rate Field;U.S. Cellular Field",2022,36948,202
"Comerica Park",2022,15781,169
"Target Field",2022,16732,240
"Yankee Stadium II",2022,25068,187
"Tropicana Field",2022,7588,252
"Globe Life Field in Arlington",2022,15862,189
"Chase Field",2022,12660,230
"Truist Park",2022,31959,177
"Great American Ballpark",2022,10976,187
"Citizens Bank Park",2022,31190,244
"PNC Park",2022,9122,169
"Oracle Park",2022,27197,131
"Oriole Park at Camden Yards",2022,12704,184
"Guaranteed Rate Field;U.S. Cellular Field",2022,12291,174
"Comerica Park",2022,10522,231
"Target Field",2022,17101,154
"Yankee Stadium II",2022,30109,190
"Tropicana Field",2022,8954,182
"Coors Field",2022,24444,182
"Dodger Stadium",2022,52995,190
"Marlins Park",2022,31184,203
"Miller Park",2022,42794,184
"PNC Park",2022,9266,217
"Petco Park",2022,44844,187
"Guaranteed Rate Field;U.S. Cellular Field",2022,13391,181
"Kauffman Stadium",2022,9595,190
"Yankee Stadium II",2022,37255,186
"Tropicana Field",2022,8287,153
"Globe Life Field in Arlington",2022,21440,210
"Coors Field",2022,35450,206
"Dodger Stadium",2022,51891,195
"Marlins Park",2022,11990,195
"Miller Park",2022,26874,190
"Citi Field",2022,43820,204
"PNC Park",2022,13076,194
"Petco Park",2022,41993,202
"Oriole Park at Camden Yards",2022,32197,255
"Fenway Park",2022,36266,213
"Guaranteed Rate Field;U.S. Cellular Field",2022,19009,171
"Progressive Field",2022,33469,176
"Kauffman Stadium",2022,16720,138
"Safeco Field",2022,45023,184
"Globe Life Field in Arlington",2022,28723,212
"Rogers Centre",2022,35415,180
"Coors Field",2022,37476,178
"Dodger Stadium",2022,51059,173
"Marlins Park",2022,13412,203
"Miller Park",2022,26356,175
"Citi Field",2022,37935,192
"PNC Park",2022,8676,205
"Petco Park",2022,36924,177
"Oriole Park at Camden Yards",2022,28179,206
"Fenway Park",2022,34990,165
"Guaranteed Rate Field;U.S. Cellular Field",2022,27113,170
"Progressive Field",2022,13187,199
"Kauffman Stadium",2022,19022,182
"Safeco Field",2022,38504,156
"Globe Life Field in Arlington",2022,34493,190
"Rogers Centre",2022,32330,185
"Coors Field",2022,36391,199
"Dodger Stadium",2022,41167,182
"Marlins Park",2022,11476,212
"Miller Park",2022,23001,231
"Citi Field",2022,24515,179
"PNC Park",2022,8735,200
"Petco Park",2022,37694,174
"Oriole Park at Camden Yards",2022,25938,196
"Fenway Park",2022,28858,171
"Guaranteed Rate Field;U.S. Cellular Field",2022,17798,215
"Progressive Field",2022,9620,177
"Safeco Field",2022,26583,176
"Globe Life Field in Arlington",2022,22650,205
"Rogers Centre",2022,27490,185
"Wrigley Field",2022,26615,163
"Coors Field",2022,20403,173
"Dodger Stadium",2022,52052,194
"Miller Park",2022,21512,164
"Petco Park",2022,31121,170
"Fenway Park",2022,32514,208
"Minute Maid Park",2022,42646,202
"Oakland-Alameda County Coliseum",2022,17503,179
"Wrigley Field",2022,26568,189
"Coors Field",2022,23800,182
"Dodger Stadium",2022,51889,169
"Marlins Park",2022,8475,184
"Miller Park",2022,22747,149
"Citi Field",2022,0,213
"Citi Field",2022,27490,161
"Petco Park",2022,31313,161
"Nationals Park",2022,9261,188
"Nationals Park",2022,11720,151
"Fenway Park",2022,31640,190
"Comerica Park",2022,15498,239
"Minute Maid Park",2022,30212,216
"Kauffman Stadium",2022,10003,186
"Oakland-Alameda County Coliseum",2022,3748,191
"Safeco Field",2022,11067,157
"Wrigley Field",2022,26167,127
"Coors Field",2022,21490,189
"Dodger Stadium",2022,38888,163
"Marlins Park",2022,8655,183
"Miller Park",2022,20790,175
"Citi Field",2022,30050,200
"Petco Park",2022,25359,176
"Nationals Park",2022,15774,192
"Fenway Park",2022,33354,187
"Progressive Field",2022,0,161
"Progressive Field",2022,9196,181
"Comerica Park",2022,17268,186
"Minute Maid Park",2022,29049,188
"Kauffman Stadium",2022,8969,149
"Oakland-Alameda County Coliseum",2022,2703,182
"Safeco Field",2022,9374,176
"Wrigley Field",2022,32341,215
"Marlins Park",2022,9670,163
"Citi Field",2022,28760,155
"Nationals Park",2022,14424,180
"Fenway Park",2022,35792,179
"Progressive Field",2022,8345,187
"Comerica Park",2022,21529,154
"Kauffman Stadium",2022,15540,163
"Oakland-Alameda County Coliseum",2022,4429,170
"Safeco Field",2022,12570,227
"Chase Field",2022,20939,209
"Truist Park",2022,40402,184
"Wrigley Field",2022,25005,188
"Great American Ballpark",2022,20470,199
"Citizens Bank Park",2022,29285,200
"Petco Park",2022,44482,205
"Nationals Park",2022,23751,173
"Angel Stadium of Anaheim",2022,31679,175
"Minute Maid Park",2022,36757,173
"Target Field",2022,14257,184
"Yankee Stadium II",2022,41062,178
"Oakland-Alameda County Coliseum",2022,7012,185
"Safeco Field",2022,24206,162
"Tropicana Field",2022,16902,201
"Chase Field",2022,25413,199
"Truist Park",2022,41931,224
"Wrigley Field",2022,39917,167
"Great American Ballpark",2022,28598,193
"Citizens Bank Park",2022,30612,177
"Petco Park",2022,44444,207
"Nationals Park",2022,27799,168
"Angel Stadium of Anaheim",2022,43883,191
"Comerica Park",2022,37566,182
"Comerica Park",2022,28635,167
"Minute Maid Park",2022,36075,174
"Target Field",2022,16686,212
"Yankee Stadium II",2022,39180,170
"Oakland-Alameda County Coliseum",2022,9120,161
"Safeco Field",2022,28583,246
"Tropicana Field",2022,19137,185
"Chase Field",2022,23570,176
"Truist Park",2022,38440,222
"Wrigley Field",2022,28387,217
"Great American Ballpark",2022,23124,167
"Citizens Bank Park",2022,26175,169
"Petco Park",2022,44930,182
"Nationals Park",2022,26003,199
"Angel Stadium of Anaheim",2022,41984,222
"Comerica Park",2022,20088,175
"Minute Maid Park",2022,39534,225
"Target Field",2022,16197,230
"Yankee Stadium II",2022,39050,163
"Oakland-Alameda County Coliseum",2022,11083,176
"Safeco Field",2022,28548,252
"Tropicana Field",2022,20993,158
"Chase Field",2022,17750,153
"Miller Park",2022,21186,181
"Citizens Bank Park",2022,20130,189
"Busch Stadium III",2022,35455,180
"Angel Stadium of Anaheim",2022,23099,142
"Globe Life Field in Arlington",2022,17420,194
"Rogers Centre",2022,20981,136
"Chase Field",2022,18063,173
"Truist Park",2022,31990,151
"Great American Ballpark",2022,10056,191
"Citizens Bank Park",2022,22300,199
"PNC Park",2022,8493,209
"Oracle Park",2022,32898,181
"Busch Stadium III",2022,32215,212
"Nationals Park",2022,12613,193
"Angel Stadium of Anaheim",2022,22551,154
"Guaranteed Rate Field;U.S. Cellular Field",2022,12031,200
"Target Field",2022,11803,185
"Yankee Stadium II",2022,28596,199
"Tropicana Field",2022,9257,195
"Globe Life Field in Arlington",2022,16469,182
"Rogers Centre",2022,22611,227
"Chase Field",2022,15138,156
"Truist Park",2022,30362,244
"Great American Ballpark",2022,9192,208
"Citizens Bank Park",2022,20127,200
"PNC Park",2022,8331,181
"Oracle Park",2022,32014,180
"Busch Stadium III",2022,34822,209
"Nationals Park",2022,13356,200
"Angel Stadium of Anaheim",2022,28557,192
"Guaranteed Rate Field;U.S. Cellular Field",2022,12363,162
"Target Field",2022,11829,143
"Yankee Stadium II",2022,31122,177
"Tropicana Field",2022,7290,161
"Globe Life Field in Arlington",2022,20399,197
"Rogers Centre",2022,20468,185
"Truist Park",2022,34183,169
"Great American Ballpark",2022,10449,215
"Citizens Bank Park",2022,20098,188
"PNC Park",2022,8332,188
"Busch Stadium III",2022,33464,181
"Nationals Park",2022,12454,166
"Angel Stadium of Anaheim",2022,18826,155
"Guaranteed Rate Field;U.S. Cellular Field",2022,11242,200
"Target Field",2022,19365,189
"Yankee Stadium II",2022,29268,231
"Tropicana Field",2022,6749,184
"Globe Life Field in Arlington",2022,19484,157
"Rogers Centre",2022,23144,162
"Coors Field",2022,30206,205
"Dodger Stadium",2022,49394,163
"Marlins Park",2022,9963,186
"Miller Park",2022,29062,195
"Citi Field",2022,32416,198
"PNC Park",2022,9755,199
"Oracle Park",2022,38256,226
"Busch Stadium III",2022,40753,204
"Oriole Park at Camden Yards",2022,15685,177
"Guaranteed Rate Field;U.S. Cellular Field",2022,23709,199
"Kauffman Stadium",2022,16460,178
"Oakland-Alameda County Coliseum",2022,12910,201
"Tropicana Field",2022,9928,136
"Globe Life Field in Arlington",2022,25829,203
"Rogers Centre",2022,35066,222
"Coors Field",2022,32179,151
"Dodger Stadium",2022,52613,185
"Marlins Park",2022,29010,166
"Miller Park",2022,37263,183
"Citi Field",2022,40036,228
"PNC Park",2022,20483,187
"Oracle Park",2022,33241,200
"Busch Stadium III",2022,40144,158
"Oriole Park at Camden Yards",2022,19927,189
"Guaranteed Rate Field;U.S. Cellular Field",2022,33762,175
"Kauffman Stadium",2022,23965,188
"Oakland-Alameda County Coliseum",2022,6707,162
"Tropicana Field",2022,18846,185
"Globe Life Field in Arlington",2022,36097,136
"Rogers Centre",2022,40732,163
"Coors Field",2022,32574,176
"Dodger Stadium",2022,51172,177
"Marlins Park",2022,16741,202
"Miller Park",2022,35137,163
"Citi Field",2022,30608,200
"PNC Park",2022,8350,182
"Oracle Park",2022,38451,217
"Busch Stadium III",2022,45123,194
"Oriole Park at Camden Yards",2022,19117,199
"Guaranteed Rate Field;U.S. Cellular Field",2022,27664,195
"Kauffman Stadium",2022,19706,203
"Oakland-Alameda County Coliseum",2022,14945,193
"Tropicana Field",2022,14830,173
"Globe Life Field in Arlington",2022,38316,180
"Rogers Centre",2022,31802,172
"Marlins Park",2022,6224,207
"Citi Field",2022,23413,198
"Busch Stadium III",2022,33963,160
"Oriole Park at Camden Yards",2022,7427,176
"Guaranteed Rate Field;U.S. Cellular Field",2022,13112,159
"Minute Maid Park",2022,27321,168
"Oakland-Alameda County Coliseum",2022,2488,157
"Rogers Centre",2022,18577,174
"Wrigley Field",2022,34206,181
"Coors Field",2022,20758,159
"Dodger Stadium",2022,43370,185
"Marlins Park",2022,6263,204
"Miller Park",2022,21961,190
"Citi Field",2022,0,169
"Citi Field",2022,27206,138
"Citizens Bank Park",2022,27788,185
"Oriole Park at Camden Yards",2022,6678,180
"Fenway Park",2022,29793,143
"Minute Maid Park",2022,23796,192
"Kauffman Stadium",2022,18788,167
"Oakland-Alameda County Coliseum",2022,2815,201
"Rogers Centre",2022,22491,177
"Wrigley Field",2022,36755,185
"Coors Field",2022,19387,138
"Dodger Stadium",2022,52203,180
"Marlins Park",2022,7356,205
"Miller Park",2022,25413,226
"Citi Field",2022,23973,208
"Citizens Bank Park",2022,21315,194
"Oriole Park at Camden Yards",2022,7466,163
"Fenway Park",2022,27679,222
"Progressive Field",2022,0,195
"Progressive Field",2022,10244,226
"Comerica Park",2022,0,161
"Comerica Park",2022,15150,187
"Minute Maid Park",2022,24110,181
"Kauffman Stadium",2022,12774,182
"Oakland-Alameda County Coliseum",2022,4838,159
"Rogers Centre",2022,29057,164
"Coors Field",2022,30139,205
"Miller Park",2022,21715,185
"Citizens Bank Park",2022,24040,195
"Petco Park",2022,31034,170
"Oracle Park",2022,22562,181
"Oriole Park at Camden Yards",2022,8652,183
"Fenway Park",2022,29476,175
"Progressive Field",2022,9104,183
"Minute Maid Park",2022,24116,175
"Safeco Field",2022,17027,170
"Chase Field",2022,18551,167
"Truist Park",2022,36307,195
"Petco Park",2022,37585,199
"Oracle Park",2022,28898,172
"Angel Stadium of Anaheim",2022,41923,148
"Fenway Park",2022,30944,209
"Minute Maid Park",2022,38020,186
"Target Field",2022,17509,164
"Safeco Field",2022,26154,234
"Chase Field",2022,24133,199
"Truist Park",2022,37857,177
"Wrigley Field",2022,37594,163
"Wrigley Field",2022,31520,185
"Great American Ballpark",2022,9267,189
"Great American Ballpark",2022,21448,226
"Petco Park",2022,34709,174
"Oracle Park",2022,40113,202
"Angel Stadium of Anaheim",2022,30666,182
"Fenway Park",2022,33026,222
"Progressive Field",2022,0,203
"Progressive Field",2022,16819,175
"Minute Maid Park",2022,34109,181
"Target Field",2022,22272,175
"Safeco Field",2022,31589,181
"Chase Field",2022,19323,164
"Truist Park",2022,36551,172
"Wrigley Field",2022,31424,177
"Great American Ballpark",2022,17623,181
"Citizens Bank Park",2022,0,178
"Citizens Bank Park",2022,37133,195
"Petco Park",2022,37937,187
"Oracle Park",2022,38193,188
"Angel Stadium of Anaheim",2022,32337,206
"Oriole Park at Camden Yards",2022,0,197
"Oriole Park at Camden Yards",2022,19893,163
"Fenway Park",2022,28602,201
"Progressive Field",2022,14787,182
"Minute Maid Park",2022,36934,164
"Target Field",2022,14295,199
"Yankee Stadium II",2022,0,174
"Yankee Stadium II",2022,40714,187
"Safeco Field",2022,32501,184
"Chase Field",2022,11571,170
"Great American Ballpark",2022,10046,198
"PNC Park",2022,8527,161
"Petco Park",2022,41595,179
"Oracle Park",2022,20039,195
"Angel Stadium of Anaheim",2022,19537,182
"Oriole Park at Camden Yards",2022,9438,173
"Guaranteed Rate Field;U.S. Cellular Field",2022,17168,253
"Comerica Park",2022,12674,169
"Yankee Stadium II",2022,34866,161
"Safeco Field",2022,15881,181
"Chase Field",2022,8855,197
"Truist Park",2022,38378,227
"Great American Ballpark",2022,10445,230
"PNC Park",2022,11583,182
"Petco Park",2022,31047,188
"Oracle Park",2022,21472,190
"Busch Stadium III",2022,33649,173
"Nationals Park",2022,21955,188
"Angel Stadium of Anaheim",2022,39313,139
"Guaranteed Rate Field;U.S. Cellular Field",2022,16025,163
"Comerica Park",2022,0,176
"Comerica Park",2022,13844,179
"Target Field",2022,16156,190
"Yankee Stadium II",2022,41522,219
"Safeco Field",2022,16422,216
"Globe Life Field in Arlington",2022,15407,181
"Chase Field",2022,9058,178
"Truist Park",2022,37200,191
"Great American Ballpark",2022,11851,206
"PNC Park",2022,11105,200
"Petco Park",2022,29344,206
"Oracle Park",2022,23341,194
"Busch Stadium III",2022,34533,178
"Nationals Park",2022,19715,185
"Angel Stadium of Anaheim",2022,21045,197
"Comerica Park",2022,15375,184
"Target Field",2022,NA,213
"Yankee Stadium II",2022,42105,170
"Safeco Field",2022,16387,191
"Globe Life Field in Arlington",2022,15561,175
"Dodger Stadium",2022,46539,209
"PNC Park",2022,9470,172
"Busch Stadium III",2022,35198,185
"Nationals Park",2022,21213,165
"Guaranteed Rate Field;U.S. Cellular Field",2022,20050,236
"Comerica Park",2022,17565,177
"Target Field",2022,16918,200
"Globe Life Field in Arlington",2022,14994,172
"Chase Field",2022,21765,176
"Truist Park",2022,40635,222
"Coors Field",2022,35176,233
"Dodger Stadium",2022,50712,258
"Marlins Park",2022,9110,173
"Citi Field",2022,36629,176
"PNC Park",2022,12588,182
"Busch Stadium III",2022,39612,186
"Nationals Park",2022,18433,165
"Guaranteed Rate Field;U.S. Cellular Field",2022,28877,201
"Comerica Park",2022,23941,190
"Target Field",2022,18711,206
"Oakland-Alameda County Coliseum",2022,13992,150
"Tropicana Field",2022,10169,169
"Globe Life Field in Arlington",2022,28324,166
"Chase Field",2022,25169,202
"Truist Park",2022,40490,175
"Coors Field",2022,40534,159
"Dodger Stadium",2022,50279,158
"Marlins Park",2022,12941,210
"Citi Field",2022,37140,210
"PNC Park",2022,12959,174
"Busch Stadium III",2022,44537,185
"Nationals Park",2022,22949,207
"Guaranteed Rate Field;U.S. Cellular Field",2022,32830,207
"Comerica Park",2022,28016,149
"Target Field",2022,22939,211
"Oakland-Alameda County Coliseum",2022,12719,198
"Oakland-Alameda County Coliseum",2022,7737,167
"Tropicana Field",2022,15195,183
"Globe Life Field in Arlington",2022,34462,203
"Chase Field",2022,23309,185
"Truist Park",2022,40114,213
"Coors Field",2022,34505,203
"Dodger Stadium",2022,51869,213
"Marlins Park",2022,11729,213
"Citi Field",2022,38476,202
"PNC Park",2022,10559,154
"Busch Stadium III",2022,39703,185
"Nationals Park",2022,25915,187
"Guaranteed Rate Field;U.S. Cellular Field",2022,29500,152
"Comerica Park",2022,20080,180
"Target Field",2022,19850,158
"Oakland-Alameda County Coliseum",2022,14668,209
"Tropicana Field",2022,20986,167
"Globe Life Field in Arlington",2022,27607,177
"Wrigley Field",2022,31119,149
"Coors Field",2022,23180,203
"Dodger Stadium",2022,42650,176
"Marlins Park",2022,6601,181
"Miller Park",2022,25880,151
"Oriole Park at Camden Yards",2022,12228,179
"Fenway Park",2022,29706,187
"Kauffman Stadium",2022,12441,185
"Oakland-Alameda County Coliseum",2022,3138,174
"Tropicana Field",2022,11532,163
"Globe Life Field in Arlington",2022,15110,171
"Rogers Centre",2022,28207,203
"Wrigley Field",2022,30478,158
"Coors Field",2022,25735,220
"Dodger Stadium",2022,42089,190
"Dodger Stadium",2022,46850,165
"Marlins Park",2022,8097,208
"Miller Park",2022,28910,194
"Citi Field",2022,0,174
"Citi Field",2022,27457,222
"Citizens Bank Park",2022,29200,173
"Oriole Park at Camden Yards",2022,12635,186
"Fenway Park",2022,27328,192
"Progressive Field",2022,12916,202
"Kauffman Stadium",2022,9168,190
"Kauffman Stadium",2022,11684,155
"Oakland-Alameda County Coliseum",2022,3640,200
"Tropicana Field",2022,8475,158
"Globe Life Field in Arlington",2022,17727,238
"Rogers Centre",2022,22988,140
"Wrigley Field",2022,31631,182
"Coors Field",2022,26713,162
"Dodger Stadium",2022,35643,181
"Marlins Park",2022,7566,236
"Miller Park",2022,27014,243
"Citi Field",2022,32798,209
"Citizens Bank Park",2022,27655,164
"Oriole Park at Camden Yards",2022,13850,154
"Fenway Park",2022,31717,158
"Kauffman Stadium",2022,13504,191
"Oakland-Alameda County Coliseum",2022,7106,205
"Tropicana Field",2022,9706,175
"Globe Life Field in Arlington",2022,20366,203
"Rogers Centre",2022,20472,167
"Wrigley Field",2022,32631,190
"Citi Field",2022,28801,221
"Citizens Bank Park",2022,30146,211
"Oriole Park at Camden Yards",2022,23819,241
"Fenway Park",2022,29783,218
"Progressive Field",2022,8510,168
"Minute Maid Park",2022,34593,190
"Kauffman Stadium",2022,11784,227
"Wrigley Field",2022,31235,186
"Marlins Park",2022,9776,212
"Miller Park",2022,29609,166
"Citizens Bank Park",2022,30025,224
"PNC Park",2022,14034,218
"Oracle Park",2022,31359,203
"Angel Stadium of Anaheim",2022,32422,204
"Oriole Park at Camden Yards",2022,15127,262
"Fenway Park",2022,30842,174
"Progressive Field",2022,23874,158
"Minute Maid Park",2022,35294,177
"Kauffman Stadium",2022,25337,202
"Rogers Centre",2022,29300,162
"Wrigley Field",2022,32269,222
"Coors Field",2022,20737,175
"Coors Field",2022,25783,178
"Marlins Park",2022,13264,208
"Miller Park",2022,34837,193
"Citizens Bank Park",2022,32068,237
"PNC Park",2022,24644,199
"Oracle Park",2022,38916,185
"Angel Stadium of Anaheim",2022,39045,192
"Oriole Park at Camden Yards",2022,17573,173
"Fenway Park",2022,34832,179
"Minute Maid Park",2022,37187,172
"Kauffman Stadium",2022,17893,174
"Yankee Stadium II",2022,44001,220
"Rogers Centre",2022,39393,139
"Wrigley Field",2022,32606,163
"Coors Field",2022,35248,154
"Marlins Park",2022,17908,162
"Miller Park",2022,39822,183
"Citizens Bank Park",2022,34021,209
"PNC Park",2022,13510,199
"Oracle Park",2022,35363,177
"Angel Stadium of Anaheim",2022,40042,169
"Oriole Park at Camden Yards",2022,23778,271
"Fenway Park",2022,33896,198
"Progressive Field",2022,15554,166
"Minute Maid Park",2022,38745,190
"Kauffman Stadium",2022,15482,217
"Yankee Stadium II",2022,0,189
"Yankee Stadium II",2022,36167,171
"Rogers Centre",2022,42323,197
"Chase Field",2022,14629,216
"Truist Park",2022,41762,217
"Great American Ballpark",2022,12029,196
"PNC Park",2022,8376,185
"Petco Park",2022,31504,234
"Oracle Park",2022,25690,171
"Busch Stadium III",2022,36033,201
"Nationals Park",2022,22423,172
"Minute Maid Park",2022,28284,182
"Target Field",2022,16361,175
"Yankee Stadium II",2022,32187,170
"Safeco Field",2022,14415,204
"Chase Field",2022,12616,189
"Truist Park",2022,32274,238
"Great American Ballpark",2022,14386,192
"PNC Park",2022,9009,201
"Petco Park",2022,39834,194
"Oracle Park",2022,27683,230
"Busch Stadium III",2022,33797,210
"Nationals Park",2022,22418,199
"Angel Stadium of Anaheim",2022,23791,150
"Guaranteed Rate Field;U.S. Cellular Field",2022,21835,221
"Minute Maid Park",2022,26621,165
"Target Field",2022,17882,173
"Yankee Stadium II",2022,32289,216
"Safeco Field",2022,14797,205
"Tropicana Field",2022,9006,146
"Truist Park",2022,29339,210
"Great American Ballpark",2022,11417,184
"PNC Park",2022,10014,200
"Petco Park",2022,27831,185
"Oracle Park",2022,27432,164
"Nationals Park",2022,23341,173
"Angel Stadium of Anaheim",2022,22950,169
"Guaranteed Rate Field;U.S. Cellular Field",2022,21075,178
"Minute Maid Park",2022,25412,180
"Target Field",2022,20375,225
"Yankee Stadium II",2022,39154,187
"Safeco Field",2022,15856,190
"Tropicana Field",2022,7520,185
"Chase Field",2022,17057,201
"Truist Park",2022,33188,163
"Great American Ballpark",2022,13578,190
"Busch Stadium III",2022,35107,201
"Nationals Park",2022,16264,160
"Angel Stadium of Anaheim",2022,28228,176
"Guaranteed Rate Field;U.S. Cellular Field",2022,24896,242
"Comerica Park",2022,12764,172
"Target Field",2022,17657,185
"Oakland-Alameda County Coliseum",2022,3203,164
"Tropicana Field",2022,14610,169
"Chase Field",2022,24865,191
"Truist Park",2022,40064,182
"Great American Ballpark",2022,19000,196
"Citi Field",2022,30175,221
"Petco Park",2022,41898,176
"Busch Stadium III",2022,39077,174
"Angel Stadium of Anaheim",2022,44641,185
"Fenway Park",2022,29251,218
"Target Field",2022,21841,220
"Oakland-Alameda County Coliseum",2022,5010,174
"Safeco Field",2022,26017,165
"Tropicana Field",2022,19018,143
"Chase Field",2022,30819,192
"Truist Park",2022,40682,168
"Great American Ballpark",2022,26655,180
"Citi Field",2022,37455,189
"Petco Park",2022,38189,223
"Busch Stadium III",2022,45594,165
"Nationals Park",2022,20294,217
"Nationals Park",2022,26535,173
"Angel Stadium of Anaheim",2022,34005,225
"Fenway Park",2022,26912,178
"Fenway Park",2022,28491,189
"Guaranteed Rate Field;U.S. Cellular Field",2022,37820,183
"Comerica Park",2022,26134,170
"Target Field",2022,22249,192
"Oakland-Alameda County Coliseum",2022,6502,195
"Safeco Field",2022,24007,181
"Tropicana Field",2022,25025,167
"Chase Field",2022,30482,167
"Truist Park",2022,39669,189
"Great American Ballpark",2022,20439,190
"Citi Field",2022,36513,231
"Petco Park",2022,44395,170
"Busch Stadium III",2022,44169,168
"Nationals Park",2022,25225,193
"Angel Stadium of Anaheim",2022,36568,253
"Fenway Park",2022,35715,207
"Guaranteed Rate Field;U.S. Cellular Field",2022,38080,234
"Comerica Park",2022,19990,157
"Target Field",2022,27195,185
"Oakland-Alameda County Coliseum",2022,8342,218
"Safeco Field",2022,28986,180
"Tropicana Field",2022,25025,155
"Chase Field",2022,20735,173
"Wrigley Field",2022,39305,197
"Wrigley Field",2022,28620,172
"Coors Field",2022,40275,176
"Dodger Stadium",2022,46724,198
"Citi Field",2022,22007,209
"Citizens Bank Park",2022,26650,193
"Busch Stadium III",2022,42140,213
"Fenway Park",2022,24809,185
"Progressive Field",2022,15271,169
"Comerica Park",2022,15191,184
"Oakland-Alameda County Coliseum",2022,8753,178
"Globe Life Field in Arlington",2022,25605,201
"Chase Field",2022,12686,215
"Wrigley Field",2022,30596,213
"Dodger Stadium",2022,52686,189
"Citi Field",2022,25263,211
"Citizens Bank Park",2022,20927,292
"Busch Stadium III",2022,33418,217
"Oriole Park at Camden Yards",2022,8074,171
"Fenway Park",2022,28577,184
"Progressive Field",2022,10519,170
"Comerica Park",2022,11756,166
"Comerica Park",2022,12122,149
"Yankee Stadium II",2022,31242,174
"Oakland-Alameda County Coliseum",2022,3469,203
"Globe Life Field in Arlington",2022,16317,141
"Rogers Centre",2022,25424,204
"Chase Field",2022,12370,179
"Wrigley Field",2022,33398,183
"Coors Field",2022,0,180
"Coors Field",2022,22719,254
"Dodger Stadium",2022,39324,208
"Citi Field",2022,25417,182
"Citizens Bank Park",2022,22213,182
"Busch Stadium III",2022,34268,163
"Oriole Park at Camden Yards",2022,8400,187
"Fenway Park",2022,30219,160
"Progressive Field",2022,12895,168
"Comerica Park",2022,13211,133
"Oakland-Alameda County Coliseum",2022,5189,187
"Globe Life Field in Arlington",2022,20634,241
"Rogers Centre",2022,23312,194
"Wrigley Field",2022,30466,184
"Great American Ballpark",2022,12799,160
"Coors Field",2022,26594,178
"Dodger Stadium",2022,48018,174
"Marlins Park",2022,8202,154
"Miller Park",2022,21451,200
"Oriole Park at Camden Yards",2022,8817,240
"Comerica Park",2022,17972,158
"Yankee Stadium II",2022,30518,187
"Yankee Stadium II",2022,33476,188
"Globe Life Field in Arlington",2022,17097,184
"Rogers Centre",2022,25250,185
"Wrigley Field",2022,32482,194
"Great American Ballpark",2022,19032,189
"Coors Field",2022,37336,212
"Dodger Stadium",2022,52505,175
"Marlins Park",2022,6512,190
"Miller Park",2022,30019,183
"Citizens Bank Park",2022,28721,161
"PNC Park",2022,16444,195
"Oriole Park at Camden Yards",2022,15456,172
"Kauffman Stadium",2022,22516,168
"Yankee Stadium II",2022,42026,159
"Oakland-Alameda County Coliseum",2022,17852,195
"Tropicana Field",2022,8930,189
"Globe Life Field in Arlington",2022,25378,171
"Rogers Centre",2022,27753,182
"Wrigley Field",2022,32792,185
"Wrigley Field",2022,31673,251
"Great American Ballpark",2022,23128,224
"Coors Field",2022,41054,214
"Dodger Stadium",2022,50165,213
"Marlins Park",2022,7515,174
"Miller Park",2022,37376,163
"Citizens Bank Park",2022,36313,185
"PNC Park",2022,19149,166
"Oriole Park at Camden Yards",2022,17183,153
"Kauffman Stadium",2022,14686,190
"Yankee Stadium II",2022,38106,148
"Oakland-Alameda County Coliseum",2022,14796,187
"Tropicana Field",2022,19452,183
"Globe Life Field in Arlington",2022,28794,150
"Rogers Centre",2022,36987,181
"Wrigley Field",2022,31424,224
"Great American Ballpark",2022,16380,202
"Coors Field",2022,39409,213
"Dodger Stadium",2022,48672,239
"Marlins Park",2022,9641,190
"Miller Park",2022,32285,210
"Citizens Bank Park",2022,34801,237
"PNC Park",2022,11796,176
"Oriole Park at Camden Yards",2022,14815,178
"Kauffman Stadium",2022,12776,210
"Yankee Stadium II",2022,38030,204
"Oakland-Alameda County Coliseum",2022,12084,181
"Tropicana Field",2022,11162,198
"Globe Life Field in Arlington",2022,27427,219
"Rogers Centre",2022,34088,200
"Great American Ballpark",2022,9485,133
"Petco Park",2022,34858,223
"Angel Stadium of Anaheim",2022,29395,152
"Minute Maid Park",2022,27521,226
"Kauffman Stadium",2022,10889,170
"Truist Park",2022,33981,139
"Great American Ballpark",2022,11512,192
"Marlins Park",2022,7112,177
"Miller Park",2022,27109,180
"PNC Park",2022,10214,170
"Petco Park",2022,31796,168
"Oracle Park",2022,24785,193
"Angel Stadium of Anaheim",2022,27627,236
"Oriole Park at Camden Yards",2022,11509,173
"Guaranteed Rate Field;U.S. Cellular Field",2022,25625,169
"Progressive Field",2022,0,160
"Progressive Field",2022,10763,190
"Minute Maid Park",2022,30583,199
"Kauffman Stadium",2022,15103,189
"Target Field",2022,27643,230
"Tropicana Field",2022,10905,193
"Truist Park",2022,42075,167
"Great American Ballpark",2022,11957,198
"Marlins Park",2022,7193,209
"Miller Park",2022,29353,170
"PNC Park",2022,11723,177
"Petco Park",2022,40992,178
"Oracle Park",2022,21535,169
"Angel Stadium of Anaheim",2022,26587,189
"Guaranteed Rate Field;U.S. Cellular Field",2022,25078,156
"Progressive Field",2022,10965,127
"Minute Maid Park",2022,23752,189
"Kauffman Stadium",2022,12196,206
"Target Field",2022,22286,180
"Tropicana Field",2022,12906,191
"Truist Park",2022,39336,146
"Great American Ballpark",2022,13167,209
"Marlins Park",2022,9108,189
"Miller Park",2022,27306,241
"Oracle Park",2022,23780,176
"Angel Stadium of Anaheim",2022,28595,189
"Guaranteed Rate Field;U.S. Cellular Field",2022,25482,253
"Progressive Field",2022,12995,203
"Kauffman Stadium",2022,15594,197
"Target Field",2022,26646,212
"Tropicana Field",2022,14892,114
"Truist Park",2022,41404,184
"Citizens Bank Park",2022,37423,204
"Petco Park",2022,35207,184
"Oracle Park",2022,39701,165
"Busch Stadium III",2022,45009,167
"Nationals Park",2022,26111,195
"Angel Stadium of Anaheim",2022,31499,201
"Guaranteed Rate Field;U.S. Cellular Field",2022,24270,179
"Progressive Field",2022,21311,170
"Comerica Park",2022,26226,170
"Minute Maid Park",2022,34163,229
"Kauffman Stadium",2022,17650,175
"Target Field",2022,23761,178
"Yankee Stadium II",2022,43446,256
"Safeco Field",2022,27314,228
"Truist Park",2022,41219,162
"Citizens Bank Park",2022,30820,176
"Petco Park",2022,31415,183
"Petco Park",2022,30040,200
"Oracle Park",2022,41236,212
"Busch Stadium III",2022,43832,190
"Nationals Park",2022,25265,182
"Angel Stadium of Anaheim",2022,36408,201
"Guaranteed Rate Field;U.S. Cellular Field",2022,30221,243
"Progressive Field",2022,22674,188
"Comerica Park",2022,30738,171
"Minute Maid Park",2022,31379,192
"Kauffman Stadium",2022,15134,183
"Target Field",2022,22741,210
"Yankee Stadium II",2022,38043,168
"Safeco Field",2022,37691,217
"Truist Park",2022,35446,168
"Citizens Bank Park",2022,41218,230
"Petco Park",2022,41754,161
"Oracle Park",2022,41197,176
"Busch Stadium III",2022,43083,192
"Nationals Park",2022,22549,191
"Angel Stadium of Anaheim",2022,36598,191
"Guaranteed Rate Field;U.S. Cellular Field",2022,31096,257
"Progressive Field",2022,17776,151
"Comerica Park",2022,29399,163
"Minute Maid Park",2022,29341,201
"Kauffman Stadium",2022,15037,222
"Target Field",2022,25350,197
"Yankee Stadium II",2022,39114,203
"Safeco Field",2022,42900,172
"Chase Field",2022,13735,200
"Wrigley Field",2022,31629,165
"Citizens Bank Park",2022,22701,179
"Oracle Park",2022,22185,168
"Busch Stadium III",2022,37398,187
"Nationals Park",2022,20571,195
"Comerica Park",2022,16634,200
"Safeco Field",2022,12749,190
"Globe Life Field in Arlington",2022,29805,198
"Rogers Centre",2022,19716,197
"Chase Field",2022,15081,221
"Wrigley Field",2022,29233,193
"Coors Field",2022,28377,182
"Dodger Stadium",2022,51013,178
"Citi Field",2022,28495,159
"Citizens Bank Park",2022,28073,234
"Oracle Park",2022,24386,180
"Busch Stadium III",2022,31193,176
"Busch Stadium III",2022,33977,168
"Nationals Park",2022,24490,194
"Fenway Park",2022,32617,163
"Comerica Park",2022,16450,200
"Yankee Stadium II",2022,35692,183
"Safeco Field",2022,13019,156
"Globe Life Field in Arlington",2022,29370,160
"Rogers Centre",2022,23106,192
"Chase Field",2022,14917,170
"Wrigley Field",2022,31570,226
"Coors Field",2022,23838,182
"Dodger Stadium",2022,50812,170
"Citi Field",2022,25422,191
"Citizens Bank Park",2022,24726,192
"Oracle Park",2022,25527,172
"Busch Stadium III",2022,38658,194
"Nationals Park",2022,21153,207
"Fenway Park",2022,31877,188
"Comerica Park",2022,20726,171
"Yankee Stadium II",2022,35104,178
"Safeco Field",2022,15329,180
"Globe Life Field in Arlington",2022,24992,165
"Rogers Centre",2022,19961,173
"Wrigley Field",2022,30096,183
"Coors Field",2022,26629,170
"Citi Field",2022,25002,206
"Nationals Park",2022,19944,182
"Fenway Park",2022,30779,195
"Comerica Park",2022,17448,170
"Yankee Stadium II",2022,39469,158
"Safeco Field",2022,21485,173
"Rogers Centre",2022,36832,178
"Chase Field",2022,26351,160
"Wrigley Field",2022,35676,160
"Great American Ballpark",2022,21147,173
"Coors Field",2022,34304,175
"Dodger Stadium",2022,48361,200
"Citi Field",2022,36111,203
"PNC Park",2022,19075,166
"Nationals Park",2022,15501,212
"Nationals Park",2022,24785,225
"Oriole Park at Camden Yards",2022,13140,169
"Fenway Park",2022,35251,185
"Comerica Park",2022,21996,181
"Minute Maid Park",2022,35467,175
"Oakland-Alameda County Coliseum",2022,8772,208
"Safeco Field",2022,37500,157
"Rogers Centre",2022,44688,201
"Chase Field",2022,24338,160
"Wrigley Field",2022,40755,175
"Great American Ballpark",2022,25071,201
"Coors Field",2022,38768,162
"Dodger Stadium",2022,50078,177
"Citi Field",2022,40021,171
"PNC Park",2022,26041,233
"Nationals Park",2022,42730,228
"Oriole Park at Camden Yards",2022,15426,231
"Fenway Park",2022,36141,208
"Comerica Park",2022,28179,177
"Minute Maid Park",2022,36747,171
"Oakland-Alameda County Coliseum",2022,10936,166
"Safeco Field",2022,24071,204
"Safeco Field",2022,20804,177
"Rogers Centre",2022,45055,185
"Chase Field",2022,30690,171
"Wrigley Field",2022,40369,161
"Great American Ballpark",2022,25001,186
"Coors Field",2022,47342,204
"Dodger Stadium",2022,53033,188
"Citi Field",2022,41255,182
"PNC Park",2022,23905,158
"Nationals Park",2022,32261,177
"Oriole Park at Camden Yards",2022,23004,175
"Fenway Park",2022,35989,193
"Comerica Park",2022,25919,189
"Minute Maid Park",2022,37709,185
"Oakland-Alameda County Coliseum",2022,14341,166
"Safeco Field",2022,39052,164
"Rogers Centre",2022,44395,221
"Truist Park",2022,40589,174
"Miller Park",2022,28100,166
"Citi Field",2022,34947,200
"PNC Park",2022,11312,197
"Petco Park",2022,35430,156
"Angel Stadium of Anaheim",2022,22234,178
"Fenway Park",2022,34811,175
"Guaranteed Rate Field;U.S. Cellular Field",2022,22482,175
"Tropicana Field",2022,16504,192
"Truist Park",2022,35384,208
"Great American Ballpark",2022,18476,176
"Marlins Park",2022,9012,222
"Miller Park",2022,30208,193
"PNC Park",2022,11254,164
"Petco Park",2022,31528,235
"Angel Stadium of Anaheim",2022,20189,254
"Oriole Park at Camden Yards",2022,15197,166
"Fenway Park",2022,29168,173
"Guaranteed Rate Field;U.S. Cellular Field",2022,20529,263
"Minute Maid Park",2022,35140,182
"Target Field",2022,22341,226
"Oakland-Alameda County Coliseum",2022,4733,183
"Tropicana Field",2022,20688,162
"Globe Life Field in Arlington",2022,29153,186
"Truist Park",2022,38478,172
"Great American Ballpark",2022,17344,202
"Marlins Park",2022,8983,188
"Miller Park",2022,27986,186
"PNC Park",2022,14083,187
"Petco Park",2022,31024,213
"Angel Stadium of Anaheim",2022,34792,184
"Oriole Park at Camden Yards",2022,12630,152
"Fenway Park",2022,35180,183
"Guaranteed Rate Field;U.S. Cellular Field",2022,19406,187
"Minute Maid Park",2022,35415,195
"Target Field",2022,25604,215
"Oakland-Alameda County Coliseum",2022,5414,193
"Tropicana Field",2022,12264,215
"Globe Life Field in Arlington",2022,20704,192
"Truist Park",2022,36870,188
"Great American Ballpark",2022,21989,194
"Marlins Park",2022,11854,197
"Miller Park",2022,32550,181
"PNC Park",2022,14529,207
"Petco Park",2022,40355,158
"Guaranteed Rate Field;U.S. Cellular Field",2022,22431,191
"Target Field",2022,24929,174
"Yankee Stadium II",2022,44071,204
"Oakland-Alameda County Coliseum",2022,8215,174
"Chase Field",2022,22064,166
"Truist Park",2022,42105,189
"Marlins Park",2022,11444,183
"Miller Park",2022,32166,196
"Petco Park",2022,38890,185
"Oracle Park",2022,29178,171
"Busch Stadium III",2022,46524,163
"Angel Stadium of Anaheim",2022,35704,221
"Guaranteed Rate Field;U.S. Cellular Field",2022,27943,175
"Progressive Field",2022,29106,199
"Kauffman Stadium",2022,25077,142
"Target Field",2022,24643,137
"Yankee Stadium II",2022,47528,185
"Tropicana Field",2022,10542,194
"Globe Life Field in Arlington",2022,28854,185
"Chase Field",2022,23129,174
"Truist Park",2022,42161,192
"Marlins Park",2022,18722,180
"Miller Park",2022,34768,190
"Petco Park",2022,37467,179
"Oracle Park",2022,40115,163
"Busch Stadium III",2022,45159,202
"Angel Stadium of Anaheim",2022,35466,202
"Guaranteed Rate Field;U.S. Cellular Field",2022,29282,168
"Progressive Field",2022,27239,175
"Kauffman Stadium",2022,13543,226
"Target Field",2022,24578,174
"Yankee Stadium II",2022,45076,194
"Tropicana Field",2022,15203,189
"Globe Life Field in Arlington",2022,36183,162
"Chase Field",2022,22529,216
"Truist Park",2022,42217,263
"Marlins Park",2022,19343,164
"Miller Park",2022,35503,171
"Petco Park",2022,41620,199
"Oracle Park",2022,32285,178
"Busch Stadium III",2022,44824,230
"Angel Stadium of Anaheim",2022,26489,184
"Guaranteed Rate Field;U.S. Cellular Field",2022,29191,155
"Progressive Field",2022,20663,202
"Kauffman Stadium",2022,24820,163
"Target Field",2022,28048,186
"Yankee Stadium II",2022,44028,225
"Tropicana Field",2022,13364,177
"Globe Life Field in Arlington",2022,34220,197
"Coors Field",2022,38706,139
"Busch Stadium III",2022,34701,160
"Nationals Park",2022,18213,174
"Angel Stadium of Anaheim",2022,21973,162
"Progressive Field",2022,12554,175
"Kauffman Stadium",2022,12876,190
"Yankee Stadium II",2022,33168,204
"Safeco Field",2022,21615,159
"Rogers Centre",2022,25498,179
"Chase Field",2022,19904,218
"Wrigley Field",2022,32732,204
"Coors Field",2022,36097,165
"Citi Field",2022,36673,197
"Citizens Bank Park",2022,27725,198
"Oracle Park",2022,28004,196
"Busch Stadium III",2022,32065,181
"Nationals Park",2022,22575,171
"Angel Stadium of Anaheim",2022,23979,196
"Progressive Field",2022,12442,179
"Progressive Field",2022,12145,180
"Kauffman Stadium",2022,19593,171
"Yankee Stadium II",2022,38051,183
"Safeco Field",2022,16024,159
"Tropicana Field",2022,13742,201
"Rogers Centre",2022,27140,201
"Chase Field",2022,20109,192
"Wrigley Field",2022,28987,202
"Coors Field",2022,37092,176
"Citi Field",2022,29230,163
"Citizens Bank Park",2022,25621,167
"Oracle Park",2022,26576,169
"Busch Stadium III",2022,35674,155
"Nationals Park",2022,19870,228
"Angel Stadium of Anaheim",2022,27612,201
"Progressive Field",2022,12840,199
"Kauffman Stadium",2022,11391,138
"Yankee Stadium II",2022,39647,172
"Safeco Field",2022,17412,185
"Tropicana Field",2022,15481,240
"Rogers Centre",2022,27601,234
"Wrigley Field",2022,32318,194
"Dodger Stadium",2022,53094,170
"Citizens Bank Park",2022,30131,178
"PNC Park",2022,14134,180
"Progressive Field",2022,17066,199
"Minute Maid Park",2022,40674,174
"Safeco Field",2022,20860,173
"Rogers Centre",2022,22987,175
"Wrigley Field",2022,34931,211
"Great American Ballpark",2022,28606,172
"Coors Field",2022,47588,162
"Dodger Stadium",2022,48076,176
"Citi Field",2022,35639,158
"Citizens Bank Park",2022,36077,200
"PNC Park",2022,20409,214
"Oracle Park",2022,35266,179
"Nationals Park",2022,23794,185
"Comerica Park",2022,24349,170
"Minute Maid Park",2022,36420,165
"Target Field",2022,25540,161
"Safeco Field",2022,27589,180
"Rogers Centre",2022,44445,178
"Wrigley Field",2022,40298,168
"Great American Ballpark",2022,26755,194
"Coors Field",2022,48331,167
"Dodger Stadium",2022,47061,197
"Citi Field",2022,26494,177
"Citizens Bank Park",2022,27657,245
"PNC Park",2022,26505,176
"Oracle Park",2022,30804,198
"Nationals Park",2022,19674,200
"Progressive Field",2022,21203,208
"Progressive Field",2022,29236,189
"Comerica Park",2022,23502,174
"Minute Maid Park",2022,35332,171
"Target Field",2022,20618,181
"Safeco Field",2022,23907,170
"Rogers Centre",2022,39426,167
"Rogers Centre",2022,24180,161
"Wrigley Field",2022,40185,265
"Great American Ballpark",2022,21418,169
"Coors Field",2022,33479,189
"Dodger Stadium",2022,42633,192
"Citi Field",2022,25241,178
"Citizens Bank Park",2022,44225,183
"PNC Park",2022,17578,188
"Oracle Park",2022,30155,202
"Nationals Park",2022,25385,231
"Progressive Field",2022,26113,175
"Comerica Park",2022,21625,213
"Minute Maid Park",2022,36048,203
"Target Field",2022,24424,168
"Safeco Field",2022,23333,148
"Rogers Centre",2022,35757,207
"Chase Field",2022,27752,193
"Truist Park",2022,41975,181
"Great American Ballpark",2022,19533,194
"Dodger Stadium",2022,47163,186
"Miller Park",2022,41981,209
"Petco Park",2022,37913,201
"Nationals Park",2022,25129,173
"Oriole Park at Camden Yards",2022,18670,213
"Fenway Park",2022,36473,177
"Guaranteed Rate Field;U.S. Cellular Field",2022,32483,193
"Comerica Park",2022,19737,175
"Comerica Park",2022,24395,175
"Minute Maid Park",2022,33936,199
"Oakland-Alameda County Coliseum",2022,24403,147
"Chase Field",2022,14467,187
"Truist Park",2022,35656,187
"Great American Ballpark",2022,13487,181
"Dodger Stadium",2022,45885,180
"Marlins Park",2022,13338,167
"Miller Park",2022,30561,183
"Citizens Bank Park",2022,20217,183
"PNC Park",2022,37733,179
"Petco Park",2022,29745,196
"Oriole Park at Camden Yards",2022,7371,226
"Fenway Park",2022,31113,219
"Guaranteed Rate Field;U.S. Cellular Field",2022,18566,179
"Comerica Park",2022,16662,183
"Minute Maid Park",2022,28762,184
"Oakland-Alameda County Coliseum",2022,4846,160
"Chase Field",2022,13445,203
"Truist Park",2022,36718,152
"Great American Ballpark",2022,13540,226
"Dodger Stadium",2022,45098,181
"Marlins Park",2022,18741,187
"Miller Park",2022,32696,193
"Citizens Bank Park",2022,22369,177
"PNC Park",2022,32414,201
"Oriole Park at Camden Yards",2022,7648,161
"Fenway Park",2022,33735,185
"Guaranteed Rate Field;U.S. Cellular Field",2022,18393,227
"Comerica Park",2022,17829,184
"Minute Maid Park",2022,26534,209
"Oakland-Alameda County Coliseum",2022,6330,159
"Chase Field",2022,11727,177
"Truist Park",2022,37756,230
"Great American Ballpark",2022,13086,169
"Great American Ballpark",2022,9575,181
"Dodger Stadium",2022,52072,175
"Citi Field",2022,30555,171
"Citizens Bank Park",2022,22104,176
"Petco Park",2022,42656,202
"Oriole Park at Camden Yards",2022,13088,180
"Fenway Park",2022,36876,176
"Guaranteed Rate Field;U.S. Cellular Field",2022,21876,180
"Minute Maid Park",2022,36067,184
"Safeco Field",2022,24998,161
"Chase Field",2022,15524,208
"Truist Park",2022,41725,171
"Great American Ballpark",2022,26529,198
"Dodger Stadium",2022,44158,181
"Miller Park",2022,29471,181
"Citi Field",2022,25208,217
"Petco Park",2022,42861,196
"Busch Stadium III",2022,41100,143
"Oriole Park at Camden Yards",2022,27814,210
"Fenway Park",2022,36841,231
"Guaranteed Rate Field;U.S. Cellular Field",2022,29215,176
"Kauffman Stadium",2022,19611,164
"Oakland-Alameda County Coliseum",2022,6012,177
"Safeco Field",2022,32398,248
"Globe Life Field in Arlington",2022,30392,202
"Chase Field",2022,21819,183
"Truist Park",2022,40632,156
"Great American Ballpark",2022,33927,240
"Dodger Stadium",2022,45198,161
"Miller Park",2022,35384,194
"Citi Field",2022,43336,221
"Petco Park",2022,41714,171
"Busch Stadium III",2022,41853,178
"Oriole Park at Camden Yards",2022,32286,179
"Fenway Park",2022,36945,218
"Guaranteed Rate Field;U.S. Cellular Field",2022,29215,155
"Kauffman Stadium",2022,17024,190
"Oakland-Alameda County Coliseum",2022,10058,153
"Safeco Field",2022,41210,162
"Globe Life Field in Arlington",2022,35427,199
"Chase Field",2022,18126,163
"Truist Park",2022,32053,233
"Great American Ballpark",2022,21748,199
"Dodger Stadium",2022,41824,239
"Miller Park",2022,32967,211
"Citi Field",2022,34774,177
"Petco Park",2022,38712,186
"Busch Stadium III",2022,36112,189
"Oriole Park at Camden Yards",2022,19521,168
"Fenway Park",2022,37291,212
"Guaranteed Rate Field;U.S. Cellular Field",2022,31072,166
"Kauffman Stadium",2022,13282,168
"Oakland-Alameda County Coliseum",2022,10195,159
"Safeco Field",2022,37694,165
"Globe Life Field in Arlington",2022,24751,192
"Truist Park",2022,42925,183
"Coors Field",2022,27592,181
"Marlins Park",2022,8560,183
"Oracle Park",2022,25325,226
"Busch Stadium III",2022,34399,161
"Progressive Field",2022,13655,171
"Kauffman Stadium",2022,11084,150
"Kauffman Stadium",2022,16202,180
"Tropicana Field",2022,10629,211
"Globe Life Field in Arlington",2022,20660,208
"Truist Park",2022,42217,184
"Wrigley Field",2022,31079,174
"Coors Field",2022,26577,191
"Marlins Park",2022,8022,163
"Oracle Park",2022,23353,165
"Busch Stadium III",2022,37150,208
"Angel Stadium of Anaheim",2022,27180,217
"Progressive Field",2022,11342,129
"Progressive Field",2022,11750,195
"Kauffman Stadium",2022,14451,188
"Target Field",2022,37183,182
"Yankee Stadium II",2022,40235,201
"Tropicana Field",2022,10653,169
"Globe Life Field in Arlington",2022,17485,243
"Rogers Centre",2022,32795,172
"Truist Park",2022,34879,185
"Wrigley Field",2022,29529,191
"Coors Field",2022,25725,220
"Marlins Park",2022,9524,201
"Oracle Park",2022,27055,185
"Busch Stadium III",2022,39292,226
"Nationals Park",2022,16260,173
"Nationals Park",2022,19869,178
"Angel Stadium of Anaheim",2022,27803,225
"Progressive Field",2022,13987,177
"Kauffman Stadium",2022,11016,164
"Target Field",2022,38802,200
"Yankee Stadium II",2022,36772,236
"Tropicana Field",2022,10458,150
"Globe Life Field in Arlington",2022,22394,154
"Rogers Centre",2022,30853,151
"Wrigley Field",2022,34051,181
"Coors Field",2022,28077,222
"Marlins Park",2022,13612,253
"Oracle Park",2022,26994,232
"Busch Stadium III",2022,40062,180
"Nationals Park",2022,25577,174
"Angel Stadium of Anaheim",2022,34496,208
"Progressive Field",2022,14327,157
"Target Field",2022,26907,199
"Yankee Stadium II",2022,41311,224
"Tropicana Field",2022,11998,165
"Globe Life Field in Arlington",2022,19243,200
"Rogers Centre",2022,24426,180
"Coors Field",2022,33710,183
"Marlins Park",2022,10193,184
"Petco Park",2022,41302,184
"Oracle Park",2022,28244,214
"Busch Stadium III",2022,41221,213
"Nationals Park",2022,30409,212
"Angel Stadium of Anaheim",2022,44648,181
"Progressive Field",2022,27846,179
"Minute Maid Park",2022,39434,159
"Target Field",2022,27021,189
"Yankee Stadium II",2022,47573,240
"Tropicana Field",2022,13917,185
"Globe Life Field in Arlington",2022,26494,189
"Rogers Centre",2022,26422,168
"Wrigley Field",2022,39219,226
"Wrigley Field",2022,34366,213
"Coors Field",2022,34169,160
"Marlins Park",2022,13497,172
"Petco Park",2022,42384,182
"Oracle Park",2022,41279,169
"Busch Stadium III",2022,41014,200
"Nationals Park",2022,37880,167
"Angel Stadium of Anaheim",2022,44728,187
"Progressive Field",2022,26789,166
"Minute Maid Park",2022,39125,155
"Target Field",2022,28514,192
"Yankee Stadium II",2022,47997,189
"Tropicana Field",2022,19886,231
"Globe Life Field in Arlington",2022,35761,202
"Rogers Centre",2022,40135,209
"Wrigley Field",2022,34424,189
"Coors Field",2022,27591,193
"Marlins Park",2022,12450,162
"Petco Park",2022,36428,200
"Oracle Park",2022,30584,169
"Nationals Park",2022,26043,174
"Minute Maid Park",2022,34534,196
"Target Field",2022,23225,189
"Yankee Stadium II",2022,47958,212
"Tropicana Field",2022,13813,178
"Globe Life Field in Arlington",2022,26378,202
"Rogers Centre",2022,36681,141
"Dodger Stadium",2022,53165,209
"Marlins Park",2022,9524,186
"Minute Maid Park",2022,36225,194
"Minute Maid Park",2022,39342,191
"Oakland-Alameda County Coliseum",2022,0,178
"Oakland-Alameda County Coliseum",2022,7282,165
"Chase Field",2022,17819,166
"Truist Park",2022,42867,179
"Great American Ballpark",2022,25547,201
"Dodger Stadium",2022,51316,184
"Miller Park",2022,33357,284
"Citi Field",2022,36855,181
"Citizens Bank Park",2022,27775,208
"PNC Park",2022,22316,161
"Oriole Park at Camden Yards",2022,28468,227
"Fenway Park",2022,36796,229
"Guaranteed Rate Field;U.S. Cellular Field",2022,31379,200
"Kauffman Stadium",2022,22119,201
"Oakland-Alameda County Coliseum",2022,6620,173
"Safeco Field",2022,45290,184
"Chase Field",2022,37802,164
"Truist Park",2022,42827,181
"Great American Ballpark",2022,27190,207
"Dodger Stadium",2022,47749,201
"Miller Park",2022,31694,193
"Citi Field",2022,39359,190
"Citizens Bank Park",2022,38542,216
"PNC Park",2022,22560,180
"Oriole Park at Camden Yards",2022,36361,215
"Fenway Park",2022,35821,189
"Guaranteed Rate Field;U.S. Cellular Field",2022,18518,178
"Guaranteed Rate Field;U.S. Cellular Field",2022,26329,186
"Comerica Park",2022,34205,201
"Kauffman Stadium",2022,20668,178
"Oakland-Alameda County Coliseum",2022,10190,194
"Safeco Field",2022,43197,166
"Chase Field",2022,20278,224
"Truist Park",2022,42663,197
"Great American Ballpark",2022,18813,164
"Dodger Stadium",2022,47505,205
"Miller Park",2022,36465,257
"Citi Field",2022,35475,219
"Citizens Bank Park",2022,29079,170
"PNC Park",2022,15188,187
"Oriole Park at Camden Yards",2022,25623,200
"Fenway Park",2022,34404,213
"Guaranteed Rate Field;U.S. Cellular Field",2022,30831,151
"Comerica Park",2022,23570,190
"Kauffman Stadium",2022,12336,170
"Oakland-Alameda County Coliseum",2022,9835,202
"Safeco Field",2022,34827,190
"Chase Field",2022,16100,163
"Wrigley Field",2022,37342,172
"Great American Ballpark",2022,12948,196
"Dodger Stadium",2022,48647,194
"Miller Park",2022,25194,170
"Citizens Bank Park",2022,25452,196
"Oriole Park at Camden Yards",2022,9606,191
"Fenway Park",2022,32529,183
"Comerica Park",2022,21647,189
"Kauffman Stadium",2022,16616,183
"Oakland-Alameda County Coliseum",2022,4105,175
"Safeco Field",2022,23581,182
"Chase Field",2022,16989,190
"Wrigley Field",2022,30978,150
"Great American Ballpark",2022,14937,165
"Coors Field",2022,40233,196
"Dodger Stadium",2022,53302,207
"Miller Park",2022,28596,210
"Citi Field",2022,42364,207
"Citizens Bank Park",2022,27486,190
"Oriole Park at Camden Yards",2022,11307,163
"Fenway Park",2022,32483,200
"Comerica Park",2022,24213,223
"Kauffman Stadium",2022,20834,204
"Oakland-Alameda County Coliseum",2022,5130,184
"Safeco Field",2022,25837,179
"Rogers Centre",2022,39756,194
"Chase Field",2022,17043,183
"Great American Ballpark",2022,11387,152
"Coors Field",2022,30731,216
"Dodger Stadium",2022,44229,183
"Miller Park",2022,35914,207
"Citi Field",2022,43693,189
"Citizens Bank Park",2022,29038,174
"Oriole Park at Camden Yards",2022,13592,226
"Fenway Park",2022,32919,182
"Comerica Park",2022,24669,183
"Kauffman Stadium",2022,12596,168
"Oakland-Alameda County Coliseum",2022,9367,147
"Safeco Field",2022,25509,160
"Rogers Centre",2022,36666,177
"Great American Ballpark",2022,14506,220
"Coors Field",2022,32182,186
"PNC Park",2022,20701,191
"Oracle Park",2022,32259,180
"Angel Stadium of Anaheim",2022,29718,167
"Oriole Park at Camden Yards",2022,16784,174
"Fenway Park",2022,32122,153
"Minute Maid Park",2022,29799,171
"Yankee Stadium II",2022,43836,158
"Rogers Centre",2022,27080,172
"Truist Park",2022,41536,160
"Great American Ballpark",2022,23658,209
"Coors Field",2022,41656,192
"Marlins Park",2022,15131,196
"PNC Park",2022,26946,210
"Petco Park",2022,43171,167
"Oracle Park",2022,30376,197
"Nationals Park",2022,30170,162
"Angel Stadium of Anaheim",2022,29906,193
"Fenway Park",2022,34193,207
"Guaranteed Rate Field;U.S. Cellular Field",2022,28503,174
"Minute Maid Park",2022,38497,186
"Yankee Stadium II",2022,42481,192
"Tropicana Field",2022,14671,163
"Rogers Centre",2022,28046,200
"Truist Park",2022,41682,171
"Great American Ballpark",2022,29104,174
"Coors Field",2022,47415,163
"Marlins Park",2022,16655,155
"PNC Park",2022,38781,174
"Petco Park",2022,39574,214
"Oracle Park",2022,40971,186
"Nationals Park",2022,34440,198
"Angel Stadium of Anaheim",2022,32968,184
"Fenway Park",2022,35867,229
"Guaranteed Rate Field;U.S. Cellular Field",2022,28142,170
"Minute Maid Park",2022,37385,208
"Yankee Stadium II",2022,44081,200
"Tropicana Field",2022,22756,178
"Rogers Centre",2022,42933,166
"Truist Park",2022,39005,172
"Great American Ballpark",2022,20496,202
"Coors Field",2022,36212,191
"Marlins Park",2022,17449,203
"PNC Park",2022,19322,187
"Petco Park",2022,37336,165
"Oracle Park",2022,33622,178
"Nationals Park",2022,28738,170
"Angel Stadium of Anaheim",2022,29257,176
"Fenway Park",2022,35231,178
"Guaranteed Rate Field;U.S. Cellular Field",2022,30028,162
"Minute Maid Park",2022,35773,188
"Yankee Stadium II",2022,45341,240
"Tropicana Field",2022,18023,183
"Rogers Centre",2022,40298,139
"Marlins Park",2022,7701,175
"Petco Park",2022,29983,171
"Oracle Park",2022,34865,170
"Nationals Park",2022,29034,200
"Guaranteed Rate Field;U.S. Cellular Field",2022,17500,175
"Progressive Field",2022,13707,222
"Minute Maid Park",2022,35185,182
"Target Field",2022,20231,197
"Yankee Stadium II",2022,36731,178
"Globe Life Field in Arlington",2022,19161,175
"Truist Park",2022,38932,207
"Marlins Park",2022,8188,166
"PNC Park",2022,12401,182
"Petco Park",2022,23828,215
"Petco Park",2022,30759,190
"Oracle Park",2022,32798,183
"Busch Stadium III",2022,44344,157
"Nationals Park",2022,29878,168
"Angel Stadium of Anaheim",2022,22920,153
"Guaranteed Rate Field;U.S. Cellular Field",2022,24361,172
"Progressive Field",2022,14471,170
"Minute Maid Park",2022,31229,179
"Target Field",2022,23394,190
"Yankee Stadium II",2022,38735,223
"Tropicana Field",2022,16433,165
"Globe Life Field in Arlington",2022,21622,197
"Truist Park",2022,30380,160
"Marlins Park",2022,8656,129
"PNC Park",2022,13084,229
"Petco Park",2022,44652,184
"Oracle Park",2022,35400,186
"Nationals Park",2022,27851,198
"Angel Stadium of Anaheim",2022,25190,188
"Guaranteed Rate Field;U.S. Cellular Field",2022,19753,155
"Progressive Field",2022,18642,183
"Minute Maid Park",2022,32295,162
"Target Field",2022,25044,160
"Yankee Stadium II",2022,42169,167
"Tropicana Field",2022,14253,168
"Globe Life Field in Arlington",2022,20221,204
"Citi Field",2022,38693,169
"Citizens Bank Park",2022,35393,99
"PNC Park",2022,13485,202
"Petco Park",2022,30366,221
"Oracle Park",2022,34640,188
"Busch Stadium III",2022,41734,171
"Busch Stadium III",2022,44669,188
"Angel Stadium of Anaheim",2022,23849,207
"Progressive Field",2022,16808,183
"Comerica Park",2022,16595,179
"Kauffman Stadium",2022,18970,184
"Target Field",2022,39030,214
"Globe Life Field in Arlington",2022,20972,165
"Chase Field",2022,17720,182
"Wrigley Field",2022,35689,200
"Dodger Stadium",2022,52714,183
"Miller Park",2022,33239,194
"Citi Field",2022,40305,218
"Citizens Bank Park",2022,22024,166
"Busch Stadium III",2022,46940,199
"Oriole Park at Camden Yards",2022,25613,162
"Progressive Field",2022,24712,181
"Comerica Park",2022,21547,220
"Kauffman Stadium",2022,21246,224
"Target Field",2022,29593,204
"Safeco Field",2022,42654,216
"Globe Life Field in Arlington",2022,25470,180
"Chase Field",2022,21146,153
"Wrigley Field",2022,36787,166
"Dodger Stadium",2022,52124,188
"Miller Park",2022,35784,210
"Citi Field",2022,37790,233
"Citi Field",2022,37452,182
"Citizens Bank Park",2022,27078,219
"Busch Stadium III",2022,48581,186
"Oriole Park at Camden Yards",2022,41086,197
"Progressive Field",2022,25327,150
"Comerica Park",2022,40101,174
"Kauffman Stadium",2022,19136,164
"Target Field",2022,27471,212
"Oakland-Alameda County Coliseum",2022,40065,201
"Safeco Field",2022,41507,168
"Safeco Field",2022,27065,167
"Globe Life Field in Arlington",2022,38275,180
"Chase Field",2022,20644,197
"Wrigley Field",2022,30177,156
"Dodger Stadium",2022,48093,168
"Miller Park",2022,40063,227
"Citi Field",2022,37717,178
"Citizens Bank Park",2022,28672,199
"Busch Stadium III",2022,46472,265
"Oriole Park at Camden Yards",2022,16714,178
"Progressive Field",2022,22688,149
"Comerica Park",2022,18395,170
"Kauffman Stadium",2022,14949,180
"Target Field",2022,26155,221
"Oakland-Alameda County Coliseum",2022,31605,198
"Safeco Field",2022,34837,174
"Globe Life Field in Arlington",2022,29579,207
"Chase Field",2022,11275,156
"Wrigley Field",2022,30904,168
"Citi Field",2022,28448,176
"Petco Park",2022,40686,195
"Oriole Park at Camden Yards",2022,12671,175
"Oakland-Alameda County Coliseum",2022,5440,134
"Safeco Field",2022,35843,204
"Chase Field",2022,12901,180
"Wrigley Field",2022,37193,197
"Coors Field",2022,35011,185
"Dodger Stadium",2022,47874,193
"Miller Park",2022,30030,166
"Citi Field",2022,30816,179
"Citizens Bank Park",2022,22087,166
"Petco Park",2022,38626,212
"Oriole Park at Camden Yards",2022,11080,182
"Fenway Park",2022,34972,253
"Comerica Park",2022,16359,161
"Minute Maid Park",2022,30629,169
"Kauffman Stadium",2022,0,156
"Kauffman Stadium",2022,12700,174
"Oakland-Alameda County Coliseum",2022,9351,195
"Safeco Field",2022,38804,247
"Chase Field",2022,12714,192
"Wrigley Field",2022,29019,165
"Coors Field",2022,35164,201
"Dodger Stadium",2022,53432,195
"Miller Park",2022,30644,183
"Citi Field",2022,36883,181
"Citizens Bank Park",2022,23021,158
"Petco Park",2022,32834,212
"Fenway Park",2022,35406,186
"Comerica Park",2022,16560,182
"Minute Maid Park",2022,26670,221
"Kauffman Stadium",2022,15463,199
"Oakland-Alameda County Coliseum",2022,8268,225
"Safeco Field",2022,43280,164
"Chase Field",2022,12725,200
"Field of Dreams",2022,7823,201
"Coors Field",2022,30293,195
"Citizens Bank Park",2022,25444,187
"Fenway Park",2022,33927,166
"Comerica Park",2022,19036,217
"Minute Maid Park",2022,30872,173
"Kauffman Stadium",2022,10009,191
"Coors Field",2022,32055,153
"Marlins Park",2022,10459,217
"Citi Field",2022,38467,174
"Oracle Park",2022,33328,195
"Busch Stadium III",2022,45669,173
"Nationals Park",2022,35390,243
"Angel Stadium of Anaheim",2022,33459,176
"Fenway Park",2022,36434,204
"Guaranteed Rate Field;U.S. Cellular Field",2022,33015,173
"Minute Maid Park",2022,31230,199
"Kauffman Stadium",2022,24333,192
"Tropicana Field",2022,12380,187
"Globe Life Field in Arlington",2022,22622,224
"Rogers Centre",2022,41677,153
"Great American Ballpark",2022,33301,200
"Coors Field",2022,35233,167
"Marlins Park",2022,7308,181
"Marlins Park",2022,11910,192
"Citi Field",2022,43857,144
"Oracle Park",2022,38049,165
"Busch Stadium III",2022,45905,181
"Nationals Park",2022,33661,211
"Angel Stadium of Anaheim",2022,43027,226
"Fenway Park",2022,36672,194
"Guaranteed Rate Field;U.S. Cellular Field",2022,29458,166
"Minute Maid Park",2022,34078,171
"Kauffman Stadium",2022,29689,185
"Tropicana Field",2022,16823,202
"Globe Life Field in Arlington",2022,31621,196
"Rogers Centre",2022,44977,175
"Great American Ballpark",2022,23959,209
"Coors Field",2022,32442,188
"Marlins Park",2022,10902,188
"Citi Field",2022,40513,202
"Oracle Park",2022,36471,206
"Busch Stadium III",2022,44142,137
"Nationals Park",2022,27498,198
"Angel Stadium of Anaheim",2022,27515,165
"Fenway Park",2022,36581,135
"Guaranteed Rate Field;U.S. Cellular Field",2022,32154,177
"Minute Maid Park",2022,38906,160
"Kauffman Stadium",2022,18481,169
"Tropicana Field",2022,18093,157
"Globe Life Field in Arlington",2022,25560,183
"Rogers Centre",2022,41002,174
"Truist Park",2022,38380,198
"Great American Ballpark",2022,14635,173
"Marlins Park",2022,9123,184
"Miller Park",2022,27084,192
"Oracle Park",2022,20694,180
"Nationals Park",2022,25467,179
"Angel Stadium of Anaheim",2022,23096,206
"Guaranteed Rate Field;U.S. Cellular Field",2022,18205,153
"Progressive Field",2022,0,174
"Progressive Field",2022,16980,181
"Target Field",2022,22003,177
"Yankee Stadium II",2022,42192,201
"Globe Life Field in Arlington",2022,13121,190
"Rogers Centre",2022,26769,200
"Truist Park",2022,37449,171
"Great American Ballpark",2022,17074,200
"Marlins Park",2022,9065,213
"Miller Park",2022,32948,232
"PNC Park",2022,19387,157
"Oracle Park",2022,20897,166
"Busch Stadium III",2022,39105,188
"Nationals Park",2022,26362,227
"Angel Stadium of Anaheim",2022,20294,184
"Guaranteed Rate Field;U.S. Cellular Field",2022,23476,190
"Progressive Field",2022,13503,200
"Target Field",2022,23093,181
"Yankee Stadium II",2022,41083,171
"Globe Life Field in Arlington",2022,15260,187
"Rogers Centre",2022,37940,174
"Truist Park",2022,34308,202
"Great American Ballpark",2022,13622,147
"Marlins Park",2022,7273,224
"Miller Park",2022,30259,169
"PNC Park",2022,15231,163
"Oracle Park",2022,22649,187
"Busch Stadium III",2022,38033,186
"Nationals Park",2022,28302,176
"Angel Stadium of Anaheim",2022,19550,194
"Guaranteed Rate Field;U.S. Cellular Field",2022,24671,186
"Progressive Field",2022,14335,194
"Target Field",2022,23543,169
"Yankee Stadium II",2022,42512,228
"Globe Life Field in Arlington",2022,14846,180
"Rogers Centre",2022,40141,167
"Truist Park",2022,39378,161
"Miller Park",2022,37403,178
"PNC Park",2022,20991,157
"Petco Park",2022,41820,199
"Oracle Park",2022,26197,175
"Busch Stadium III",2022,36137,165
"Oriole Park at Camden Yards",2022,19454,183
"Guaranteed Rate Field;U.S. Cellular Field",2022,24407,233
"Yankee Stadium II",2022,41419,189
"Tropicana Field",2022,8168,168
"Globe Life Field in Arlington",2022,16495,172
"Chase Field",2022,32183,172
"Truist Park",2022,42837,184
"Wrigley Field",2022,39962,174
"Coors Field",2022,31604,176
"Dodger Stadium",2022,50431,161
"Citizens Bank Park",2022,43176,208
"PNC Park",2022,17706,168
"Petco Park",2022,39474,226
"Oriole Park at Camden Yards",2022,33136,246
"Progressive Field",2022,25521,194
"Comerica Park",2022,28197,135
"Target Field",2022,22627,174
"Yankee Stadium II",2022,46194,172
"Oakland-Alameda County Coliseum",2022,16912,164
"Tropicana Field",2022,10049,168
"Chase Field",2022,34248,223
"Truist Park",2022,42893,239
"Wrigley Field",2022,35994,231
"Coors Field",2022,35278,187
"Dodger Stadium",2022,51813,159
"Citizens Bank Park",2022,36809,222
"Citizens Bank Park",2022,39374,203
"PNC Park",2022,31761,214
"Petco Park",2022,42529,198
"Oriole Park at Camden Yards",2022,34939,184
"Progressive Field",2022,26179,159
"Comerica Park",2022,23581,160
"Target Field",2022,21781,207
"Yankee Stadium II",2022,45538,191
"Oakland-Alameda County Coliseum",2022,9626,199
"Tropicana Field",2022,19800,170
"Chase Field",2022,25064,215
"Truist Park",2022,42531,191
"Wrigley Field",2022,34525,184
"Coors Field",2022,30682,227
"Dodger Stadium",2022,42125,198
"Citizens Bank Park",2022,35801,266
"PNC Park",2022,15046,202
"Petco Park",2022,37040,150
"BB&T Ballpark at Bowman Field",2022,2467,203
"Comerica Park",2022,23064,176
"Target Field",2022,24802,174
"Yankee Stadium II",2022,46958,179
"Oakland-Alameda County Coliseum",2022,9314,208
"Tropicana Field",2022,12940,179
"Wrigley Field",2022,29719,136
"Dodger Stadium",2022,37091,182
"Citizens Bank Park",2022,19166,160
"PNC Park",2022,11231,160
"Kauffman Stadium",2022,8471,216
"Target Field",2022,18595,178
"Yankee Stadium II",2022,48760,168
"Oakland-Alameda County Coliseum",2022,2630,164
"Tropicana Field",2022,9942,180
"Wrigley Field",2022,27273,189
"Wrigley Field",2022,28163,195
"Coors Field",2022,28533,157
"Dodger Stadium",2022,53222,182
"Citizens Bank Park",2022,20220,192
"PNC Park",2022,13367,135
"Petco Park",2022,38166,200
"Oriole Park at Camden Yards",2022,12954,216
"Fenway Park",2022,30963,198
"Comerica Park",2022,21123,172
"Minute Maid Park",2022,32639,199
"Kauffman Stadium",2022,12427,209
"Yankee Stadium II",2022,49217,203
"Oakland-Alameda County Coliseum",2022,4028,166
"Safeco Field",2022,38254,168
"Tropicana Field",2022,8810,177
"Wrigley Field",2022,32012,166
"Coors Field",2022,25213,188
"Dodger Stadium",2022,47216,187
"Citizens Bank Park",2022,24400,196
"PNC Park",2022,12060,188
"Petco Park",2022,30409,182
"Oriole Park at Camden Yards",2022,12565,204
"Fenway Park",2022,31840,192
"Comerica Park",2022,17400,173
"Minute Maid Park",2022,27070,160
"Kauffman Stadium",2022,10531,179
"Oakland-Alameda County Coliseum",2022,3901,160
"Safeco Field",2022,21035,177
"Tropicana Field",2022,9763,220
"Wrigley Field",2022,28803,172
"Citi Field",2022,37377,178
"Citizens Bank Park",2022,21123,156
"Oriole Park at Camden Yards",2022,13905,209
"Fenway Park",2022,30527,262
"Minute Maid Park",2022,33320,191
"Oakland-Alameda County Coliseum",2022,10876,214
"Safeco Field",2022,24028,166
"Tropicana Field",2022,10733,180
"Marlins Park",2022,9365,258
"Miller Park",2022,33549,196
"Citi Field",2022,32447,189
"Citizens Bank Park",2022,30546,175
"Busch Stadium III",2022,46027,223
"Nationals Park",2022,31256,187
"Fenway Park",2022,30095,210
"Guaranteed Rate Field;U.S. Cellular Field",2022,33054,160
"Minute Maid Park",2022,31035,177
"Kauffman Stadium",2022,16479,217
"Target Field",2022,25246,175
"Oakland-Alameda County Coliseum",2022,16821,170
"Safeco Field",2022,39870,209
"Globe Life Field in Arlington",2022,20357,183
"Rogers Centre",2022,40754,200
"Marlins Park",2022,23543,137
"Miller Park",2022,40901,184
"Citi Field",2022,42617,174
"Citizens Bank Park",2022,37105,179
"Busch Stadium III",2022,46119,200
"Nationals Park",2022,30325,185
"Fenway Park",2022,34036,144
"Guaranteed Rate Field;U.S. Cellular Field",2022,25837,212
"Minute Maid Park",2022,34526,175
"Kauffman Stadium",2022,22232,179
"Target Field",2022,27570,237
"Oakland-Alameda County Coliseum",2022,36529,187
"Safeco Field",2022,45586,168
"Globe Life Field in Arlington",2022,34357,180
"Rogers Centre",2022,45311,200
"Marlins Park",2022,13617,194
"Miller Park",2022,39035,204
"Citi Field",2022,36396,170
"Citizens Bank Park",2022,30355,171
"Busch Stadium III",2022,42897,186
"Nationals Park",2022,31411,141
"Fenway Park",2022,29116,194
"Guaranteed Rate Field;U.S. Cellular Field",2022,29781,170
"Minute Maid Park",2022,31559,188
"Kauffman Stadium",2022,12584,240
"Target Field",2022,25285,207
"Oakland-Alameda County Coliseum",2022,29498,199
"Safeco Field",2022,45190,151
"Globe Life Field in Arlington",2022,24938,215
"Rogers Centre",2022,44318,196
"Chase Field",2022,18594,215
"Great American Ballpark",2022,11051,181
"Marlins Park",2022,10288,207
"Miller Park",2022,23009,212
"Oracle Park",2022,24815,224
"Angel Stadium of Anaheim",2022,44537,180
"Target Field",2022,19581,207
"Rogers Centre",2022,26473,223
"Chase Field",2022,16873,179
"Truist Park",2022,34237,214
"Great American Ballpark",2022,13271,153
"Marlins Park",2022,7386,192
"Miller Park",2022,24764,163
"Citi Field",2022,40607,192
"Oracle Park",2022,28267,215
"Nationals Park",2022,26321,204
"Angel Stadium of Anaheim",2022,42684,179
"Guaranteed Rate Field;U.S. Cellular Field",2022,17130,201
"Progressive Field",2022,12492,157
"Comerica Park",2022,12536,173
"Target Field",2022,19909,207
"Globe Life Field in Arlington",2022,25566,176
"Rogers Centre",2022,33759,183
"Chase Field",2022,13690,206
"Truist Park",2022,29554,149
"Great American Ballpark",2022,13613,288
"Marlins Park",2022,7420,187
"Miller Park",2022,25240,196
"Citi Field",2022,41799,139
"Oracle Park",2022,25298,193
"Nationals Park",2022,26416,171
"Angel Stadium of Anaheim",2022,43555,163
"Guaranteed Rate Field;U.S. Cellular Field",2022,17168,163
"Progressive Field",2022,12221,174
"Comerica Park",2022,13666,180
"Target Field",2022,19337,199
"Globe Life Field in Arlington",2022,19607,203
"Rogers Centre",2022,28572,187
"Chase Field",2022,10495,148
"Truist Park",2022,31203,143
"Citi Field",2022,36908,194
"Nationals Park",2022,26877,242
"Fenway Park",2022,31340,221
"Guaranteed Rate Field;U.S. Cellular Field",2022,15257,202
"Progressive Field",2022,11827,161
"Comerica Park",2022,14393,167
"Chase Field",2022,13488,171
"Truist Park",2022,42161,177
"Great American Ballpark",2022,16763,178
"Dodger Stadium",2022,45164,210
"Citi Field",2022,33630,189
"PNC Park",2022,18057,204
"Oracle Park",2022,32840,185
"Busch Stadium III",2022,44491,186
"Angel Stadium of Anaheim",2022,22464,189
"Oriole Park at Camden Yards",2022,13558,166
"Fenway Park",2022,31628,191
"Guaranteed Rate Field;U.S. Cellular Field",2022,24818,197
"Progressive Field",2022,21923,177
"Comerica Park",2022,16067,180
"Tropicana Field",2022,17886,204
"Chase Field",2022,22138,252
"Truist Park",2022,42405,185
"Dodger Stadium",2022,46144,162
"Citi Field",2022,33509,172
"PNC Park",2022,23568,186
"Oracle Park",2022,40010,213
"Busch Stadium III",2022,47816,182
"Angel Stadium of Anaheim",2022,38244,251
"Oriole Park at Camden Yards",2022,30853,197
"Fenway Park",2022,31474,192
"Guaranteed Rate Field;U.S. Cellular Field",2022,31655,141
"Progressive Field",2022,26254,199
"Comerica Park",2022,15259,179
"Tropicana Field",2022,21754,159
"Chase Field",2022,20274,159
"Truist Park",2022,42360,179
"Great American Ballpark",2022,0,178
"Great American Ballpark",2022,23060,169
"Dodger Stadium",2022,48522,248
"Citi Field",2022,31711,174
"PNC Park",2022,14903,182
"Oracle Park",2022,41189,190
"Busch Stadium III",2022,46642,142
"Angel Stadium of Anaheim",2022,28179,163
"Oriole Park at Camden Yards",2022,19883,179
"Fenway Park",2022,32422,187
"Guaranteed Rate Field;U.S. Cellular Field",2022,32305,201
"Progressive Field",2022,17809,227
"Comerica Park",2022,15206,219
"Tropicana Field",2022,25025,217
"Coors Field",2022,32627,195
"Dodger Stadium",2022,51887,181
"Petco Park",2022,37713,171
"Busch Stadium III",2022,45779,185
"Angel Stadium of Anaheim",2022,19518,173
"Oriole Park at Camden Yards",2022,0,197
"Oriole Park at Camden Yards",2022,25451,177
"Minute Maid Park",2022,35162,157
"Kauffman Stadium",2022,11511,197
"Yankee Stadium II",2022,38446,178
"Safeco Field",2022,37109,168
"Tropicana Field",2022,12264,180
"Wrigley Field",2022,27600,188
"Coors Field",2022,22329,181
"Dodger Stadium",2022,39752,163
"Citizens Bank Park",2022,17145,186
"PNC Park",2022,8817,190
"Petco Park",2022,31380,193
"Busch Stadium III",2022,37629,169
"Angel Stadium of Anaheim",2022,20002,181
"Oriole Park at Camden Yards",2022,8411,233
"Minute Maid Park",2022,26803,203
"Kauffman Stadium",2022,12580,152
"Oakland-Alameda County Coliseum",2022,6062,189
"Safeco Field",2022,17958,182
"Tropicana Field",2022,8069,157
"Wrigley Field",2022,27945,174
"Coors Field",2022,20278,155
"Dodger Stadium",2022,39237,193
"Citizens Bank Park",2022,17755,182
"PNC Park",2022,8717,156
"PNC Park",2022,9824,197
"Petco Park",2022,36948,183
"Busch Stadium III",2022,34715,198
"Angel Stadium of Anaheim",2022,15756,215
"Oriole Park at Camden Yards",2022,11488,187
"Minute Maid Park",2022,26239,217
"Kauffman Stadium",2022,13394,192
"Yankee Stadium II",2022,0,243
"Yankee Stadium II",2022,30157,197
"Oakland-Alameda County Coliseum",2022,5332,186
"Safeco Field",2022,15264,212
"Tropicana Field",2022,8696,171
"Wrigley Field",2022,23910,194
"Miller Park",2022,0,140
"Miller Park",2022,23019,188
"Citizens Bank Park",2022,19073,184
"Busch Stadium III",2022,40437,237
"Yankee Stadium II",2022,35551,201
"Oakland-Alameda County Coliseum",2022,4591,196
"Wrigley Field",2022,31309,172
"Coors Field",2022,34848,185
"Marlins Park",2022,12692,185
"Miller Park",2022,33660,162
"Citizens Bank Park",2022,22304,159
"PNC Park",2022,15718,192
"Petco Park",2022,43286,227
"Oriole Park at Camden Yards",2022,16451,209
"Minute Maid Park",2022,33509,180
"Kauffman Stadium",2022,14556,185
"Target Field",2022,18595,216
"Yankee Stadium II",2022,46160,212
"Oakland-Alameda County Coliseum",2022,11494,173
"Safeco Field",2022,42114,186
"Globe Life Field in Arlington",2022,21329,169
"Wrigley Field",2022,40086,163
"Coors Field",2022,27871,181
"Marlins Park",2022,17441,193
"Miller Park",2022,34615,154
"Citizens Bank Park",2022,37185,195
"PNC Park",2022,22042,194
"Petco Park",2022,43639,187
"Oriole Park at Camden Yards",2022,26050,205
"Minute Maid Park",2022,38533,188
"Kauffman Stadium",2022,15929,158
"Target Field",2022,26073,207
"Yankee Stadium II",2022,43088,167
"Oakland-Alameda County Coliseum",2022,11107,223
"Safeco Field",2022,44965,169
"Globe Life Field in Arlington",2022,28340,217
"Wrigley Field",2022,30004,201
"Coors Field",2022,27546,226
"Marlins Park",2022,13234,181
"Miller Park",2022,42482,185
"Citizens Bank Park",2022,23802,209
"PNC Park",2022,10398,160
"Petco Park",2022,41652,181
"Oriole Park at Camden Yards",2022,16030,177
"Minute Maid Park",2022,32901,207
"Kauffman Stadium",2022,13150,131
"Target Field",2022,19016,199
"Yankee Stadium II",2022,36402,191
"Oakland-Alameda County Coliseum",2022,11701,164
"Safeco Field",2022,45245,204
"Globe Life Field in Arlington",2022,20984,197
"Chase Field",2022,19393,157
"Great American Ballpark",2022,12083,174
"Marlins Park",2022,5095,180
"Marlins Park",2022,5242,189
"Citi Field",2022,28081,189
"Oracle Park",2022,23790,167
"Progressive Field",2022,12461,188
"Comerica Park",2022,13054,163
"Rogers Centre",2022,23002,159
"Chase Field",2022,21143,174
"Great American Ballpark",2022,9338,176
"Great American Ballpark",2022,13156,152
"Marlins Park",2022,5801,154
"Citi Field",2022,26435,175
"Oracle Park",2022,24872,181
"Busch Stadium III",2022,42047,187
"Nationals Park",2022,31679,198
"Fenway Park",2022,34250,217
"Guaranteed Rate Field;U.S. Cellular Field",2022,23606,160
"Progressive Field",2022,14419,178
"Comerica Park",2022,13820,172
"Target Field",2022,19005,163
"Safeco Field",2022,34740,184
"Globe Life Field in Arlington",2022,14925,171
"Rogers Centre",2022,23497,179
"Rogers Centre",2022,25103,183
"Chase Field",2022,22971,198
"Great American Ballpark",2022,11449,185
"Marlins Park",2022,5632,192
"Citi Field",2022,28522,194
"Oracle Park",2022,25093,165
"Busch Stadium III",2022,46459,190
"Nationals Park",2022,32497,173
"Fenway Park",2022,36581,187
"Guaranteed Rate Field;U.S. Cellular Field",2022,16654,187
"Progressive Field",2022,14529,176
"Comerica Park",2022,13947,178
"Target Field",2022,14927,163
"Safeco Field",2022,24238,173
"Globe Life Field in Arlington",2022,25700,220
"Rogers Centre",2022,24282,155
"Chase Field",2022,17121,158
"Marlins Park",2022,7877,182
"Citi Field",2022,25683,173
"Busch Stadium III",2022,44901,165
"Progressive Field",2022,11186,184
"Minute Maid Park",2022,26543,194
"Target Field",2022,16595,169
"Rogers Centre",2022,23820,186
"Chase Field",2022,19945,178
"Truist Park",2022,42578,195
"Wrigley Field",2022,31775,130
"Miller Park",2022,36011,249
"Citi Field",2022,28928,159
"Oracle Park",2022,37487,179
"Busch Stadium III",2022,47118,197
"Nationals Park",2022,24931,180
"Angel Stadium of Anaheim",2022,37480,209
"Fenway Park",2022,33181,158
"Progressive Field",2022,20669,166
"Comerica Park",2022,16335,198
"Minute Maid Park",2022,33850,181
"Tropicana Field",2022,14127,192
"Rogers Centre",2022,36573,160
"Chase Field",2022,29796,171
"Truist Park",2022,42542,198
"Wrigley Field",2022,34530,168
"Miller Park",2022,41210,176
"Citi Field",2022,40111,186
"Oracle Park",2022,40171,192
"Busch Stadium III",2022,46678,165
"Busch Stadium III",2022,48299,191
"Nationals Park",2022,34179,182
"Angel Stadium of Anaheim",2022,35538,168
"Fenway Park",2022,34925,159
"Progressive Field",2022,18177,152
"Progressive Field",2022,24449,324
"Comerica Park",2022,17579,209
"Minute Maid Park",2022,33419,148
"Tropicana Field",2022,14094,180
"Rogers Centre",2022,44448,180
"Chase Field",2022,20480,183
"Truist Park",2022,42015,186
"Wrigley Field",2022,35627,187
"Miller Park",2022,35964,226
"Citi Field",2022,36291,209
"Oracle Park",2022,32137,251
"Busch Stadium III",2022,47909,170
"Nationals Park",2022,31638,147
"Angel Stadium of Anaheim",2022,24929,163
"Fenway Park",2022,31199,212
"Progressive Field",2022,19601,163
"Comerica Park",2022,14435,194
"Minute Maid Park",2022,30375,189
"Tropicana Field",2022,12835,178
"Rogers Centre",2022,41301,198
"Truist Park",2022,33443,166
"Coors Field",2022,23055,225
"Dodger Stadium",2022,44854,166
"Marlins Park",2022,8315,177
"Miller Park",2022,25671,169
"Angel Stadium of Anaheim",2022,15594,188
"Oriole Park at Camden Yards",2022,10201,178
"Progressive Field",2022,12168,190
"Tropicana Field",2022,10390,165
"Truist Park",2022,40224,198
"Great American Ballpark",2022,16698,207
"Coors Field",2022,23942,187
"Dodger Stadium",2022,38902,210
"Dodger Stadium",2022,43097,169
"Marlins Park",2022,7972,168
"Miller Park",2022,26319,199
"Citizens Bank Park",2022,21129,221
"Petco Park",2022,39538,176
"Oriole Park at Camden Yards",2022,9582,178
"Guaranteed Rate Field;U.S. Cellular Field",2022,23242,237
"Kauffman Stadium",2022,14508,178
"Yankee Stadium II",2022,40157,213
"Oakland-Alameda County Coliseum",2022,4251,169
"Tropicana Field",2022,8992,190
"Globe Life Field in Arlington",2022,19472,170
"Truist Park",2022,37240,193
"Great American Ballpark",2022,13074,157
"Coors Field",2022,23293,159
"Dodger Stadium",2022,38845,173
"Marlins Park",2022,8753,167
"Miller Park",2022,25204,167
"Citizens Bank Park",2022,29363,248
"Petco Park",2022,38643,175
"Oriole Park at Camden Yards",2022,9314,147
"Guaranteed Rate Field;U.S. Cellular Field",2022,22606,151
"Kauffman Stadium",2022,13952,176
"Yankee Stadium II",2022,46175,171
"Oakland-Alameda County Coliseum",2022,4030,159
"Tropicana Field",2022,9293,167
"Globe Life Field in Arlington",2022,20959,155
"Great American Ballpark",2022,9889,170
"Coors Field",2022,25669,182
"Dodger Stadium",2022,47907,185
"Citizens Bank Park",2022,21276,188
"PNC Park",2022,9166,184
"Petco Park",2022,33389,183
"Oriole Park at Camden Yards",2022,16417,157
"Guaranteed Rate Field;U.S. Cellular Field",2022,23395,153
"Kauffman Stadium",2022,12951,154
"Yankee Stadium II",2022,43123,214
"Oakland-Alameda County Coliseum",2022,4696,202
"Tropicana Field",2022,8799,210
"Globe Life Field in Arlington",2022,16223,169
"Chase Field",2022,25949,217
"Great American Ballpark",2022,16658,202
"Coors Field",2022,48321,203
"Dodger Stadium",2022,50041,177
"Marlins Park",2022,12240,161
"Citizens Bank Park",2022,28013,200
"PNC Park",2022,11987,213
"Oriole Park at Camden Yards",2022,22833,160
"Guaranteed Rate Field;U.S. Cellular Field",2022,33257,184
"Kauffman Stadium",2022,13615,149
"Target Field",2022,24896,201
"Yankee Stadium II",2022,47346,180
"Oakland-Alameda County Coliseum",2022,18107,151
"Tropicana Field",2022,17407,201
"Globe Life Field in Arlington",2022,34862,211
"Chase Field",2022,24504,157
"Great American Ballpark",2022,20472,177
"Coors Field",2022,45983,194
"Dodger Stadium",2022,52527,170
"Marlins Park",2022,16099,138
"Citizens Bank Park",2022,36692,202
"PNC Park",2022,17273,146
"Oriole Park at Camden Yards",2022,22546,238
"Guaranteed Rate Field;U.S. Cellular Field",2022,36177,181
"Kauffman Stadium",2022,25237,205
"Target Field",2022,30959,169
"Yankee Stadium II",2022,47611,205
"Oakland-Alameda County Coliseum",2022,16041,175
"Tropicana Field",2022,22169,198
"Globe Life Field in Arlington",2022,28415,150
"Chase Field",2022,25389,199
"Great American Ballpark",2022,19952,166
"Coors Field",2022,40503,223
"Dodger Stadium",2022,48695,168
"Marlins Park",2022,13042,189
"Citizens Bank Park",2022,32090,249
"PNC Park",2022,16192,188
"Oriole Park at Camden Yards",2022,24449,242
"Guaranteed Rate Field;U.S. Cellular Field",2022,33549,184
"Kauffman Stadium",2022,18350,223
"Target Field",2022,24133,227
"Yankee Stadium II",2022,46707,127
"Oakland-Alameda County Coliseum",2022,13942,187
"Tropicana Field",2022,16394,184
"Globe Life Field in Arlington",2022,31845,174
"PNC Park",2022,8766,185
"Nationals Park",2022,24684,144
"Fenway Park",2022,25634,199
"Rogers Centre",2022,34307,209
"Wrigley Field",2022,32069,135
"Miller Park",2022,29341,193
"Citi Field",2022,29067,197
"PNC Park",2022,8723,181
"Petco Park",2022,32127,249
"Oracle Park",2022,24218,153
"Nationals Park",2022,23281,167
"Angel Stadium of Anaheim",2022,19374,194
"Fenway Park",2022,30765,237
"Progressive Field",2022,10775,246
"Comerica Park",2022,13334,180
"Minute Maid Park",2022,37480,208
"Target Field",2022,23647,158
"Safeco Field",2022,23221,202
"Rogers Centre",2022,40528,175
"Wrigley Field",2022,29368,179
"Miller Park",2022,28835,211
"Citi Field",2022,28228,206
"PNC Park",2022,9127,157
"Petco Park",2022,32523,224
"Oracle Park",2022,22663,199
"Nationals Park",2022,24876,193
"Angel Stadium of Anaheim",2022,23573,203
"Fenway Park",2022,33073,159
"Progressive Field",2022,10674,199
"Comerica Park",2022,12610,170
"Minute Maid Park",2022,35670,209
"Target Field",2022,22332,186
"Safeco Field",2022,21863,154
"Rogers Centre",2022,37008,200
"Wrigley Field",2022,23425,175
"Miller Park",2022,23122,188
"Petco Park",2022,35636,197
"Oracle Park",2022,24112,177
"Angel Stadium of Anaheim",2022,31293,187
"Fenway Park",2022,29779,180
"Progressive Field",2022,11783,163
"Comerica Park",2022,13137,183
"Target Field",2022,23397,191
"Safeco Field",2022,21094,228
"Truist Park",2022,42402,174
"Wrigley Field",2022,24297,149
"Dodger Stadium",2022,52025,165
"Miller Park",2022,31945,148
"Petco Park",2022,37490,203
"Oracle Park",2022,28478,179
"Busch Stadium III",2022,47032,181
"Nationals Park",2022,24682,197
"Angel Stadium of Anaheim",2022,32939,155
"Progressive Field",2022,19753,147
"Comerica Park",2022,18505,197
"Minute Maid Park",2022,37349,174
"Yankee Stadium II",2022,47583,192
"Safeco Field",2022,44754,167
"Rogers Centre",2022,37283,184
"Truist Park",2022,42561,174
"Wrigley Field",2022,31256,152
"Dodger Stadium",2022,47334,209
"Miller Park",2022,30686,208
"Petco Park",2022,38114,187
"Oracle Park",2022,30630,190
"Busch Stadium III",2022,46365,181
"Nationals Park",2022,29808,178
"Nationals Park",2022,36841,169
"Angel Stadium of Anaheim",2022,32472,147
"Progressive Field",2022,26982,201
"Comerica Park",2022,18307,192
"Minute Maid Park",2022,37406,164
"Yankee Stadium II",2022,45428,158
"Safeco Field",2022,42512,156
"Rogers Centre",2022,44612,189
"Truist Park",2022,42713,201
"Wrigley Field",2022,30029,173
"Dodger Stadium",2022,44091,169
"Miller Park",2022,31053,252
"Petco Park",2022,41407,186
"Oracle Park",2022,34824,216
"Busch Stadium III",2022,46680,198
"Nationals Park",2022,32779,140
"Angel Stadium of Anaheim",2022,26041,170
"Progressive Field",2022,20622,180
"Comerica Park",2022,20105,189
"Minute Maid Park",2022,35809,176
"Yankee Stadium II",2022,44332,215
"Safeco Field",2022,42465,191
"Rogers Centre",2022,43877,170
"Great American Ballpark",2022,11291,151
"Dodger Stadium",2022,52012,182
"Marlins Park",2022,10767,149
"Miller Park",2022,18612,199
"PNC Park",2022,12702,190
"Petco Park",2022,31687,192
"Oriole Park at Camden Yards",2022,10642,136
"Fenway Park",2022,26633,155
"Guaranteed Rate Field;U.S. Cellular Field",2022,22891,152
"Progressive Field",2022,18688,182
"Minute Maid Park",2022,32324,179
"Oakland-Alameda County Coliseum",2022,6978,229
"Safeco Field",2022,23463,191
"Globe Life Field in Arlington",2022,35906,149
"Great American Ballpark",2022,13738,172
"Dodger Stadium",2022,51833,168
"Marlins Park",2022,14138,189
"Miller Park",2022,19611,182
"Citi Field",2022,0,192
"Citi Field",2022,23649,189
"PNC Park",2022,12842,233
"Petco Park",2022,32884,164
"Fenway Park",2022,26477,104
"Guaranteed Rate Field;U.S. Cellular Field",2022,24884,172
"Progressive Field",2022,19455,153
"Minute Maid Park",2022,32032,181
"Oakland-Alameda County Coliseum",2022,8189,187
"Safeco Field",2022,0,204
"Safeco Field",2022,24564,202
"Globe Life Field in Arlington",2022,30553,165
"Globe Life Field in Arlington",2022,38832,156
"Great American Ballpark",2022,12437,200
"Dodger Stadium",2022,37514,164
"Marlins Park",2022,12195,220
"Miller Park",2022,18765,163
"Citi Field",2022,27298,164
"PNC Park",2022,15319,162
"Petco Park",2022,32064,187
"Oriole Park at Camden Yards",2022,0,166
"Oriole Park at Camden Yards",2022,17248,184
"Fenway Park",2022,26695,201
"Guaranteed Rate Field;U.S. Cellular Field",2022,18918,166
"Progressive Field",2022,12983,159
"Minute Maid Park",2022,32432,169
"Oakland-Alameda County Coliseum",2022,11232,164
"Safeco Field",2022,22053,168
"Globe Life Field in Arlington",2022,28056,168
"Wrigley Field",2021,0,240
"Great American Ballpark",2021,0,211
"Coors Field",2021,0,226
"Marlins Park",2021,0,164
"Miller Park",2021,0,254
"Citizens Bank Park",2021,0,213
"Petco Park",2021,0,206
"Angel Stadium of Anaheim",2021,0,171
"Comerica Park",2021,0,183
"Kauffman Stadium",2021,0,266
"Yankee Stadium II",2021,0,224
"Oakland-Alameda County Coliseum",2021,0,208
"Safeco Field",2021,0,225
"Coors Field",2021,0,199
"Marlins Park",2021,0,202
"Petco Park",2021,0,233
"Angel Stadium of Anaheim",2021,0,224
"Fenway Park",2021,0,190
"Oakland-Alameda County Coliseum",2021,0,214
"Safeco Field",2021,0,196
"Wrigley Field",2021,0,188
"Great American Ballpark",2021,0,204
"Coors Field",2021,0,215
"Marlins Park",2021,0,212
"Miller Park",2021,0,166
"Citizens Bank Park",2021,0,150
"Petco Park",2021,0,178
"Angel Stadium of Anaheim",2021,0,184
"Fenway Park",2021,0,171
"Comerica Park",2021,0,197
"Kauffman Stadium",2021,0,173
"Yankee Stadium II",2021,0,218
"Oakland-Alameda County Coliseum",2021,0,204
"Safeco Field",2021,0,179
"Wrigley Field",2021,0,189
"Great American Ballpark",2021,0,180
"Coors Field",2021,0,171
"Miller Park",2021,0,209
"Citizens Bank Park",2021,0,160
"Petco Park",2021,0,199
"Angel Stadium of Anaheim",2021,0,236
"Fenway Park",2021,0,208
"Comerica Park",2021,0,158
"Kauffman Stadium",2021,0,173
"Yankee Stadium II",2021,0,161
"Oakland-Alameda County Coliseum",2021,0,195
"Wrigley Field",2021,0,169
"Great American Ballpark",2021,0,198
"Marlins Park",2021,0,189
"Citizens Bank Park",2021,0,195
"Petco Park",2021,0,215
"Angel Stadium of Anaheim",2021,0,241
"Fenway Park",2021,0,206
"Progressive Field",2021,0,172
"Comerica Park",2021,0,212
"Yankee Stadium II",2021,0,178
"Oakland-Alameda County Coliseum",2021,0,215
"Safeco Field",2021,0,203
"Globe Life Field in Arlington",2021,0,184
"Wrigley Field",2021,0,186
"Great American Ballpark",2021,0,155
"Coors Field",2021,0,269
"Marlins Park",2021,0,223
"Citizens Bank Park",2021,0,220
"Petco Park",2021,0,173
"Nationals Park",2021,0,190
"Angel Stadium of Anaheim",2021,0,167
"Fenway Park",2021,0,265
"Comerica Park",2021,0,240
"Yankee Stadium II",2021,0,178
"Oakland-Alameda County Coliseum",2021,0,165
"Safeco Field",2021,0,225
"Globe Life Field in Arlington",2021,0,153
"Wrigley Field",2021,0,212
"Great American Ballpark",2021,0,155
"Coors Field",2021,0,177
"Marlins Park",2021,0,190
"Citizens Bank Park",2021,0,215
"Petco Park",2021,0,201
"Nationals Park",2021,0,169
"Nationals Park",2021,0,128
"Fenway Park",2021,0,171
"Progressive Field",2021,0,173
"Comerica Park",2021,0,166
"Yankee Stadium II",2021,0,234
"Oakland-Alameda County Coliseum",2021,0,226
"Safeco Field",2021,0,229
"Globe Life Field in Arlington",2021,0,153
"Coors Field",2021,0,171
"Citi Field",2021,0,198
"PNC Park",2021,0,195
"Busch Stadium III",2021,0,185
"Oriole Park at Camden Yards",2021,0,188
"Guaranteed Rate Field;U.S. Cellular Field",2021,0,168
"Minute Maid Park",2021,0,190
"Target Field",2021,0,207
"TD Ballpark",2021,0,237
"Chase Field",2021,0,227
"Truist Park",2021,0,183
"Dodger Stadium",2021,0,151
"Oracle Park",2021,0,174
"Progressive Field",2021,0,160
"Minute Maid Park",2021,0,194
"Tropicana Field",2021,0,173
"Globe Life Field in Arlington",2021,0,166
"TD Ballpark",2021,0,186
"Chase Field",2021,0,189
"Truist Park",2021,0,170
"Dodger Stadium",2021,0,191
"Citi Field",2021,0,156
"PNC Park",2021,0,187
"Oracle Park",2021,0,193
"Busch Stadium III",2021,0,223
"Oriole Park at Camden Yards",2021,0,214
"Progressive Field",2021,0,173
"Minute Maid Park",2021,0,194
"Target Field",2021,0,194
"Tropicana Field",2021,0,184
"Globe Life Field in Arlington",2021,0,195
"TD Ballpark",2021,0,201
"Chase Field",2021,0,159
"Truist Park",2021,0,183
"Dodger Stadium",2021,0,149
"Citi Field",2021,0,245
"PNC Park",2021,0,182
"Oracle Park",2021,0,180
"Busch Stadium III",2021,0,184
"Oriole Park at Camden Yards",2021,0,226
"Guaranteed Rate Field;U.S. Cellular Field",2021,0,234
"Progressive Field",2021,0,184
"Target Field",2021,0,208
"Tropicana Field",2021,0,222
"Globe Life Field in Arlington",2021,0,196
"Chase Field",2021,0,209
"Truist Park",2021,0,225
"Miller Park",2021,0,184
"PNC Park",2021,0,184
"Oracle Park",2021,0,155
"Busch Stadium III",2021,0,200
"Guaranteed Rate Field;U.S. Cellular Field",2021,0,185
"Minute Maid Park",2021,0,184
"Kauffman Stadium",2021,0,208
"Tropicana Field",2021,0,162
"TD Ballpark",2021,0,184
"Chase Field",2021,0,219
"Truist Park",2021,0,231
"Dodger Stadium",2021,0,188
"Miller Park",2021,0,187
"Citi Field",2021,0,191
"Citi Field",2021,0,150
"PNC Park",2021,0,247
"Oracle Park",2021,0,191
"Busch Stadium III",2021,0,204
"Oriole Park at Camden Yards",2021,0,146
"Oriole Park at Camden Yards",2021,0,158
"Guaranteed Rate Field;U.S. Cellular Field",2021,0,182
"Minute Maid Park",2021,0,207
"Kauffman Stadium",2021,0,177
"Target Field",2021,0,197
"Tropicana Field",2021,0,163
"TD Ballpark",2021,0,184
"Truist Park",2021,0,206
"Dodger Stadium",2021,0,216
"Miller Park",2021,0,186
"Citi Field",2021,0,170
"PNC Park",2021,0,207
"Oracle Park",2021,0,150
"Busch Stadium III",2021,0,191
"Guaranteed Rate Field;U.S. Cellular Field",2021,0,160
"Minute Maid Park",2021,0,240
"Kauffman Stadium",2021,0,190
"Target Field",2021,0,160
"Target Field",2021,0,151
"Tropicana Field",2021,0,178
"TD Ballpark",2021,0,174
"Truist Park",2021,0,204
"Dodger Stadium",2021,0,181
"PNC Park",2021,0,195
"Nationals Park",2021,0,206
"Oriole Park at Camden Yards",2021,0,143
"Oriole Park at Camden Yards",2021,0,121
"Guaranteed Rate Field;U.S. Cellular Field",2021,0,197
"Kauffman Stadium",2021,0,171
"Target Field",2021,0,205
"Oakland-Alameda County Coliseum",2021,0,197
"Tropicana Field",2021,0,224
"Wrigley Field",2021,0,242
"Great American Ballpark",2021,0,191
"Marlins Park",2021,0,164
"Miller Park",2021,0,189
"Citizens Bank Park",2021,0,154
"Petco Park",2021,0,297
"Nationals Park",2021,0,174
"Angel Stadium of Anaheim",2021,0,188
"Yankee Stadium II",2021,0,202
"Oakland-Alameda County Coliseum",2021,0,151
"Safeco Field",2021,0,184
"Globe Life Field in Arlington",2021,0,152
"Wrigley Field",2021,0,203
"Great American Ballpark",2021,0,205
"Coors Field",2021,0,147
"Coors Field",2021,0,131
"Marlins Park",2021,0,236
"Miller Park",2021,0,162
"Citizens Bank Park",2021,0,234
"Petco Park",2021,0,192
"Nationals Park",2021,0,203
"Fenway Park",2021,0,216
"Kauffman Stadium",2021,0,130
"Kauffman Stadium",2021,0,141
"Yankee Stadium II",2021,0,208
"Oakland-Alameda County Coliseum",2021,0,169
"Safeco Field",2021,0,156
"Globe Life Field in Arlington",2021,0,185
"Wrigley Field",2021,0,206
"Great American Ballpark",2021,0,162
"Coors Field",2021,0,158
"Marlins Park",2021,0,173
"Miller Park",2021,0,227
"Citizens Bank Park",2021,0,154
"Petco Park",2021,0,192
"Nationals Park",2021,0,200
"Fenway Park",2021,0,124
"Fenway Park",2021,0,144
"Kauffman Stadium",2021,0,174
"Yankee Stadium II",2021,0,176
"Oakland-Alameda County Coliseum",2021,0,162
"Safeco Field",2021,0,199
"Globe Life Field in Arlington",2021,0,180
"Citizens Bank Park",2021,0,190
"Petco Park",2021,0,169
"Nationals Park",2021,0,191
"Angel Stadium of Anaheim",2021,0,195
"Fenway Park",2021,0,195
"Kauffman Stadium",2021,0,180
"Safeco Field",2021,0,191
"Wrigley Field",2021,0,212
"Great American Ballpark",2021,0,200
"Coors Field",2021,0,188
"Marlins Park",2021,0,206
"Citizens Bank Park",2021,0,196
"Petco Park",2021,0,170
"Nationals Park",2021,0,171
"Angel Stadium of Anaheim",2021,0,172
"Fenway Park",2021,0,162
"Progressive Field",2021,0,219
"Kauffman Stadium",2021,0,215
"Yankee Stadium II",2021,0,186
"Oakland-Alameda County Coliseum",2021,0,135
"Oakland-Alameda County Coliseum",2021,0,128
"Safeco Field",2021,0,148
"Wrigley Field",2021,0,207
"Great American Ballpark",2021,0,220
"Coors Field",2021,0,154
"Marlins Park",2021,0,162
"Citizens Bank Park",2021,0,195
"Petco Park",2021,0,220
"Nationals Park",2021,0,181
"Angel Stadium of Anaheim",2021,0,200
"Fenway Park",2021,0,225
"Comerica Park",2021,0,136
"Comerica Park",2021,0,115
"Kauffman Stadium",2021,0,193
"Yankee Stadium II",2021,0,196
"Oakland-Alameda County Coliseum",2021,0,256
"Wrigley Field",2021,0,221
"Great American Ballpark",2021,0,266
"Dodger Stadium",2021,0,182
"Oracle Park",2021,0,146
"Fenway Park",2021,0,208
"Progressive Field",2021,0,211
"Comerica Park",2021,0,174
"Minute Maid Park",2021,0,223
"Truist Park",2021,0,167
"Wrigley Field",2021,0,186
"Coors Field",2021,0,202
"Dodger Stadium",2021,0,172
"Citi Field",2021,0,157
"Oracle Park",2021,0,161
"Busch Stadium III",2021,0,195
"Oriole Park at Camden Yards",2021,0,173
"Fenway Park",2021,0,208
"Guaranteed Rate Field;U.S. Cellular Field",2021,0,224
"Progressive Field",2021,0,197
"Comerica Park",2021,0,182
"Minute Maid Park",2021,0,213
"Target Field",2021,0,137
"Tropicana Field",2021,0,166
"Wrigley Field",2021,0,212
"Coors Field",2021,0,191
"Dodger Stadium",2021,0,233
"Citi Field",2021,0,200
"Oracle Park",2021,0,166
"Busch Stadium III",2021,0,153
"Oriole Park at Camden Yards",2021,0,199
"Fenway Park",2021,0,185
"Guaranteed Rate Field;U.S. Cellular Field",2021,0,178
"Progressive Field",2021,0,185
"Comerica Park",2021,0,130
"Minute Maid Park",2021,0,200
"Target Field",2021,0,163
"Tropicana Field",2021,0,190
"Truist Park",2021,0,130
"Truist Park",2021,0,131
"Wrigley Field",2021,0,203
"Coors Field",2021,0,196
"Dodger Stadium",2021,0,299
"Citi Field",2021,0,162
"Oracle Park",2021,0,190
"Busch Stadium III",2021,0,169
"Oriole Park at Camden Yards",2021,0,176
"Fenway Park",2021,0,164
"Guaranteed Rate Field;U.S. Cellular Field",2021,0,212
"Progressive Field",2021,0,187
"Comerica Park",2021,0,203
"Minute Maid Park",2021,0,184
"Target Field",2021,0,211
"Tropicana Field",2021,0,193
"Truist Park",2021,0,209
"Dodger Stadium",2021,0,229
"Miller Park",2021,0,200
"Oracle Park",2021,0,147
"Busch Stadium III",2021,0,142
"Oriole Park at Camden Yards",2021,0,161
"Progressive Field",2021,0,190
"Comerica Park",2021,0,176
"Minute Maid Park",2021,0,187
"Tropicana Field",2021,0,171
"Globe Life Field in Arlington",2021,0,186
"Chase Field",2021,0,173
"Truist Park",2021,0,166
"Dodger Stadium",2021,0,194
"Miller Park",2021,0,195
"Citi Field",2021,0,158
"PNC Park",2021,0,140
"Oracle Park",2021,0,210
"Busch Stadium III",2021,0,162
"Oriole Park at Camden Yards",2021,0,173
"Guaranteed Rate Field;U.S. Cellular Field",2021,0,190
"Progressive Field",2021,0,187
"Minute Maid Park",2021,0,160
"Tropicana Field",2021,0,176
"Globe Life Field in Arlington",2021,0,170
"TD Ballpark",2021,0,176
"Chase Field",2021,0,185
"Truist Park",2021,0,176
"Dodger Stadium",2021,0,195
"Miller Park",2021,0,184
"Citi Field",2021,0,176
"PNC Park",2021,0,235
"Oracle Park",2021,0,200
"Busch Stadium III",2021,0,199
"Oriole Park at Camden Yards",2021,0,153
"Progressive Field",2021,0,180
"Minute Maid Park",2021,0,209
"Tropicana Field",2021,0,165
"Globe Life Field in Arlington",2021,0,168
"TD Ballpark",2021,0,173
"Chase Field",2021,0,181
"Truist Park",2021,0,195
"Miller Park",2021,0,165
"Busch Stadium III",2021,0,190
"Oriole Park at Camden Yards",2021,0,210
"Guaranteed Rate Field;U.S. Cellular Field",2021,0,110
"Guaranteed Rate Field;U.S. Cellular Field",2021,0,162
"Minute Maid Park",2021,0,163
"Tropicana Field",2021,0,184
"Globe Life Field in Arlington",2021,0,169
"Chase Field",2021,0,178
"Great American Ballpark",2021,0,201
"Miller Park",2021,0,164
"Citizens Bank Park",2021,0,200
"PNC Park",2021,0,199
"Petco Park",2021,0,195
"Nationals Park",2021,0,182
"Guaranteed Rate Field;U.S. Cellular Field",2021,0,175
"Target Field",2021,0,189
"Yankee Stadium II",2021,0,183
"Oakland-Alameda County Coliseum",2021,0,160
"Safeco Field",2021,0,200
"Tropicana Field",2021,0,190
"Globe Life Field in Arlington",2021,0,165
"TD Ballpark",2021,0,197
"Chase Field",2021,0,221
"Great American Ballpark",2021,0,197
"Miller Park",2021,0,288
"Citizens Bank Park",2021,0,176
"PNC Park",2021,0,223
"Petco Park",2021,0,176
"Nationals Park",2021,0,179
"Guaranteed Rate Field;U.S. Cellular Field",2021,0,182
"Target Field",2021,0,179
"Yankee Stadium II",2021,0,205
"Oakland-Alameda County Coliseum",2021,0,190
"Safeco Field",2021,0,196
"Tropicana Field",2021,0,160
"Globe Life Field in Arlington",2021,0,199
"TD Ballpark",2021,0,214
"Chase Field",2021,0,209
"Great American Ballpark",2021,0,237
"Miller Park",2021,0,191
"Citizens Bank Park",2021,0,234
"PNC Park",2021,0,161
"Petco Park",2021,0,190
"Nationals Park",2021,0,157
"Guaranteed Rate Field;U.S. Cellular Field",2021,0,199
"Target Field",2021,0,182
"Yankee Stadium II",2021,0,134
"Oakland-Alameda County Coliseum",2021,0,183
"Safeco Field",2021,0,185
"Tropicana Field",2021,0,201
"Globe Life Field in Arlington",2021,0,177
"TD Ballpark",2021,0,189
"Citizens Bank Park",2021,0,198
"Petco Park",2021,0,161
"Busch Stadium III",2021,0,200
"Angel Stadium of Anaheim",2021,0,211
"Kauffman Stadium",2021,0,220
"Target Field",2021,0,185
"Oakland-Alameda County Coliseum",2021,0,165
"Safeco Field",2021,0,175
"Wrigley Field",2021,0,137
"Wrigley Field",2021,0,226
"Great American Ballpark",2021,0,197
"Coors Field",2021,0,158
"Coors Field",2021,0,184
"Marlins Park",2021,0,197
"Citizens Bank Park",2021,0,201
"Petco Park",2021,0,179
"Nationals Park",2021,0,175
"Angel Stadium of Anaheim",2021,0,209
"Fenway Park",2021,0,218
"Kauffman Stadium",2021,0,219
"Target Field",2021,0,204
"Yankee Stadium II",2021,0,207
"Oakland-Alameda County Coliseum",2021,0,138
"Safeco Field",2021,0,195
"Wrigley Field",2021,0,263
"Great American Ballpark",2021,0,190
"Coors Field",2021,0,188
"Marlins Park",2021,0,177
"Citizens Bank Park",2021,0,187
"Petco Park",2021,0,201
"Busch Stadium III",2021,0,148
"Busch Stadium III",2021,0,160
"Nationals Park",2021,0,169
"Angel Stadium of Anaheim",2021,0,196
"Fenway Park",2021,0,227
"Kauffman Stadium",2021,0,189
"Target Field",2021,0,184
"Yankee Stadium II",2021,0,215
"Oakland-Alameda County Coliseum",2021,0,184
"Safeco Field",2021,0,145
"Marlins Park",2021,0,164
"Citizens Bank Park",2021,0,161
"Busch Stadium III",2021,0,199
"Nationals Park",2021,0,173
"Angel Stadium of Anaheim",2021,0,183
"Fenway Park",2021,0,253
"Kauffman Stadium",2021,0,190
"Target Field",2021,0,205
"Yankee Stadium II",2021,0,194
"Oakland-Alameda County Coliseum",2021,0,190
"Truist Park",2021,0,203
"Wrigley Field",2021,0,187
"Marlins Park",2021,0,179
"Citi Field",2021,0,232
"Oracle Park",2021,0,214
"Busch Stadium III",2021,0,162
"Angel Stadium of Anaheim",2021,0,185
"Oriole Park at Camden Yards",2021,0,205
"Progressive Field",2021,0,154
"Comerica Park",2021,0,201
"Minute Maid Park",2021,0,194
"Kauffman Stadium",2021,0,186
"Yankee Stadium II",2021,0,181
"Oakland-Alameda County Coliseum",2021,0,148
"Globe Life Field in Arlington",2021,0,177
"Truist Park",2021,0,287
"Wrigley Field",2021,0,193
"Marlins Park",2021,0,182
"Citi Field",2021,0,210
"Oracle Park",2021,0,182
"Busch Stadium III",2021,0,219
"Angel Stadium of Anaheim",2021,0,243
"Oriole Park at Camden Yards",2021,0,205
"Progressive Field",2021,0,188
"Comerica Park",2021,0,218
"Minute Maid Park",2021,0,189
"Kauffman Stadium",2021,0,184
"Yankee Stadium II",2021,0,230
"Oakland-Alameda County Coliseum",2021,0,192
"Globe Life Field in Arlington",2021,0,205
"Truist Park",2021,0,164
"Wrigley Field",2021,0,183
"Marlins Park",2021,0,195
"Citi Field",2021,0,207
"Oracle Park",2021,0,188
"Busch Stadium III",2021,0,168
"Angel Stadium of Anaheim",2021,0,206
"Oriole Park at Camden Yards",2021,0,177
"Minute Maid Park",2021,0,210
"Kauffman Stadium",2021,0,209
"Yankee Stadium II",2021,0,184
"Oakland-Alameda County Coliseum",2021,0,160
"Globe Life Field in Arlington",2021,0,183
"Chase Field",2021,0,167
"PNC Park",2021,0,199
"Oracle Park",2021,0,167
"Oriole Park at Camden Yards",2021,0,165
"Minute Maid Park",2021,0,237
"Chase Field",2021,0,182
"Truist Park",2021,0,195
"Coors Field",2021,0,184
"Dodger Stadium",2021,0,174
"Miller Park",2021,0,235
"Citi Field",2021,0,193
"PNC Park",2021,0,188
"Oracle Park",2021,0,180
"Nationals Park",2021,0,238
"Fenway Park",2021,0,181
"Guaranteed Rate Field;U.S. Cellular Field",2021,0,203
"Progressive Field",2021,0,176
"Comerica Park",2021,0,220
"Minute Maid Park",2021,0,153
"Tropicana Field",2021,0,170
"Chase Field",2021,0,161
"Truist Park",2021,0,162
"Coors Field",2021,0,189
"Coors Field",2021,0,175
"Dodger Stadium",2021,0,177
"Miller Park",2021,0,187
"Citi Field",2021,0,159
"PNC Park",2021,0,235
"Nationals Park",2021,0,226
"Fenway Park",2021,0,179
"Guaranteed Rate Field;U.S. Cellular Field",2021,0,225
"Progressive Field",2021,0,230
"Comerica Park",2021,0,162
"Minute Maid Park",2021,0,172
"Tropicana Field",2021,0,156
"Chase Field",2021,0,175
"Truist Park",2021,0,194
"Coors Field",2021,0,216
"Miller Park",2021,0,211
"PNC Park",2021,0,172
"Nationals Park",2021,0,158
"Fenway Park",2021,0,174
"Guaranteed Rate Field;U.S. Cellular Field",2021,0,211
"Comerica Park",2021,0,191
"Minute Maid Park",2021,0,224
"Safeco Field",2021,0,156
"Tropicana Field",2021,0,185
"Chase Field",2021,0,194
"Coors Field",2021,0,200
"Dodger Stadium",2021,0,198
"Miller Park",2021,0,203
"PNC Park",2021,0,200
"Petco Park",2021,0,248
"Oriole Park at Camden Yards",2021,0,175
"Fenway Park",2021,0,165
"Guaranteed Rate Field;U.S. Cellular Field",2021,0,148
"Guaranteed Rate Field;U.S. Cellular Field",2021,0,150
"Comerica Park",2021,0,151
"Minute Maid Park",2021,0,181
"Target Field",2021,0,180
"Safeco Field",2021,0,186
"Tropicana Field",2021,0,174
"TD Ballpark",2021,0,218
"Chase Field",2021,0,207
"Coors Field",2021,0,250
"Dodger Stadium",2021,0,191
"Miller Park",2021,0,174
"PNC Park",2021,0,216
"Petco Park",2021,0,211
"Oriole Park at Camden Yards",2021,0,183
"Fenway Park",2021,0,172
"Guaranteed Rate Field;U.S. Cellular Field",2021,0,201
"Comerica Park",2021,0,246
"Minute Maid Park",2021,0,206
"Target Field",2021,0,171
"Safeco Field",2021,0,189
"Tropicana Field",2021,0,181
"TD Ballpark",2021,0,193
"Chase Field",2021,0,169
"Coors Field",2021,0,236
"Dodger Stadium",2021,0,203
"Miller Park",2021,0,225
"PNC Park",2021,0,193
"Petco Park",2021,0,212
"Oriole Park at Camden Yards",2021,0,193
"Fenway Park",2021,0,199
"Guaranteed Rate Field;U.S. Cellular Field",2021,0,201
"Comerica Park",2021,0,172
"Minute Maid Park",2021,0,183
"Target Field",2021,0,213
"Safeco Field",2021,0,216
"Tropicana Field",2021,0,152
"TD Ballpark",2021,0,225
"Truist Park",2021,0,194
"Wrigley Field",2021,0,173
"Great American Ballpark",2021,0,182
"Dodger Stadium",2021,0,185
"Petco Park",2021,0,175
"Angel Stadium of Anaheim",2021,0,203
"Target Field",2021,0,191
"Safeco Field",2021,0,154
"Globe Life Field in Arlington",2021,0,158
"Truist Park",2021,0,156
"Wrigley Field",2021,0,202
"Great American Ballpark",2021,0,172
"Dodger Stadium",2021,0,170
"Citizens Bank Park",2021,0,214
"Petco Park",2021,0,220
"Busch Stadium III",2021,0,173
"Angel Stadium of Anaheim",2021,0,168
"Oriole Park at Camden Yards",2021,0,222
"Kauffman Stadium",2021,0,168
"Target Field",2021,0,228
"Oakland-Alameda County Coliseum",2021,0,189
"Safeco Field",2021,0,164
"Globe Life Field in Arlington",2021,0,211
"TD Ballpark",2021,0,196
"Truist Park",2021,0,170
"Wrigley Field",2021,0,228
"Great American Ballpark",2021,0,187
"Dodger Stadium",2021,0,176
"Citizens Bank Park",2021,0,182
"Petco Park",2021,0,172
"Busch Stadium III",2021,0,226
"Angel Stadium of Anaheim",2021,0,185
"Oriole Park at Camden Yards",2021,0,192
"Kauffman Stadium",2021,0,190
"Target Field",2021,0,155
"Oakland-Alameda County Coliseum",2021,0,198
"Safeco Field",2021,0,191
"Globe Life Field in Arlington",2021,0,142
"TD Ballpark",2021,0,187
"Truist Park",2021,0,223
"Wrigley Field",2021,0,187
"Great American Ballpark",2021,0,227
"Dodger Stadium",2021,0,174
"Citizens Bank Park",2021,0,188
"Angel Stadium of Anaheim",2021,0,115
"Angel Stadium of Anaheim",2021,0,169
"Oriole Park at Camden Yards",2021,0,194
"Oakland-Alameda County Coliseum",2021,0,206
"Globe Life Field in Arlington",2021,0,169
"TD Ballpark",2021,0,205
"Truist Park",2021,0,189
"Great American Ballpark",2021,0,209
"Coors Field",2021,0,165
"Marlins Park",2021,0,278
"Citizens Bank Park",2021,0,215
"Petco Park",2021,0,214
"Oracle Park",2021,0,175
"Busch Stadium III",2021,0,197
"Nationals Park",2021,0,176
"Angel Stadium of Anaheim",2021,0,195
"Progressive Field",2021,0,190
"Kauffman Stadium",2021,0,199
"Yankee Stadium II",2021,0,173
"Globe Life Field in Arlington",2021,0,248
"TD Ballpark",2021,0,266
"Truist Park",2021,0,171
"Great American Ballpark",2021,0,187
"Coors Field",2021,0,199
"Marlins Park",2021,0,182
"Citizens Bank Park",2021,0,220
"Petco Park",2021,0,186
"Oracle Park",2021,0,174
"Busch Stadium III",2021,0,167
"Nationals Park",2021,0,221
"Angel Stadium of Anaheim",2021,0,182
"Progressive Field",2021,0,214
"Kauffman Stadium",2021,0,208
"Yankee Stadium II",2021,0,186
"Globe Life Field in Arlington",2021,0,204
"TD Ballpark",2021,0,171
"Truist Park",2021,0,150
"Great American Ballpark",2021,0,210
"Coors Field",2021,0,200
"Marlins Park",2021,0,157
"Citizens Bank Park",2021,0,199
"Petco Park",2021,0,175
"Oracle Park",2021,0,186
"Busch Stadium III",2021,0,218
"Nationals Park",2021,0,194
"Angel Stadium of Anaheim",2021,0,201
"Progressive Field",2021,0,224
"Kauffman Stadium",2021,0,170
"Yankee Stadium II",2021,0,217
"Globe Life Field in Arlington",2021,0,219
"TD Ballpark",2021,0,183
"Marlins Park",2021,0,203
"Miller Park",2021,0,192
"Citi Field",2021,0,163
"Guaranteed Rate Field;U.S. Cellular Field",2021,0,194
"Comerica Park",2021,0,211
"Target Field",2021,0,189
"Oakland-Alameda County Coliseum",2021,0,184
"TD Ballpark",2021,0,232
"Chase Field",2021,0,196
"Marlins Park",2021,0,169
"Miller Park",2021,0,186
"Citi Field",2021,0,184
"PNC Park",2021,0,179
"Nationals Park",2021,0,172
"Angel Stadium of Anaheim",2021,0,179
"Fenway Park",2021,0,186
"Guaranteed Rate Field;U.S. Cellular Field",2021,0,203
"Comerica Park",2021,0,167
"Minute Maid Park",2021,0,207
"Target Field",2021,0,203
"Yankee Stadium II",2021,0,182
"Oakland-Alameda County Coliseum",2021,0,189
"Tropicana Field",2021,0,149
"Chase Field",2021,0,183
"Marlins Park",2021,0,209
"Miller Park",2021,0,184
"PNC Park",2021,0,174
"Nationals Park",2021,0,206
"Angel Stadium of Anaheim",2021,0,194
"Fenway Park",2021,0,176
"Guaranteed Rate Field;U.S. Cellular Field",2021,0,199
"Comerica Park",2021,0,159
"Minute Maid Park",2021,0,185
"Target Field",2021,0,159
"Oakland-Alameda County Coliseum",2021,0,181
"Tropicana Field",2021,0,175
"Chase Field",2021,0,208
"Dodger Stadium",2021,0,146
"Marlins Park",2021,0,191
"Miller Park",2021,0,231
"Citi Field",2021,0,114
"Citi Field",2021,0,168
"PNC Park",2021,0,181
"Nationals Park",2021,0,127
"Guaranteed Rate Field;U.S. Cellular Field",2021,0,198
"Comerica Park",2021,0,186
"Yankee Stadium II",2021,0,131
"Yankee Stadium II",2021,0,136
"Oakland-Alameda County Coliseum",2021,0,179
"Safeco Field",2021,0,155
"Tropicana Field",2021,0,158
"Chase Field",2021,0,208
"Wrigley Field",2021,0,177
"Dodger Stadium",2021,0,223
"Fenway Park",2021,0,127
"Progressive Field",2021,0,175
"Comerica Park",2021,0,214
"Minute Maid Park",2021,0,283
"Target Field",2021,0,192
"Oakland-Alameda County Coliseum",2021,0,171
"Safeco Field",2021,0,166
"Chase Field",2021,0,204
"Wrigley Field",2021,0,193
"Dodger Stadium",2021,0,218
"Citi Field",2021,0,207
"PNC Park",2021,0,153
"PNC Park",2021,0,123
"Nationals Park",2021,0,126
"Nationals Park",2021,0,180
"Fenway Park",2021,0,197
"Guaranteed Rate Field;U.S. Cellular Field",2021,0,164
"Guaranteed Rate Field;U.S. Cellular Field",2021,0,132
"Comerica Park",2021,0,174
"Minute Maid Park",2021,0,308
"Target Field",2021,0,184
"Oakland-Alameda County Coliseum",2021,0,177
"Safeco Field",2021,0,163
"Tropicana Field",2021,0,186
"Chase Field",2021,0,179
"Wrigley Field",2021,0,207
"Dodger Stadium",2021,0,187
"PNC Park",2021,0,216
"Nationals Park",2021,0,181
"Guaranteed Rate Field;U.S. Cellular Field",2021,0,161
"Progressive Field",2021,0,125
"Progressive Field",2021,0,128
"Comerica Park",2021,0,186
"Minute Maid Park",2021,0,167
"Target Field",2021,0,199
"Oakland-Alameda County Coliseum",2021,0,200
"Safeco Field",2021,0,180
"Tropicana Field",2021,0,192
"Chase Field",2021,0,178
"Truist Park",2021,0,185
"Wrigley Field",2021,0,173
"Great American Ballpark",2021,0,173
"Dodger Stadium",2021,0,197
"Miller Park",2021,0,189
"Oracle Park",2021,0,178
"Oriole Park at Camden Yards",2021,0,173
"Progressive Field",2021,0,165
"Progressive Field",2021,0,141
"Minute Maid Park",2021,0,195
"Kauffman Stadium",2021,0,189
"Yankee Stadium II",2021,0,163
"Safeco Field",2021,0,211
"Chase Field",2021,0,207
"Truist Park",2021,0,234
"Wrigley Field",2021,0,172
"Great American Ballpark",2021,0,216
"Coors Field",2021,0,201
"Dodger Stadium",2021,0,213
"Miller Park",2021,0,217
"Oracle Park",2021,0,172
"Oriole Park at Camden Yards",2021,0,201
"Progressive Field",2021,0,180
"Minute Maid Park",2021,0,203
"Kauffman Stadium",2021,0,208
"Yankee Stadium II",2021,0,225
"Safeco Field",2021,0,213
"Sahlen Field",2021,0,165
"Chase Field",2021,0,192
"Truist Park",2021,0,204
"Wrigley Field",2021,0,196
"Coors Field",2021,0,169
"Dodger Stadium",2021,0,196
"Oriole Park at Camden Yards",2021,0,174
"Minute Maid Park",2021,0,177
"Yankee Stadium II",2021,0,218
"Safeco Field",2021,0,157
"Sahlen Field",2021,0,221
"Truist Park",2021,0,167
"Coors Field",2021,0,181
"Miller Park",2021,0,189
"PNC Park",2021,0,181
"Petco Park",2021,0,215
"Oracle Park",2021,0,185
"Busch Stadium III",2021,0,187
"Angel Stadium of Anaheim",2021,0,206
"Guaranteed Rate Field;U.S. Cellular Field",2021,0,149
"Minute Maid Park",2021,0,187
"Kauffman Stadium",2021,0,182
"Yankee Stadium II",2021,0,178
"Truist Park",2021,0,225
"Coors Field",2021,0,223
"Miller Park",2021,0,160
"Citizens Bank Park",2021,0,176
"PNC Park",2021,0,202
"Petco Park",2021,0,187
"Oracle Park",2021,0,194
"Busch Stadium III",2021,0,206
"Angel Stadium of Anaheim",2021,0,162
"Oriole Park at Camden Yards",2021,0,170
"Guaranteed Rate Field;U.S. Cellular Field",2021,0,207
"Kauffman Stadium",2021,0,196
"Yankee Stadium II",2021,0,169
"Globe Life Field in Arlington",2021,0,167
"Sahlen Field",2021,0,178
"Truist Park",2021,0,196
"Coors Field",2021,0,166
"Miller Park",2021,0,192
"Citizens Bank Park",2021,0,191
"PNC Park",2021,0,260
"Petco Park",2021,0,205
"Oracle Park",2021,0,184
"Busch Stadium III",2021,0,186
"Angel Stadium of Anaheim",2021,0,180
"Oriole Park at Camden Yards",2021,0,208
"Guaranteed Rate Field;U.S. Cellular Field",2021,0,185
"Kauffman Stadium",2021,0,157
"Yankee Stadium II",2021,0,194
"Globe Life Field in Arlington",2021,0,163
"Sahlen Field",2021,0,170
"Truist Park",2021,0,201
"Coors Field",2021,0,179
"Miller Park",2021,0,184
"Citizens Bank Park",2021,0,246
"PNC Park",2021,0,160
"Petco Park",2021,0,197
"Oracle Park",2021,0,181
"Busch Stadium III",2021,0,230
"Angel Stadium of Anaheim",2021,0,237
"Oriole Park at Camden Yards",2021,0,190
"Guaranteed Rate Field;U.S. Cellular Field",2021,0,156
"Kauffman Stadium",2021,0,179
"Yankee Stadium II",2021,0,229
"Globe Life Field in Arlington",2021,0,225
"Sahlen Field",2021,0,212
"Petco Park",2021,0,222
"Angel Stadium of Anaheim",2021,0,182
"Fenway Park",2021,0,218
"Great American Ballpark",2021,0,219
"Marlins Park",2021,0,165
"Citizens Bank Park",2021,0,225
"PNC Park",2021,0,175
"Petco Park",2021,0,171
"Busch Stadium III",2021,0,190
"Angel Stadium of Anaheim",2021,0,178
"Oriole Park at Camden Yards",2021,0,194
"Fenway Park",2021,0,208
"Guaranteed Rate Field;U.S. Cellular Field",2021,0,214
"Comerica Park",2021,0,189
"Target Field",2021,0,212
"Oakland-Alameda County Coliseum",2021,0,164
"Tropicana Field",2021,0,201
"Globe Life Field in Arlington",2021,0,208
"Great American Ballpark",2021,0,197
"Marlins Park",2021,0,233
"Citizens Bank Park",2021,0,171
"PNC Park",2021,0,212
"Petco Park",2021,0,178
"Busch Stadium III",2021,0,179
"Angel Stadium of Anaheim",2021,0,173
"Oriole Park at Camden Yards",2021,0,163
"Fenway Park",2021,0,187
"Guaranteed Rate Field;U.S. Cellular Field",2021,0,206
"Comerica Park",2021,0,223
"Target Field",2021,0,188
"Oakland-Alameda County Coliseum",2021,0,179
"Tropicana Field",2021,0,259
"Globe Life Field in Arlington",2021,0,208
"Great American Ballpark",2021,0,196
"Marlins Park",2021,0,183
"Citizens Bank Park",2021,0,210
"PNC Park",2021,0,170
"Fenway Park",2021,0,227
"Guaranteed Rate Field;U.S. Cellular Field",2021,0,163
"Comerica Park",2021,0,201
"Target Field",2021,0,211
"Oakland-Alameda County Coliseum",2021,0,161
"Chase Field",2021,0,249
"Wrigley Field",2021,0,184
"Great American Ballpark",2021,0,189
"Dodger Stadium",2021,0,185
"Marlins Park",2021,0,203
"Miller Park",2021,0,202
"Citi Field",2021,0,180
"Nationals Park",2021,0,150
"Fenway Park",2021,0,211
"Progressive Field",2021,0,176
"Comerica Park",2021,0,192
"Target Field",2021,0,178
"Oakland-Alameda County Coliseum",2021,0,180
"Tropicana Field",2021,0,174
"Chase Field",2021,0,203
"Wrigley Field",2021,0,199
"Great American Ballpark",2021,0,182
"Dodger Stadium",2021,0,215
"Marlins Park",2021,0,167
"Miller Park",2021,0,214
"Citi Field",2021,0,163
"Citizens Bank Park",2021,0,242
"Nationals Park",2021,0,130
"Nationals Park",2021,0,185
"Fenway Park",2021,0,189
"Progressive Field",2021,0,221
"Comerica Park",2021,0,227
"Target Field",2021,0,200
"Oakland-Alameda County Coliseum",2021,0,198
"Tropicana Field",2021,0,180
"Chase Field",2021,0,185
"Wrigley Field",2021,0,154
"Great American Ballpark",2021,0,191
"Dodger Stadium",2021,0,195
"Marlins Park",2021,0,225
"Miller Park",2021,0,189
"Citi Field",2021,0,204
"Citizens Bank Park",2021,0,177
"Nationals Park",2021,0,169
"Fenway Park",2021,0,174
"Progressive Field",2021,0,197
"Comerica Park",2021,0,167
"Target Field",2021,0,191
"Oakland-Alameda County Coliseum",2021,0,188
"Tropicana Field",2021,0,168
"Coors Field",2021,0,157
"Dodger Stadium",2021,0,189
"Miller Park",2021,0,198
"Citi Field",2021,0,190
"Oracle Park",2021,0,179
"Busch Stadium III",2021,0,182
"Nationals Park",2021,0,175
"Fenway Park",2021,0,162
"Guaranteed Rate Field;U.S. Cellular Field",2021,0,166
"Progressive Field",2021,0,166
"Kauffman Stadium",2021,0,212
"Oakland-Alameda County Coliseum",2021,0,203
"Safeco Field",2021,0,190
"Truist Park",2021,0,212
"Coors Field",2021,0,206
"Dodger Stadium",2021,0,203
"Miller Park",2021,0,195
"Citi Field",2021,0,185
"Oracle Park",2021,0,183
"Busch Stadium III",2021,0,174
"Nationals Park",2021,0,162
"Guaranteed Rate Field;U.S. Cellular Field",2021,0,162
"Progressive Field",2021,0,201
"Minute Maid Park",2021,0,214
"Kauffman Stadium",2021,0,169
"Oakland-Alameda County Coliseum",2021,0,174
"Safeco Field",2021,0,173
"Sahlen Field",2021,0,211
"Truist Park",2021,0,250
"Coors Field",2021,0,207
"Dodger Stadium",2021,0,195
"Miller Park",2021,0,176
"Citi Field",2021,0,181
"Oracle Park",2021,0,216
"Busch Stadium III",2021,0,160
"Nationals Park",2021,0,179
"Guaranteed Rate Field;U.S. Cellular Field",2021,0,204
"Progressive Field",2021,0,185
"Minute Maid Park",2021,0,181
"Kauffman Stadium",2021,0,197
"Oakland-Alameda County Coliseum",2021,0,176
"Safeco Field",2021,0,174
"Sahlen Field",2021,0,181
"Truist Park",2021,0,174
"Coors Field",2021,0,209
"Citi Field",2021,0,168
"Petco Park",2021,0,187
"Oracle Park",2021,0,174
"Angel Stadium of Anaheim",2021,0,179
"Progressive Field",2021,0,183
"Minute Maid Park",2021,0,165
"Safeco Field",2021,0,188
"Sahlen Field",2021,0,223
"Chase Field",2021,0,189
"Truist Park",2021,0,171
"Wrigley Field",2021,0,201
"Coors Field",2021,0,210
"PNC Park",2021,0,187
"Petco Park",2021,0,213
"Oracle Park",2021,0,182
"Nationals Park",2021,0,184
"Angel Stadium of Anaheim",2021,0,212
"Oriole Park at Camden Yards",2021,0,190
"Minute Maid Park",2021,0,166
"Kauffman Stadium",2021,0,200
"Yankee Stadium II",2021,0,183
"Safeco Field",2021,0,168
"Globe Life Field in Arlington",2021,0,224
"Chase Field",2021,0,186
"Wrigley Field",2021,0,187
"Coors Field",2021,0,220
"PNC Park",2021,0,194
"Petco Park",2021,0,204
"Oracle Park",2021,0,227
"Nationals Park",2021,0,167
"Nationals Park",2021,0,146
"Angel Stadium of Anaheim",2021,0,182
"Oriole Park at Camden Yards",2021,0,190
"Minute Maid Park",2021,0,190
"Kauffman Stadium",2021,0,179
"Yankee Stadium II",2021,0,194
"Safeco Field",2021,0,182
"Globe Life Field in Arlington",2021,0,162
"Chase Field",2021,0,219
"Truist Park",2021,0,136
"Truist Park",2021,0,118
"Wrigley Field",2021,0,172
"Coors Field",2021,0,215
"PNC Park",2021,0,151
"Petco Park",2021,0,180
"Oracle Park",2021,0,171
"Nationals Park",2021,0,169
"Angel Stadium of Anaheim",2021,0,243
"Oriole Park at Camden Yards",2021,0,185
"Minute Maid Park",2021,0,198
"Kauffman Stadium",2021,0,215
"Yankee Stadium II",2021,0,181
"Safeco Field",2021,0,188
"Globe Life Field in Arlington",2021,0,187
"Chase Field",2021,0,175
"Wrigley Field",2021,0,192
"Citi Field",2021,0,132
"Citi Field",2021,0,153
"Petco Park",2021,0,218
"Oriole Park at Camden Yards",2021,0,220
"Target Field",2021,0,314
"Globe Life Field in Arlington",2021,0,192
"Chase Field",2021,0,193
"Wrigley Field",2021,0,171
"Marlins Park",2021,0,154
"Citi Field",2021,0,182
"Citizens Bank Park",2021,0,232
"PNC Park",2021,0,170
"Petco Park",2021,0,189
"Angel Stadium of Anaheim",2021,0,173
"Oriole Park at Camden Yards",2021,0,175
"Comerica Park",2021,0,193
"Target Field",2021,0,209
"Yankee Stadium II",2021,0,218
"Safeco Field",2021,0,159
"Tropicana Field",2021,0,261
"Globe Life Field in Arlington",2021,0,200
"Chase Field",2021,0,208
"Marlins Park",2021,0,198
"Citi Field",2021,0,222
"Citizens Bank Park",2021,0,259
"PNC Park",2021,0,217
"Petco Park",2021,0,210
"Angel Stadium of Anaheim",2021,0,291
"Oriole Park at Camden Yards",2021,0,166
"Comerica Park",2021,0,192
"Yankee Stadium II",2021,0,220
"Safeco Field",2021,0,180
"Tropicana Field",2021,0,211
"Globe Life Field in Arlington",2021,0,163
"Great American Ballpark",2021,0,192
"Dodger Stadium",2021,0,192
"Marlins Park",2021,0,194
"Busch Stadium III",2021,0,190
"Comerica Park",2021,0,232
"Target Field",2021,0,178
"Yankee Stadium II",2021,0,183
"Tropicana Field",2021,0,182
"Globe Life Field in Arlington",2021,0,183
"Sahlen Field",2021,0,181
"Great American Ballpark",2021,0,183
"Dodger Stadium",2021,0,222
"Marlins Park",2021,0,201
"Miller Park",2021,0,261
"Citi Field",2021,0,183
"Citi Field",2021,0,152
"Petco Park",2021,0,211
"Oracle Park",2021,0,143
"Busch Stadium III",2021,0,226
"Fenway Park",2021,0,217
"Guaranteed Rate Field;U.S. Cellular Field",2021,0,211
"Target Field",2021,0,166
"Tropicana Field",2021,0,173
"Globe Life Field in Arlington",2021,0,171
"Sahlen Field",2021,0,216
"Great American Ballpark",2021,0,155
"Dodger Stadium",2021,0,192
"Marlins Park",2021,0,164
"Miller Park",2021,0,220
"Citi Field",2021,0,185
"Petco Park",2021,0,215
"Oracle Park",2021,0,245
"Busch Stadium III",2021,0,176
"Fenway Park",2021,0,202
"Guaranteed Rate Field;U.S. Cellular Field",2021,0,197
"Comerica Park",2021,0,126
"Comerica Park",2021,0,141
"Tropicana Field",2021,0,172
"Globe Life Field in Arlington",2021,0,207
"Sahlen Field",2021,0,171
"Great American Ballpark",2021,0,195
"Dodger Stadium",2021,0,162
"Marlins Park",2021,0,186
"Miller Park",2021,0,189
"Citi Field",2021,0,201
"Petco Park",2021,0,207
"Oracle Park",2021,0,177
"Busch Stadium III",2021,0,173
"Fenway Park",2021,0,189
"Guaranteed Rate Field;U.S. Cellular Field",2021,0,173
"Comerica Park",2021,0,209
"Target Field",2021,0,178
"Tropicana Field",2021,0,206
"Globe Life Field in Arlington",2021,0,169
"Sahlen Field",2021,0,195
"Great American Ballpark",2021,0,198
"Coors Field",2021,0,182
"Dodger Stadium",2021,0,190
"Miller Park",2021,0,223
"Busch Stadium III",2021,0,213
"Nationals Park",2021,0,183
"Fenway Park",2021,0,182
"Progressive Field",2021,0,178
"Minute Maid Park",2021,0,259
"Yankee Stadium II",2021,0,186
"Truist Park",2021,0,195
"Great American Ballpark",2021,0,230
"Coors Field",2021,0,138
"Dodger Stadium",2021,0,180
"Miller Park",2021,0,220
"Citizens Bank Park",2021,0,205
"Busch Stadium III",2021,0,191
"Nationals Park",2021,0,154
"Fenway Park",2021,0,211
"Guaranteed Rate Field;U.S. Cellular Field",2021,0,200
"Minute Maid Park",2021,0,233
"Yankee Stadium II",2021,0,211
"Oakland-Alameda County Coliseum",2021,0,161
"Sahlen Field",2021,0,188
"Truist Park",2021,0,201
"Great American Ballpark",2021,0,123
"Coors Field",2021,0,207
"Miller Park",2021,0,227
"Citizens Bank Park",2021,0,246
"Busch Stadium III",2021,0,200
"Nationals Park",2021,0,217
"Fenway Park",2021,0,175
"Guaranteed Rate Field;U.S. Cellular Field",2021,0,184
"Progressive Field",2021,0,175
"Progressive Field",2021,0,147
"Minute Maid Park",2021,0,214
"Yankee Stadium II",2021,0,224
"Oakland-Alameda County Coliseum",2021,0,154
"Sahlen Field",2021,0,252
"Chase Field",2021,0,157
"Truist Park",2021,0,185
"Great American Ballpark",2021,0,232
"Coors Field",2021,0,167
"PNC Park",2021,0,217
"Nationals Park",2021,0,116
"Fenway Park",2021,0,188
"Guaranteed Rate Field;U.S. Cellular Field",2021,0,229
"Progressive Field",2021,0,184
"Oakland-Alameda County Coliseum",2021,0,172
"Sahlen Field",2021,0,203
"Chase Field",2021,0,220
"Truist Park",2021,0,204
"Great American Ballpark",2021,0,192
"Coors Field",2021,0,230
"Citizens Bank Park",2021,0,189
"PNC Park",2021,0,172
"Nationals Park",2021,0,196
"Angel Stadium of Anaheim",2021,0,206
"Progressive Field",2021,0,209
"Comerica Park",2021,0,211
"Kauffman Stadium",2021,0,198
"Oakland-Alameda County Coliseum",2021,0,184
"Safeco Field",2021,0,259
"Sahlen Field",2021,0,179
"Chase Field",2021,0,227
"Truist Park",2021,0,194
"Great American Ballpark",2021,0,178
"Coors Field",2021,0,203
"Citizens Bank Park",2021,0,170
"PNC Park",2021,0,225
"Nationals Park",2021,0,201
"Angel Stadium of Anaheim",2021,0,172
"Progressive Field",2021,0,204
"Comerica Park",2021,0,187
"Kauffman Stadium",2021,0,177
"Yankee Stadium II",2021,0,220
"Oakland-Alameda County Coliseum",2021,0,264
"Safeco Field",2021,0,192
"Sahlen Field",2021,0,165
"Chase Field",2021,0,163
"Truist Park",2021,0,248
"Great American Ballpark",2021,0,179
"Coors Field",2021,0,196
"Citizens Bank Park",2021,0,225
"PNC Park",2021,0,161
"Nationals Park",2021,0,217
"Angel Stadium of Anaheim",2021,0,184
"Progressive Field",2021,0,196
"Comerica Park",2021,0,205
"Kauffman Stadium",2021,0,191
"Yankee Stadium II",2021,0,196
"Yankee Stadium II",2021,0,134
"Oakland-Alameda County Coliseum",2021,0,172
"Safeco Field",2021,0,142
"Sahlen Field",2021,0,173
"Wrigley Field",2021,0,213
"Marlins Park",2021,0,228
"Citi Field",2021,0,178
"PNC Park",2021,0,211
"Petco Park",2021,0,224
"Oracle Park",2021,0,184
"Angel Stadium of Anaheim",2021,0,226
"Kauffman Stadium",2021,0,180
"Target Field",2021,0,218
"Tropicana Field",2021,0,219
"Globe Life Field in Arlington",2021,0,175
"Chase Field",2021,0,197
"Wrigley Field",2021,0,225
"Marlins Park",2021,0,274
"PNC Park",2021,0,200
"Petco Park",2021,0,205
"Oracle Park",2021,0,208
"Angel Stadium of Anaheim",2021,0,174
"Oriole Park at Camden Yards",2021,0,183
"Minute Maid Park",2021,0,195
"Kauffman Stadium",2021,0,212
"Target Field",2021,0,177
"Safeco Field",2021,0,217
"Globe Life Field in Arlington",2021,0,170
"Chase Field",2021,0,182
"Wrigley Field",2021,0,174
"Marlins Park",2021,0,226
"Citi Field",2021,0,165
"Citi Field",2021,0,146
"PNC Park",2021,0,248
"Petco Park",2021,0,212
"Oracle Park",2021,0,187
"Angel Stadium of Anaheim",2021,0,175
"Oriole Park at Camden Yards",2021,0,203
"Minute Maid Park",2021,0,178
"Kauffman Stadium",2021,0,189
"Target Field",2021,0,189
"Safeco Field",2021,0,182
"Tropicana Field",2021,0,133
"Tropicana Field",2021,0,124
"Globe Life Field in Arlington",2021,0,191
"Chase Field",2021,0,203
"Wrigley Field",2021,0,195
"Marlins Park",2021,0,185
"Miller Park",2021,0,196
"Petco Park",2021,0,220
"Progressive Field",2021,0,190
"Minute Maid Park",2021,0,172
"Target Field",2021,0,143
"Safeco Field",2021,0,147
"Wrigley Field",2021,0,237
"Dodger Stadium",2021,0,214
"Marlins Park",2021,0,181
"Miller Park",2021,0,170
"Citi Field",2021,0,207
"Petco Park",2021,0,180
"Oracle Park",2021,0,177
"Oriole Park at Camden Yards",2021,0,210
"Fenway Park",2021,0,224
"Progressive Field",2021,0,146
"Minute Maid Park",2021,0,194
"Target Field",2021,0,177
"Safeco Field",2021,0,211
"Tropicana Field",2021,0,211
"Globe Life Field in Arlington",2021,0,183
"Wrigley Field",2021,0,212
"Dodger Stadium",2021,0,199
"Marlins Park",2021,0,217
"Miller Park",2021,0,198
"Citi Field",2021,0,142
"Citi Field",2021,0,174
"Petco Park",2021,0,186
"Oracle Park",2021,0,207
"Oriole Park at Camden Yards",2021,0,204
"Fenway Park",2021,0,207
"Progressive Field",2021,0,200
"Minute Maid Park",2021,0,180
"Target Field",2021,0,206
"Safeco Field",2021,0,170
"Tropicana Field",2021,0,199
"Globe Life Field in Arlington",2021,0,235
"Dodger Stadium",2021,0,220
"Marlins Park",2021,0,185
"Miller Park",2021,0,228
"Citi Field",2021,0,207
"Petco Park",2021,0,193
"Oracle Park",2021,0,173
"Oriole Park at Camden Yards",2021,0,227
"Fenway Park",2021,0,215
"Minute Maid Park",2021,0,218
"Target Field",2021,0,249
"Safeco Field",2021,0,212
"Tropicana Field",2021,0,152
"Globe Life Field in Arlington",2021,0,159
"Chase Field",2021,0,189
"Truist Park",2021,0,226
"Great American Ballpark",2021,0,209
"Coors Field",2021,0,197
"Citizens Bank Park",2021,0,155
"Citizens Bank Park",2021,0,141
"PNC Park",2021,0,210
"Busch Stadium III",2021,0,202
"Nationals Park",2021,0,255
"Angel Stadium of Anaheim",2021,0,187
"Guaranteed Rate Field;U.S. Cellular Field",2021,0,187
"Kauffman Stadium",2021,0,181
"Yankee Stadium II",2021,0,183
"Oakland-Alameda County Coliseum",2021,0,178
"Sahlen Field",2021,0,178
"Chase Field",2021,0,195
"Truist Park",2021,0,153
"Great American Ballpark",2021,0,277
"Coors Field",2021,0,176
"Citizens Bank Park",2021,0,210
"PNC Park",2021,0,229
"Busch Stadium III",2021,0,156
"Nationals Park",2021,0,217
"Angel Stadium of Anaheim",2021,0,200
"Guaranteed Rate Field;U.S. Cellular Field",2021,0,171
"Comerica Park",2021,0,115
"Comerica Park",2021,0,176
"Kauffman Stadium",2021,0,183
"Yankee Stadium II",2021,0,163
"Oakland-Alameda County Coliseum",2021,0,191
"Chase Field",2021,0,189
"Truist Park",2021,0,191
"Great American Ballpark",2021,0,201
"Coors Field",2021,0,212
"Citizens Bank Park",2021,0,208
"PNC Park",2021,0,229
"Busch Stadium III",2021,0,182
"Nationals Park",2021,0,220
"Angel Stadium of Anaheim",2021,0,200
"Guaranteed Rate Field;U.S. Cellular Field",2021,0,148
"Comerica Park",2021,0,150
"Kauffman Stadium",2021,0,186
"Yankee Stadium II",2021,0,224
"Oakland-Alameda County Coliseum",2021,0,175
"Sahlen Field",2021,0,108
"Sahlen Field",2021,0,111
"Chase Field",2021,0,205
"Great American Ballpark",2021,0,285
"Dodger Stadium",2021,0,225
"Busch Stadium III",2021,0,180
"Nationals Park",2021,0,173
"Guaranteed Rate Field;U.S. Cellular Field",2021,0,165
"Guaranteed Rate Field;U.S. Cellular Field",2021,0,114
"Comerica Park",2021,0,205
"Minute Maid Park",2021,0,205
"Oakland-Alameda County Coliseum",2021,0,171
"Tropicana Field",2021,0,189
"Sahlen Field",2021,0,212
"Chase Field",2021,0,191
"Truist Park",2021,0,170
"Great American Ballpark",2021,0,193
"Coors Field",2021,0,196
"Dodger Stadium",2021,0,202
"Miller Park",2021,0,191
"Busch Stadium III",2021,0,223
"Nationals Park",2021,0,176
"Guaranteed Rate Field;U.S. Cellular Field",2021,0,214
"Comerica Park",2021,0,153
"Minute Maid Park",2021,0,193
"Yankee Stadium II",2021,0,226
"Oakland-Alameda County Coliseum",2021,0,181
"Tropicana Field",2021,0,180
"Chase Field",2021,0,204
"Truist Park",2021,0,156
"Truist Park",2021,0,126
"Great American Ballpark",2021,0,179
"Coors Field",2021,0,155
"Dodger Stadium",2021,0,178
"Miller Park",2021,0,186
"Busch Stadium III",2021,0,249
"Nationals Park",2021,0,202
"Guaranteed Rate Field;U.S. Cellular Field",2021,0,195
"Comerica Park",2021,0,147
"Minute Maid Park",2021,0,187
"Yankee Stadium II",2021,0,257
"Tropicana Field",2021,0,171
"Sahlen Field",2021,0,174
"Dodger Stadium",2021,0,187
"Marlins Park",2021,0,238
"Citizens Bank Park",2021,0,189
"Busch Stadium III",2021,0,169
"Fenway Park",2021,0,228
"Progressive Field",2021,0,219
"Comerica Park",2021,0,182
"Target Field",2021,0,158
"Safeco Field",2021,0,203
"Wrigley Field",2021,0,191
"Great American Ballpark",2021,0,223
"Dodger Stadium",2021,0,246
"Marlins Park",2021,0,205
"Miller Park",2021,0,180
"Citi Field",2021,0,153
"Citizens Bank Park",2021,0,190
"Oracle Park",2021,0,208
"Oriole Park at Camden Yards",2021,0,167
"Fenway Park",2021,0,206
"Progressive Field",2021,0,185
"Minute Maid Park",2021,0,195
"Kauffman Stadium",2021,0,170
"Target Field",2021,0,187
"Safeco Field",2021,0,197
"Wrigley Field",2021,0,195
"Great American Ballpark",2021,0,175
"Dodger Stadium",2021,0,158
"Marlins Park",2021,0,178
"Miller Park",2021,0,190
"Citi Field",2021,0,213
"Citizens Bank Park",2021,0,211
"Oracle Park",2021,0,207
"Oriole Park at Camden Yards",2021,0,161
"Fenway Park",2021,0,182
"Progressive Field",2021,0,179
"Minute Maid Park",2021,0,190
"Kauffman Stadium",2021,0,203
"Target Field",2021,0,154
"Safeco Field",2021,0,206
"Wrigley Field",2021,0,193
"Great American Ballpark",2021,0,244
"Dodger Stadium",2021,0,199
"Marlins Park",2021,0,184
"Miller Park",2021,0,193
"Citi Field",2021,0,198
"Citizens Bank Park",2021,0,150
"Oracle Park",2021,0,174
"Oriole Park at Camden Yards",2021,0,198
"Fenway Park",2021,0,170
"Progressive Field",2021,0,166
"Minute Maid Park",2021,0,179
"Kauffman Stadium",2021,0,142
"Target Field",2021,0,162
"Safeco Field",2021,0,187
"Wrigley Field",2021,0,240
"Citi Field",2021,0,132
"Citi Field",2021,0,131
"Citizens Bank Park",2021,0,217
"Angel Stadium of Anaheim",2021,0,196
"Fenway Park",2021,0,197
"Kauffman Stadium",2021,0,156
"Target Field",2021,0,226
"Safeco Field",2021,0,234
"Wrigley Field",2021,0,192
"Citi Field",2021,0,190
"Citizens Bank Park",2021,0,194
"PNC Park",2021,0,174
"Petco Park",2021,0,188
"Oracle Park",2021,0,169
"Angel Stadium of Anaheim",2021,0,233
"Oriole Park at Camden Yards",2021,0,186
"Progressive Field",2021,0,171
"Kauffman Stadium",2021,0,155
"Target Field",2021,0,232
"Safeco Field",2021,0,206
"Tropicana Field",2021,0,218
"Globe Life Field in Arlington",2021,0,188
"Wrigley Field",2021,0,217
"Citi Field",2021,0,181
"PNC Park",2021,0,181
"Petco Park",2021,0,208
"Oracle Park",2021,0,190
"Angel Stadium of Anaheim",2021,0,218
"Oriole Park at Camden Yards",2021,0,212
"Fenway Park",2021,0,156
"Fenway Park",2021,0,147
"Progressive Field",2021,0,188
"Kauffman Stadium",2021,0,186
"Target Field",2021,0,243
"Safeco Field",2021,0,254
"Tropicana Field",2021,0,205
"Globe Life Field in Arlington",2021,0,162
"Wrigley Field",2021,0,192
"Citi Field",2021,0,173
"Citizens Bank Park",2021,0,126
"Citizens Bank Park",2021,0,198
"PNC Park",2021,0,187
"Petco Park",2021,0,173
"Oracle Park",2021,0,165
"Angel Stadium of Anaheim",2021,0,194
"Fenway Park",2021,0,204
"Comerica Park",2021,0,155
"Kauffman Stadium",2021,0,166
"Tropicana Field",2021,0,179
"Chase Field",2021,0,273
"Truist Park",2021,0,217
"Marlins Park",2021,0,197
"Citi Field",2021,0,182
"PNC Park",2021,0,213
"Petco Park",2021,0,197
"Oracle Park",2021,0,238
"Busch Stadium III",2021,0,165
"Nationals Park",2021,0,167
"Angel Stadium of Anaheim",2021,0,198
"Guaranteed Rate Field;U.S. Cellular Field",2021,0,222
"Comerica Park",2021,0,172
"Tropicana Field",2021,0,191
"Globe Life Field in Arlington",2021,0,197
"Rogers Centre",2021,0,170
"Chase Field",2021,0,213
"Truist Park",2021,0,207
"Marlins Park",2021,0,205
"Citi Field",2021,0,202
"PNC Park",2021,0,179
"Petco Park",2021,0,193
"Oracle Park",2021,0,191
"Busch Stadium III",2021,0,178
"Nationals Park",2021,0,196
"Angel Stadium of Anaheim",2021,0,163
"Guaranteed Rate Field;U.S. Cellular Field",2021,0,217
"Comerica Park",2021,0,179
"Tropicana Field",2021,0,214
"Globe Life Field in Arlington",2021,0,199
"Rogers Centre",2021,0,139
"Chase Field",2021,0,193
"Truist Park",2021,0,158
"Marlins Park",2021,0,184
"Citi Field",2021,0,186
"PNC Park",2021,0,224
"Petco Park",2021,0,182
"Oracle Park",2021,0,181
"Busch Stadium III",2021,0,181
"Nationals Park",2021,0,200
"Angel Stadium of Anaheim",2021,0,188
"Guaranteed Rate Field;U.S. Cellular Field",2021,0,165
"Comerica Park",2021,0,176
"Tropicana Field",2021,0,171
"Globe Life Field in Arlington",2021,0,185
"Rogers Centre",2021,0,176
"Chase Field",2021,0,244
"Marlins Park",2021,0,191
"Miller Park",2021,0,210
"Nationals Park",2021,0,196
"Yankee Stadium II",2021,0,192
"Tropicana Field",2021,0,200
"Globe Life Field in Arlington",2021,0,149
"Rogers Centre",2021,0,194
"Chase Field",2021,0,190
"Great American Ballpark",2021,0,217
"Coors Field",2021,0,184
"Dodger Stadium",2021,0,203
"Marlins Park",2021,0,163
"Miller Park",2021,0,246
"Busch Stadium III",2021,0,159
"Nationals Park",2021,0,155
"Guaranteed Rate Field;U.S. Cellular Field",2021,0,164
"Comerica Park",2021,0,204
"Yankee Stadium II",2021,0,184
"Oakland-Alameda County Coliseum",2021,0,200
"Tropicana Field",2021,0,192
"Globe Life Field in Arlington",2021,0,203
"Rogers Centre",2021,0,166
"Chase Field",2021,0,211
"Great American Ballpark",2021,0,195
"Coors Field",2021,0,184
"Dodger Stadium",2021,0,190
"Marlins Park",2021,0,213
"Miller Park",2021,0,196
"Busch Stadium III",2021,0,208
"Nationals Park",2021,0,190
"Guaranteed Rate Field;U.S. Cellular Field",2021,0,194
"Comerica Park",2021,0,200
"Yankee Stadium II",2021,0,176
"Oakland-Alameda County Coliseum",2021,0,203
"Tropicana Field",2021,0,159
"Globe Life Field in Arlington",2021,0,173
"Rogers Centre",2021,0,196
"Chase Field",2021,0,220
"Great American Ballpark",2021,0,197
"Coors Field",2021,0,190
"Marlins Park",2021,0,218
"Busch Stadium III",2021,0,210
"Nationals Park",2021,0,223
"Guaranteed Rate Field;U.S. Cellular Field",2021,0,178
"Comerica Park",2021,0,194
"Minute Maid Park",2021,0,194
"Yankee Stadium II",2021,0,193
"Globe Life Field in Arlington",2021,0,179
"Rogers Centre",2021,0,145
"Truist Park",2021,0,191
"Wrigley Field",2021,0,267
"Great American Ballpark",2021,0,161
"Coors Field",2021,0,171
"Dodger Stadium",2021,0,241
"Miller Park",2021,0,188
"Citizens Bank Park",2021,0,196
"Petco Park",2021,0,189
"Busch Stadium III",2021,0,169
"Oriole Park at Camden Yards",2021,0,227
"Progressive Field",2021,0,191
"Minute Maid Park",2021,0,234
"Yankee Stadium II",2021,0,256
"Oakland-Alameda County Coliseum",2021,0,210
"Rogers Centre",2021,0,214
"Truist Park",2021,0,181
"Wrigley Field",2021,0,190
"Great American Ballpark",2021,0,195
"Coors Field",2021,0,197
"Dodger Stadium",2021,0,185
"Miller Park",2021,0,266
"Citizens Bank Park",2021,0,215
"Petco Park",2021,0,198
"Busch Stadium III",2021,0,187
"Oriole Park at Camden Yards",2021,0,182
"Progressive Field",2021,0,159
"Minute Maid Park",2021,0,175
"Yankee Stadium II",2021,0,191
"Oakland-Alameda County Coliseum",2021,0,184
"Rogers Centre",2021,0,115
"Rogers Centre",2021,0,179
"Truist Park",2021,0,162
"Wrigley Field",2021,0,186
"Great American Ballpark",2021,0,172
"Coors Field",2021,0,186
"Dodger Stadium",2021,0,178
"Miller Park",2021,0,169
"Citizens Bank Park",2021,0,140
"Petco Park",2021,0,163
"Busch Stadium III",2021,0,223
"Oriole Park at Camden Yards",2021,0,212
"Progressive Field",2021,0,182
"Minute Maid Park",2021,0,247
"Yankee Stadium II",2021,0,228
"Oakland-Alameda County Coliseum",2021,0,180
"Rogers Centre",2021,0,244
"Petco Park",2021,0,186
"Progressive Field",2021,0,189
"Kauffman Stadium",2021,0,292
"Target Field",2021,0,168
"Truist Park",2021,0,182
"Wrigley Field",2021,0,158
"Wrigley Field",2021,0,175
"Citi Field",2021,0,217
"Citizens Bank Park",2021,0,215
"PNC Park",2021,0,171
"Petco Park",2021,0,204
"Oracle Park",2021,0,190
"Angel Stadium of Anaheim",2021,0,163
"Angel Stadium of Anaheim",2021,0,143
"Oriole Park at Camden Yards",2021,0,193
"Fenway Park",2021,0,208
"Progressive Field",2021,0,222
"Minute Maid Park",2021,0,208
"Kauffman Stadium",2021,0,183
"Target Field",2021,0,163
"Safeco Field",2021,0,208
"Truist Park",2021,0,238
"Wrigley Field",2021,0,178
"Citizens Bank Park",2021,0,230
"PNC Park",2021,0,172
"Petco Park",2021,0,187
"Oracle Park",2021,0,194
"Angel Stadium of Anaheim",2021,0,183
"Oriole Park at Camden Yards",2021,0,181
"Fenway Park",2021,0,197
"Progressive Field",2021,0,194
"Minute Maid Park",2021,0,184
"Kauffman Stadium",2021,0,202
"Target Field",2021,0,168
"Safeco Field",2021,0,192
"Chase Field",2021,0,222
"Truist Park",2021,0,192
"Wrigley Field",2021,0,240
"Citi Field",2021,0,148
"Citi Field",2021,0,166
"Citizens Bank Park",2021,0,190
"PNC Park",2021,0,219
"Oracle Park",2021,0,164
"Angel Stadium of Anaheim",2021,0,188
"Oriole Park at Camden Yards",2021,0,180
"Fenway Park",2021,0,179
"Field of Dreams",2021,0,209
"Progressive Field",2021,0,207
"Safeco Field",2021,0,128
"Chase Field",2021,0,186
"Marlins Park",2021,0,254
"Citi Field",2021,0,258
"Citizens Bank Park",2021,0,178
"Oracle Park",2021,0,193
"Nationals Park",2021,0,182
"Angel Stadium of Anaheim",2021,0,171
"Fenway Park",2021,0,185
"Comerica Park",2021,0,177
"Kauffman Stadium",2021,0,188
"Target Field",2021,0,194
"Safeco Field",2021,0,180
"Globe Life Field in Arlington",2021,0,182
"Chase Field",2021,0,151
"Marlins Park",2021,0,183
"Citi Field",2021,0,201
"Citizens Bank Park",2021,0,158
"PNC Park",2021,0,163
"PNC Park",2021,0,154
"Oracle Park",2021,0,187
"Nationals Park",2021,0,197
"Angel Stadium of Anaheim",2021,0,215
"Fenway Park",2021,0,192
"Guaranteed Rate Field;U.S. Cellular Field",2021,0,260
"Comerica Park",2021,0,207
"Kauffman Stadium",2021,0,205
"Target Field",2021,0,171
"Safeco Field",2021,0,212
"Globe Life Field in Arlington",2021,0,175
"Chase Field",2021,0,199
"Marlins Park",2021,0,201
"Citi Field",2021,0,228
"Citizens Bank Park",2021,0,234
"PNC Park",2021,0,189
"Oracle Park",2021,0,173
"Nationals Park",2021,0,199
"Angel Stadium of Anaheim",2021,0,182
"Fenway Park",2021,0,187
"Guaranteed Rate Field;U.S. Cellular Field",2021,0,228
"Comerica Park",2021,0,171
"Kauffman Stadium",2021,0,184
"Target Field",2021,0,201
"Safeco Field",2021,0,185
"Globe Life Field in Arlington",2021,0,159
"Great American Ballpark",2021,0,217
"Coors Field",2021,0,152
"Dodger Stadium",2021,0,170
"Marlins Park",2021,0,208
"Oracle Park",2021,0,203
"Guaranteed Rate Field;U.S. Cellular Field",2021,0,196
"Kauffman Stadium",2021,0,186
"Target Field",2021,0,223
"Yankee Stadium II",2021,0,169
"Tropicana Field",2021,0,173
"Chase Field",2021,0,169
"Great American Ballpark",2021,0,165
"Coors Field",2021,0,177
"Dodger Stadium",2021,0,209
"Marlins Park",2021,0,153
"Oracle Park",2021,0,147
"Busch Stadium III",2021,0,195
"Nationals Park",2021,0,205
"Guaranteed Rate Field;U.S. Cellular Field",2021,0,166
"Comerica Park",2021,0,210
"Kauffman Stadium",2021,0,165
"Target Field",2021,0,181
"Yankee Stadium II",2021,0,176
"Yankee Stadium II",2021,0,151
"Tropicana Field",2021,0,175
"Globe Life Field in Arlington",2021,0,176
"Chase Field",2021,0,177
"Great American Ballpark",2021,0,181
"Coors Field",2021,0,190
"Dodger Stadium",2021,0,154
"Marlins Park",2021,0,229
"Oracle Park",2021,0,242
"Busch Stadium III",2021,0,243
"Nationals Park",2021,0,199
"Guaranteed Rate Field;U.S. Cellular Field",2021,0,200
"Comerica Park",2021,0,145
"Kauffman Stadium",2021,0,169
"Target Field",2021,0,256
"Yankee Stadium II",2021,0,221
"Tropicana Field",2021,0,189
"Globe Life Field in Arlington",2021,0,180
"Chase Field",2021,0,168
"Great American Ballpark",2021,0,163
"Dodger Stadium",2021,0,166
"Busch Stadium III",2021,0,201
"Guaranteed Rate Field;U.S. Cellular Field",2021,0,177
"Comerica Park",2021,0,238
"Kauffman Stadium",2021,0,228
"Yankee Stadium II",2021,0,174
"Tropicana Field",2021,0,169
"Globe Life Field in Arlington",2021,0,242
"Wrigley Field",2021,0,175
"Great American Ballpark",2021,0,155
"Coors Field",2021,0,196
"Dodger Stadium",2021,0,159
"Miller Park",2021,0,189
"Petco Park",2021,0,218
"Busch Stadium III",2021,0,174
"Oriole Park at Camden Yards",2021,0,149
"Fenway Park",2021,0,193
"Progressive Field",2021,0,182
"Minute Maid Park",2021,0,185
"Yankee Stadium II",2021,0,182
"Oakland-Alameda County Coliseum",2021,0,186
"Tropicana Field",2021,0,229
"Rogers Centre",2021,0,186
"Wrigley Field",2021,0,182
"Great American Ballpark",2021,0,172
"Coors Field",2021,0,184
"Dodger Stadium",2021,0,196
"Miller Park",2021,0,258
"Petco Park",2021,0,223
"Busch Stadium III",2021,0,205
"Oriole Park at Camden Yards",2021,0,181
"Fenway Park",2021,0,205
"Progressive Field",2021,0,170
"Minute Maid Park",2021,0,202
"Yankee Stadium II",2021,0,184
"Oakland-Alameda County Coliseum",2021,0,213
"Tropicana Field",2021,0,147
"Rogers Centre",2021,0,137
"Wrigley Field",2021,0,205
"Great American Ballpark",2021,0,163
"Coors Field",2021,0,230
"Dodger Stadium",2021,0,197
"Miller Park",2021,0,233
"Petco Park",2021,0,200
"Busch Stadium III",2021,0,175
"Oriole Park at Camden Yards",2021,0,175
"BB&T Ballpark at Bowman Field",2021,0,167
"Minute Maid Park",2021,0,238
"Oakland-Alameda County Coliseum",2021,0,190
"Tropicana Field",2021,0,185
"Rogers Centre",2021,0,239
"Truist Park",2021,0,178
"Wrigley Field",2021,0,178
"PNC Park",2021,0,220
"Fenway Park",2021,0,224
"Minute Maid Park",2021,0,215
"Oakland-Alameda County Coliseum",2021,0,187
"Rogers Centre",2021,0,164
"Truist Park",2021,0,215
"Marlins Park",2021,0,196
"Miller Park",2021,0,226
"Citi Field",2021,0,196
"Citizens Bank Park",2021,0,177
"PNC Park",2021,0,166
"Petco Park",2021,0,203
"Busch Stadium III",2021,0,193
"Oriole Park at Camden Yards",2021,0,230
"Fenway Park",2021,0,249
"Progressive Field",2021,0,194
"Minute Maid Park",2021,0,201
"Oakland-Alameda County Coliseum",2021,0,189
"Rogers Centre",2021,0,192
"Wrigley Field",2021,0,129
"Wrigley Field",2021,0,258
"Marlins Park",2021,0,202
"Miller Park",2021,0,188
"Citi Field",2021,0,172
"Citizens Bank Park",2021,0,168
"PNC Park",2021,0,198
"Petco Park",2021,0,349
"Busch Stadium III",2021,0,200
"Oriole Park at Camden Yards",2021,0,202
"Fenway Park",2021,0,247
"Progressive Field",2021,0,176
"Minute Maid Park",2021,0,225
"Rogers Centre",2021,0,186
"Marlins Park",2021,0,205
"Miller Park",2021,0,180
"Citi Field",2021,0,187
"Citizens Bank Park",2021,0,234
"PNC Park",2021,0,187
"Petco Park",2021,0,181
"Oriole Park at Camden Yards",2021,0,187
"Fenway Park",2021,0,213
"Progressive Field",2021,0,192
"Oakland-Alameda County Coliseum",2021,0,223
"Safeco Field",2021,0,206
"Rogers Centre",2021,0,194
"Truist Park",2021,0,174
"Dodger Stadium",2021,0,190
"Marlins Park",2021,0,148
"Citi Field",2021,0,183
"Citizens Bank Park",2021,0,252
"PNC Park",2021,0,198
"Angel Stadium of Anaheim",2021,0,162
"Oriole Park at Camden Yards",2021,0,145
"Guaranteed Rate Field;U.S. Cellular Field",2021,0,249
"Progressive Field",2021,0,178
"Comerica Park",2021,0,152
"Target Field",2021,0,202
"Oakland-Alameda County Coliseum",2021,0,207
"Safeco Field",2021,0,280
"Globe Life Field in Arlington",2021,0,195
"Truist Park",2021,0,173
"Dodger Stadium",2021,0,222
"Marlins Park",2021,0,180
"Citi Field",2021,0,182
"Citizens Bank Park",2021,0,177
"PNC Park",2021,0,225
"Angel Stadium of Anaheim",2021,0,215
"Oriole Park at Camden Yards",2021,0,170
"Guaranteed Rate Field;U.S. Cellular Field",2021,0,165
"Progressive Field",2021,0,239
"Comerica Park",2021,0,219
"Target Field",2021,0,167
"Oakland-Alameda County Coliseum",2021,0,165
"Safeco Field",2021,0,193
"Globe Life Field in Arlington",2021,0,168
"Truist Park",2021,0,195
"Dodger Stadium",2021,0,201
"Marlins Park",2021,0,156
"Citi Field",2021,0,206
"Citizens Bank Park",2021,0,205
"PNC Park",2021,0,180
"Oriole Park at Camden Yards",2021,0,189
"Guaranteed Rate Field;U.S. Cellular Field",2021,0,180
"Progressive Field",2021,0,202
"Comerica Park",2021,0,174
"Target Field",2021,0,172
"Oakland-Alameda County Coliseum",2021,0,192
"Safeco Field",2021,0,171
"Globe Life Field in Arlington",2021,0,192
"Chase Field",2021,0,215
"Great American Ballpark",2021,0,167
"Dodger Stadium",2021,0,180
"Oracle Park",2021,0,195
"Nationals Park",2021,0,217
"Angel Stadium of Anaheim",2021,0,190
"Comerica Park",2021,0,162
"Safeco Field",2021,0,215
"Tropicana Field",2021,0,200
"Globe Life Field in Arlington",2021,0,169
"Rogers Centre",2021,0,175
"Chase Field",2021,0,185
"Dodger Stadium",2021,0,175
"Citi Field",2021,0,125
"Oracle Park",2021,0,190
"Nationals Park",2021,0,230
"Angel Stadium of Anaheim",2021,0,192
"Guaranteed Rate Field;U.S. Cellular Field",2021,0,177
"Comerica Park",2021,0,178
"Kauffman Stadium",2021,0,174
"Target Field",2021,0,214
"Safeco Field",2021,0,193
"Tropicana Field",2021,0,188
"Globe Life Field in Arlington",2021,0,196
"Rogers Centre",2021,0,175
"Chase Field",2021,0,196
"Great American Ballpark",2021,0,140
"Great American Ballpark",2021,0,168
"Dodger Stadium",2021,0,180
"Oracle Park",2021,0,225
"Angel Stadium of Anaheim",2021,0,170
"Guaranteed Rate Field;U.S. Cellular Field",2021,0,179
"Comerica Park",2021,0,193
"Kauffman Stadium",2021,0,216
"Target Field",2021,0,148
"Safeco Field",2021,0,197
"Tropicana Field",2021,0,193
"Globe Life Field in Arlington",2021,0,241
"Rogers Centre",2021,0,185
"Wrigley Field",2021,0,235
"Coors Field",2021,0,171
"Citi Field",2021,0,179
"Oracle Park",2021,0,151
"Nationals Park",2021,0,232
"Comerica Park",2021,0,216
"Kauffman Stadium",2021,0,176
"Tropicana Field",2021,0,175
"Chase Field",2021,0,211
"Wrigley Field",2021,0,182
"Great American Ballpark",2021,0,240
"Coors Field",2021,0,151
"Marlins Park",2021,0,188
"Miller Park",2021,0,204
"Petco Park",2021,0,217
"Oracle Park",2021,0,272
"Nationals Park",2021,0,229
"Angel Stadium of Anaheim",2021,0,202
"Fenway Park",2021,0,189
"Kauffman Stadium",2021,0,197
"Yankee Stadium II",2021,0,228
"Tropicana Field",2021,0,145
"Rogers Centre",2021,0,186
"Chase Field",2021,0,190
"Wrigley Field",2021,0,222
"Great American Ballpark",2021,0,198
"Coors Field",2021,0,190
"Marlins Park",2021,0,186
"Miller Park",2021,0,146
"Petco Park",2021,0,201
"Oracle Park",2021,0,208
"Nationals Park",2021,0,245
"Nationals Park",2021,0,137
"Angel Stadium of Anaheim",2021,0,141
"Fenway Park",2021,0,189
"Kauffman Stadium",2021,0,216
"Yankee Stadium II",2021,0,234
"Tropicana Field",2021,0,189
"Rogers Centre",2021,0,193
"Chase Field",2021,0,229
"Wrigley Field",2021,0,252
"Great American Ballpark",2021,0,174
"Coors Field",2021,0,158
"Marlins Park",2021,0,220
"Miller Park",2021,0,248
"Petco Park",2021,0,178
"Oracle Park",2021,0,202
"Nationals Park",2021,0,215
"Angel Stadium of Anaheim",2021,0,195
"Fenway Park",2021,0,239
"Kauffman Stadium",2021,0,174
"Yankee Stadium II",2021,0,241
"Tropicana Field",2021,0,212
"Rogers Centre",2021,0,182
"Wrigley Field",2021,0,165
"Coors Field",2021,0,207
"Miller Park",2021,0,201
"PNC Park",2021,0,166
"Busch Stadium III",2021,0,157
"Nationals Park",2021,0,205
"Angel Stadium of Anaheim",2021,0,157
"Oriole Park at Camden Yards",2021,0,182
"Fenway Park",2021,0,294
"Progressive Field",2021,0,172
"Minute Maid Park",2021,0,203
"Yankee Stadium II",2021,0,165
"Chase Field",2021,0,167
"Truist Park",2021,0,194
"Wrigley Field",2021,0,169
"Coors Field",2021,0,182
"Marlins Park",2021,0,239
"Miller Park",2021,0,185
"PNC Park",2021,0,196
"Petco Park",2021,0,173
"Busch Stadium III",2021,0,186
"Oriole Park at Camden Yards",2021,0,167
"Fenway Park",2021,0,177
"Progressive Field",2021,0,219
"Minute Maid Park",2021,0,209
"Yankee Stadium II",2021,0,176
"Oakland-Alameda County Coliseum",2021,0,200
"Chase Field",2021,0,215
"Truist Park",2021,0,215
"Wrigley Field",2021,0,169
"Coors Field",2021,0,215
"Marlins Park",2021,0,186
"Miller Park",2021,0,209
"PNC Park",2021,0,171
"Petco Park",2021,0,211
"Busch Stadium III",2021,0,155
"Oriole Park at Camden Yards",2021,0,212
"Fenway Park",2021,0,166
"Progressive Field",2021,0,143
"Minute Maid Park",2021,0,226
"Yankee Stadium II",2021,0,234
"Oakland-Alameda County Coliseum",2021,0,170
"Truist Park",2021,0,227
"Marlins Park",2021,0,179
"Citizens Bank Park",2021,0,180
"Busch Stadium III",2021,0,176
"Oriole Park at Camden Yards",2021,0,164
"Progressive Field",2021,0,166
"Yankee Stadium II",2021,0,210
"Oakland-Alameda County Coliseum",2021,0,161
"Truist Park",2021,0,204
"Wrigley Field",2021,0,184
"Dodger Stadium",2021,0,173
"Citi Field",2021,0,203
"Citizens Bank Park",2021,0,219
"PNC Park",2021,0,172
"Busch Stadium III",2021,0,163
"Oriole Park at Camden Yards",2021,0,214
"Guaranteed Rate Field;U.S. Cellular Field",2021,0,228
"Progressive Field",2021,0,204
"Comerica Park",2021,0,206
"Minute Maid Park",2021,0,217
"Target Field",2021,0,217
"Oakland-Alameda County Coliseum",2021,0,205
"Safeco Field",2021,0,158
"Truist Park",2021,0,203
"Wrigley Field",2021,0,227
"Dodger Stadium",2021,0,182
"Citi Field",2021,0,238
"Citizens Bank Park",2021,0,197
"PNC Park",2021,0,233
"Busch Stadium III",2021,0,164
"Oriole Park at Camden Yards",2021,0,191
"Oriole Park at Camden Yards",2021,0,148
"Guaranteed Rate Field;U.S. Cellular Field",2021,0,252
"Progressive Field",2021,0,159
"Comerica Park",2021,0,169
"Minute Maid Park",2021,0,222
"Target Field",2021,0,193
"Oakland-Alameda County Coliseum",2021,0,166
"Safeco Field",2021,0,177
"Truist Park",2021,0,197
"Wrigley Field",2021,0,182
"Dodger Stadium",2021,0,165
"Citi Field",2021,0,246
"Citizens Bank Park",2021,0,207
"PNC Park",2021,0,186
"Busch Stadium III",2021,0,155
"Oriole Park at Camden Yards",2021,0,206
"Guaranteed Rate Field;U.S. Cellular Field",2021,0,177
"Progressive Field",2021,0,179
"Comerica Park",2021,0,228
"Minute Maid Park",2021,0,199
"Target Field",2021,0,211
"Oakland-Alameda County Coliseum",2021,0,184
"Safeco Field",2021,0,183
"Dodger Stadium",2021,0,195
"Citi Field",2021,0,221
"Oracle Park",2021,0,171
"Nationals Park",2021,0,156
"Yankee Stadium II",2021,0,211
"Safeco Field",2021,0,191
"Globe Life Field in Arlington",2021,0,233
"Rogers Centre",2021,0,173
"Truist Park",2021,0,192
"Dodger Stadium",2021,0,194
"Citi Field",2021,0,274
"Citizens Bank Park",2021,0,204
"PNC Park",2021,0,180
"Oracle Park",2021,0,197
"Nationals Park",2021,0,201
"Oriole Park at Camden Yards",2021,0,208
"Guaranteed Rate Field;U.S. Cellular Field",2021,0,201
"Comerica Park",2021,0,196
"Kauffman Stadium",2021,0,239
"Target Field",2021,0,126
"Target Field",2021,0,137
"Safeco Field",2021,0,239
"Globe Life Field in Arlington",2021,0,165
"Rogers Centre",2021,0,140
"Truist Park",2021,0,256
"Dodger Stadium",2021,0,206
"Citi Field",2021,0,214
"Citizens Bank Park",2021,0,192
"PNC Park",2021,0,183
"Oracle Park",2021,0,246
"Nationals Park",2021,0,233
"Oriole Park at Camden Yards",2021,0,198
"Guaranteed Rate Field;U.S. Cellular Field",2021,0,192
"Comerica Park",2021,0,166
"Kauffman Stadium",2021,0,242
"Target Field",2021,0,169
"Safeco Field",2021,0,238
"Globe Life Field in Arlington",2021,0,176
"Rogers Centre",2021,0,149
"Citizens Bank Park",2021,0,238
"PNC Park",2021,0,185
"Oracle Park",2021,0,219
"Oriole Park at Camden Yards",2021,0,244
"Guaranteed Rate Field;U.S. Cellular Field",2021,0,196
"Kauffman Stadium",2021,0,208
"Tropicana Field",2021,0,158
"Globe Life Field in Arlington",2021,0,208
"Great American Ballpark",2021,0,154
"Marlins Park",2021,0,184
"Miller Park",2021,0,225
"Citi Field",2021,0,232
"Oracle Park",2021,0,195
"Busch Stadium III",2021,0,193
"Nationals Park",2021,0,244
"Angel Stadium of Anaheim",2021,0,199
"Fenway Park",2021,0,207
"Minute Maid Park",2021,0,220
"Kauffman Stadium",2021,0,215
"Yankee Stadium II",2021,0,170
"Tropicana Field",2021,0,197
"Globe Life Field in Arlington",2021,0,207
"Rogers Centre",2021,0,182
"Great American Ballpark",2021,0,185
"Marlins Park",2021,0,210
"Miller Park",2021,0,215
"Citi Field",2021,0,215
"Oracle Park",2021,0,160
"Busch Stadium III",2021,0,179
"Nationals Park",2021,0,186
"Angel Stadium of Anaheim",2021,0,186
"Fenway Park",2021,0,189
"Minute Maid Park",2021,0,224
"Kauffman Stadium",2021,0,207
"Yankee Stadium II",2021,0,206
"Tropicana Field",2021,0,170
"Globe Life Field in Arlington",2021,0,195
"Rogers Centre",2021,0,178
"Great American Ballpark",2021,0,189
"Marlins Park",2021,0,216
"Miller Park",2021,0,226
"Citi Field",2021,0,214
"Oracle Park",2021,0,171
"Busch Stadium III",2021,0,196
"Nationals Park",2021,0,181
"Angel Stadium of Anaheim",2021,0,201
"Fenway Park",2021,0,175
"Minute Maid Park",2021,0,197
"Kauffman Stadium",2021,0,184
"Yankee Stadium II",2021,0,205
"Tropicana Field",2021,0,164
"Globe Life Field in Arlington",2021,0,186
"Rogers Centre",2021,0,178
"Chase Field",2021,0,209
"Great American Ballpark",2021,0,205
"Marlins Park",2021,0,235
"Miller Park",2021,0,163
"Citizens Bank Park",2021,0,169
"Angel Stadium of Anaheim",2021,0,192
"Progressive Field",2021,0,128
"Progressive Field",2021,0,157
"Comerica Park",2021,0,176
"Yankee Stadium II",2021,0,201
"Oakland-Alameda County Coliseum",2021,0,167
"Tropicana Field",2021,0,203
"Chase Field",2021,0,187
"Wrigley Field",2021,0,245
"Great American Ballpark",2021,0,216
"Coors Field",2021,0,210
"Marlins Park",2021,0,182
"Miller Park",2021,0,204
"Citizens Bank Park",2021,0,220
"Petco Park",2021,0,225
"Angel Stadium of Anaheim",2021,0,188
"Fenway Park",2021,0,218
"Progressive Field",2021,0,155
"Comerica Park",2021,0,207
"Yankee Stadium II",2021,0,180
"Oakland-Alameda County Coliseum",2021,0,179
"Tropicana Field",2021,0,199
"Chase Field",2021,0,180
"Wrigley Field",2021,0,182
"Coors Field",2021,0,205
"Marlins Park",2021,0,197
"Miller Park",2021,0,177
"Citizens Bank Park",2021,0,199
"Petco Park",2021,0,236
"Angel Stadium of Anaheim",2021,0,258
"Fenway Park",2021,0,222
"Yankee Stadium II",2021,0,201
"Oakland-Alameda County Coliseum",2021,0,178
"Tropicana Field",2021,0,200
"Chase Field",2021,0,176
"Great American Ballpark",2021,0,189
"Coors Field",2021,0,241
"Miller Park",2021,0,211
"Citizens Bank Park",2021,0,201
"Petco Park",2021,0,250
"Angel Stadium of Anaheim",2021,0,198
"Oriole Park at Camden Yards",2021,0,166
"Progressive Field",2021,0,166
"Progressive Field",2021,0,154
"Target Field",2021,0,214
"Oakland-Alameda County Coliseum",2021,0,196
"Chase Field",2021,0,179
"Wrigley Field",2021,0,159
"Wrigley Field",2021,0,161
"Great American Ballpark",2021,0,264
"Coors Field",2021,0,186
"Miller Park",2021,0,176
"Citizens Bank Park",2021,0,219
"Petco Park",2021,0,148
"Angel Stadium of Anaheim",2021,0,220
"Oriole Park at Camden Yards",2021,0,213
"Fenway Park",2021,0,211
"Progressive Field",2021,0,168
"Comerica Park",2021,0,187
"Target Field",2021,0,158
"Oakland-Alameda County Coliseum",2021,0,226
"Tropicana Field",2021,0,179
"Chase Field",2021,0,187
"Wrigley Field",2021,0,198
"Great American Ballpark",2021,0,221
"Coors Field",2021,0,216
"Miller Park",2021,0,196
"Citizens Bank Park",2021,0,153
"Petco Park",2021,0,247
"Angel Stadium of Anaheim",2021,0,187
"Oriole Park at Camden Yards",2021,0,174
"Fenway Park",2021,0,213
"Progressive Field",2021,0,160
"Comerica Park",2021,0,180
"Target Field",2021,0,198
"Oakland-Alameda County Coliseum",2021,0,169
"Tropicana Field",2021,0,179
"Chase Field",2021,0,208
"Wrigley Field",2021,0,216
"Great American Ballpark",2021,0,223
"Coors Field",2021,0,211
"Miller Park",2021,0,204
"Citizens Bank Park",2021,0,211
"Petco Park",2021,0,228
"Angel Stadium of Anaheim",2021,0,189
"Oriole Park at Camden Yards",2021,0,191
"Fenway Park",2021,0,222
"Progressive Field",2021,0,218
"Comerica Park",2021,0,198
"Target Field",2021,0,207
"Oakland-Alameda County Coliseum",2021,0,217
"Tropicana Field",2021,0,174
"Great American Ballpark",2021,0,191
"Coors Field",2021,0,225
"Progressive Field",2021,0,164
"Comerica Park",2021,0,224
"Safeco Field",2021,0,200
"Truist Park",2021,0,166
"Coors Field",2021,0,180
"Dodger Stadium",2021,0,184
"Citi Field",2021,0,142
"Citi Field",2021,0,179
"PNC Park",2021,0,184
"Oracle Park",2021,0,222
"Busch Stadium III",2021,0,174
"Oriole Park at Camden Yards",2021,0,157
"Guaranteed Rate Field;U.S. Cellular Field",2021,0,169
"Minute Maid Park",2021,0,179
"Kauffman Stadium",2021,0,204
"Target Field",2021,0,183
"Safeco Field",2021,0,188
"Globe Life Field in Arlington",2021,0,179
"Rogers Centre",2021,0,216
"Truist Park",2021,0,185
"Coors Field",2021,0,237
"Dodger Stadium",2021,0,214
"Citi Field",2021,0,159
"PNC Park",2021,0,224
"Oracle Park",2021,0,172
"Busch Stadium III",2021,0,168
"Oriole Park at Camden Yards",2021,0,182
"Guaranteed Rate Field;U.S. Cellular Field",2021,0,161
"Minute Maid Park",2021,0,184
"Kauffman Stadium",2021,0,196
"Target Field",2021,0,185
"Safeco Field",2021,0,186
"Globe Life Field in Arlington",2021,0,200
"Rogers Centre",2021,0,172
"Truist Park",2021,0,173
"Dodger Stadium",2021,0,175
"Citi Field",2021,0,205
"PNC Park",2021,0,169
"Oracle Park",2021,0,208
"Busch Stadium III",2021,0,161
"Oriole Park at Camden Yards",2021,0,160
"Minute Maid Park",2021,0,180
"Kauffman Stadium",2021,0,184
"Target Field",2021,0,213
"Globe Life Field in Arlington",2021,0,198
"Rogers Centre",2021,0,209
"Chase Field",2021,0,202
"Truist Park",2021,0,182
"Dodger Stadium",2021,0,218
"Marlins Park",2021,0,181
"PNC Park",2021,0,201
"Oracle Park",2021,0,170
"Busch Stadium III",2021,0,205
"Nationals Park",2021,0,205
"Guaranteed Rate Field;U.S. Cellular Field",2021,0,205
"Minute Maid Park",2021,0,234
"Kauffman Stadium",2021,0,210
"Yankee Stadium II",2021,0,205
"Safeco Field",2021,0,193
"Globe Life Field in Arlington",2021,0,186
"Rogers Centre",2021,0,175
"Chase Field",2021,0,197
"Truist Park",2021,0,193
"Dodger Stadium",2021,0,173
"Marlins Park",2021,0,172
"PNC Park",2021,0,222
"Oracle Park",2021,0,221
"Busch Stadium III",2021,0,205
"Nationals Park",2021,0,233
"Guaranteed Rate Field;U.S. Cellular Field",2021,0,185
"Minute Maid Park",2021,0,228
"Kauffman Stadium",2021,0,172
"Yankee Stadium II",2021,0,206
"Safeco Field",2021,0,217
"Globe Life Field in Arlington",2021,0,170
"Rogers Centre",2021,0,167
"Chase Field",2021,0,201
"Truist Park",2021,0,146
"Dodger Stadium",2021,0,200
"Marlins Park",2021,0,166
"PNC Park",2021,0,179
"Oracle Park",2021,0,176
"Busch Stadium III",2021,0,131
"Nationals Park",2021,0,226
"Guaranteed Rate Field;U.S. Cellular Field",2021,0,196
"Minute Maid Park",2021,0,172
"Kauffman Stadium",2021,0,190
"Yankee Stadium II",2021,0,183
"Safeco Field",2021,0,236
"Globe Life Field in Arlington",2021,0,174
"Rogers Centre",2021,0,202
